symbol,timeframe,strategy_name,n_total,n_failed,n_overfit,n_robust,mean_is_pf,mean_oos_pf,mean_oos_dd,median_trades
AAVEUSDT,5m,rsi_ob_os,0,0,0,0,,,,
AAVEUSDT,5m,stochastic,0,0,0,0,,,,
AAVEUSDT,5m,macd_crossover,0,0,0,0,,,,
AAVEUSDT,5m,bollinger_bounce,0,0,0,0,,,,
AAVEUSDT,5m,ema_crossover,0,0,0,0,,,,
AAVEUSDT,5m,atr_breakout,0,0,0,0,,,,
AAVEUSDT,5m,price_channel,0,0,0,0,,,,
AAVEUSDT,5m,golden_cross,0,0,0,0,,,,
AAVEUSDT,5m,volume_spike,0,0,0,0,,,,
AAVEUSDT,5m,rsi_divergence,0,0,0,0,,,,
AAVEUSDT,5m,bullish_engulfing,0,0,0,0,,,,
AAVEUSDT,5m,bearish_engulfing,0,0,0,0,,,,
AAVEUSDT,15m,ema_crossover,0,0,0,0,,,,
AAVEUSDT,15m,rsi_ob_os,0,0,0,0,,,,
AAVEUSDT,15m,macd_crossover,0,0,0,0,,,,
AAVEUSDT,15m,bollinger_bounce,0,0,0,0,,,,
AAVEUSDT,15m,stochastic,0,0,0,0,,,,
AAVEUSDT,15m,atr_breakout,0,0,0,0,,,,
AAVEUSDT,15m,price_channel,0,0,0,0,,,,
AAVEUSDT,15m,volume_spike,0,0,0,0,,,,
AAVEUSDT,15m,golden_cross,0,0,0,0,,,,
AAVEUSDT,15m,bullish_engulfing,0,0,0,0,,,,
AAVEUSDT,15m,rsi_divergence,0,0,0,0,,,,
AAVEUSDT,15m,bearish_engulfing,0,0,0,0,,,,
AAVEUSDT,30m,ema_crossover,0,0,0,0,,,,
AAVEUSDT,30m,macd_crossover,0,0,0,0,,,,
AAVEUSDT,30m,rsi_ob_os,0,0,0,0,,,,
AAVEUSDT,30m,stochastic,0,0,0,0,,,,
AAVEUSDT,30m,atr_breakout,0,0,0,0,,,,
AAVEUSDT,30m,bollinger_bounce,0,0,0,0,,,,
AAVEUSDT,30m,price_channel,0,0,0,0,,,,
AAVEUSDT,30m,volume_spike,0,0,0,0,,,,
AAVEUSDT,30m,golden_cross,0,0,0,0,,,,
AAVEUSDT,30m,rsi_divergence,0,0,0,0,,,,
AAVEUSDT,30m,bullish_engulfing,0,0,0,0,,,,
AAVEUSDT,30m,bearish_engulfing,0,0,0,0,,,,
AAVEUSDT,1h,ema_crossover,0,0,0,0,,,,
AAVEUSDT,1h,macd_crossover,0,0,0,0,,,,
AAVEUSDT,1h,rsi_ob_os,0,0,0,0,,,,
AAVEUSDT,1h,stochastic,0,0,0,0,,,,
AAVEUSDT,1h,atr_breakout,0,0,0,0,,,,
AAVEUSDT,1h,bollinger_bounce,0,0,0,0,,,,
AAVEUSDT,1h,price_channel,0,0,0,0,,,,
AAVEUSDT,1h,volume_spike,0,0,0,0,,,,
AAVEUSDT,1h,golden_cross,0,0,0,0,,,,
AAVEUSDT,1h,rsi_divergence,0,0,0,0,,,,
AAVEUSDT,1h,bullish_engulfing,0,0,0,0,,,,
AAVEUSDT,1h,bearish_engulfing,0,0,0,0,,,,
AAVEUSDT,4h,ema_crossover,0,0,0,0,,,,
AAVEUSDT,4h,macd_crossover,0,0,0,0,,,,
AAVEUSDT,4h,rsi_ob_os,0,0,0,0,,,,
AAVEUSDT,4h,stochastic,0,0,0,0,,,,
AAVEUSDT,4h,atr_breakout,0,0,0,0,,,,
AAVEUSDT,4h,bollinger_bounce,0,0,0,0,,,,
AAVEUSDT,4h,price_channel,0,0,0,0,,,,
AAVEUSDT,4h,volume_spike,0,0,0,0,,,,
AAVEUSDT,4h,golden_cross,0,0,0,0,,,,
AAVEUSDT,4h,bearish_engulfing,0,0,0,0,,,,
AAVEUSDT,1d,ema_crossover,0,0,0,0,,,,
AAVEUSDT,4h,rsi_divergence,0,0,0,0,,,,
AAVEUSDT,4h,bullish_engulfing,1,1,0,0,1.36,0.73,19.08,11
AAVEUSDT,1d,rsi_ob_os,0,0,0,0,,,,
AAVEUSDT,1d,stochastic,0,0,0,0,,,,
AAVEUSDT,1d,bollinger_bounce,0,0,0,0,,,,
AAVEUSDT,1d,macd_crossover,0,0,0,0,,,,
AAVEUSDT,1d,price_channel,0,0,0,0,,,,
AAVEUSDT,1d,volume_spike,0,0,0,0,,,,
AAVEUSDT,1d,golden_cross,0,0,0,0,,,,
AAVEUSDT,1d,rsi_divergence,0,0,0,0,,,,
AAVEUSDT,1d,atr_breakout,0,0,0,0,,,,
AAVEUSDT,1d,bullish_engulfing,0,0,0,0,,,,
AAVEUSDT,1d,bearish_engulfing,0,0,0,0,,,,
ADAUSDT,5m,rsi_ob_os,0,0,0,0,,,,
ADAUSDT,5m,stochastic,0,0,0,0,,,,
ADAUSDT,5m,ema_crossover,0,0,0,0,,,,
ADAUSDT,5m,macd_crossover,0,0,0,0,,,,
ADAUSDT,5m,bollinger_bounce,0,0,0,0,,,,
ADAUSDT,5m,price_channel,0,0,0,0,,,,
ADAUSDT,5m,atr_breakout,0,0,0,0,,,,
ADAUSDT,5m,volume_spike,0,0,0,0,,,,
ADAUSDT,5m,golden_cross,0,0,0,0,,,,
ADAUSDT,5m,bullish_engulfing,0,0,0,0,,,,
ADAUSDT,5m,rsi_divergence,0,0,0,0,,,,
ADAUSDT,5m,bearish_engulfing,0,0,0,0,,,,
ADAUSDT,15m,ema_crossover,0,0,0,0,,,,
ADAUSDT,15m,macd_crossover,0,0,0,0,,,,
ADAUSDT,15m,stochastic,0,0,0,0,,,,
ADAUSDT,15m,rsi_ob_os,0,0,0,0,,,,
ADAUSDT,15m,atr_breakout,0,0,0,0,,,,
ADAUSDT,15m,bollinger_bounce,0,0,0,0,,,,
ADAUSDT,15m,price_channel,0,0,0,0,,,,
ADAUSDT,15m,volume_spike,0,0,0,0,,,,
ADAUSDT,15m,golden_cross,0,0,0,0,,,,
ADAUSDT,15m,rsi_divergence,0,0,0,0,,,,
ADAUSDT,15m,bullish_engulfing,0,0,0,0,,,,
ADAUSDT,15m,bearish_engulfing,0,0,0,0,,,,
ADAUSDT,30m,ema_crossover,0,0,0,0,,,,
ADAUSDT,30m,macd_crossover,0,0,0,0,,,,
ADAUSDT,30m,rsi_ob_os,0,0,0,0,,,,
ADAUSDT,30m,stochastic,0,0,0,0,,,,
ADAUSDT,30m,atr_breakout,0,0,0,0,,,,
ADAUSDT,30m,bollinger_bounce,0,0,0,0,,,,
ADAUSDT,30m,price_channel,0,0,0,0,,,,
ADAUSDT,30m,volume_spike,0,0,0,0,,,,
ADAUSDT,30m,golden_cross,0,0,0,0,,,,
ADAUSDT,30m,rsi_divergence,0,0,0,0,,,,
ADAUSDT,30m,bullish_engulfing,0,0,0,0,,,,
ADAUSDT,30m,bearish_engulfing,0,0,0,0,,,,
ADAUSDT,1h,ema_crossover,0,0,0,0,,,,
ADAUSDT,1h,macd_crossover,0,0,0,0,,,,
ADAUSDT,1h,rsi_ob_os,0,0,0,0,,,,
ADAUSDT,1h,stochastic,0,0,0,0,,,,
ADAUSDT,1h,atr_breakout,1,1,0,0,1.2,0.68,12.58,16
ADAUSDT,1h,bollinger_bounce,0,0,0,0,,,,
ADAUSDT,1h,price_channel,0,0,0,0,,,,
ADAUSDT,1h,volume_spike,0,0,0,0,,,,
ADAUSDT,1h,golden_cross,0,0,0,0,,,,
ADAUSDT,1h,rsi_divergence,0,0,0,0,,,,
ADAUSDT,1h,bullish_engulfing,0,0,0,0,,,,
ADAUSDT,1h,bearish_engulfing,0,0,0,0,,,,
ADAUSDT,4h,ema_crossover,0,0,0,0,,,,
ADAUSDT,4h,macd_crossover,0,0,0,0,,,,
ADAUSDT,4h,rsi_ob_os,0,0,0,0,,,,
ADAUSDT,4h,stochastic,0,0,0,0,,,,
ADAUSDT,4h,atr_breakout,0,0,0,0,,,,
ADAUSDT,4h,bollinger_bounce,0,0,0,0,,,,
ADAUSDT,4h,price_channel,0,0,0,0,,,,
ADAUSDT,4h,bullish_engulfing,0,0,0,0,,,,
ADAUSDT,4h,volume_spike,0,0,0,0,,,,
ADAUSDT,4h,golden_cross,0,0,0,0,,,,
ADAUSDT,4h,bearish_engulfing,0,0,0,0,,,,
ADAUSDT,4h,rsi_divergence,0,0,0,0,,,,
ADAUSDT,1d,macd_crossover,0,0,0,0,,,,
ADAUSDT,1d,rsi_ob_os,0,0,0,0,,,,
ADAUSDT,1d,stochastic,0,0,0,0,,,,
ADAUSDT,1d,ema_crossover,0,0,0,0,,,,
ADAUSDT,1d,bollinger_bounce,0,0,0,0,,,,
ADAUSDT,1d,price_channel,0,0,0,0,,,,
ADAUSDT,1d,golden_cross,0,0,0,0,,,,
ADAUSDT,1d,rsi_divergence,0,0,0,0,,,,
ADAUSDT,1d,atr_breakout,0,0,0,0,,,,
ADAUSDT,1d,bullish_engulfing,0,0,0,0,,,,
ADAUSDT,1d,bearish_engulfing,0,0,0,0,,,,
ADAUSDT,1d,volume_spike,0,0,0,0,,,,
ALGOUSDT,5m,rsi_ob_os,0,0,0,0,,,,
ALGOUSDT,5m,stochastic,0,0,0,0,,,,
ALGOUSDT,5m,ema_crossover,0,0,0,0,,,,
ALGOUSDT,5m,macd_crossover,0,0,0,0,,,,
ALGOUSDT,5m,bollinger_bounce,0,0,0,0,,,,
ALGOUSDT,5m,price_channel,0,0,0,0,,,,
ALGOUSDT,5m,atr_breakout,0,0,0,0,,,,
ALGOUSDT,5m,golden_cross,0,0,0,0,,,,
ALGOUSDT,5m,volume_spike,0,0,0,0,,,,
ALGOUSDT,5m,bullish_engulfing,0,0,0,0,,,,
ALGOUSDT,5m,rsi_divergence,0,0,0,0,,,,
ALGOUSDT,15m,ema_crossover,0,0,0,0,,,,
ALGOUSDT,5m,bearish_engulfing,0,0,0,0,,,,
ALGOUSDT,15m,rsi_ob_os,0,0,0,0,,,,
ALGOUSDT,15m,macd_crossover,0,0,0,0,,,,
ALGOUSDT,15m,stochastic,0,0,0,0,,,,
ALGOUSDT,15m,atr_breakout,0,0,0,0,,,,
ALGOUSDT,15m,bollinger_bounce,0,0,0,0,,,,
ALGOUSDT,15m,price_channel,0,0,0,0,,,,
ALGOUSDT,15m,volume_spike,0,0,0,0,,,,
ALGOUSDT,15m,golden_cross,0,0,0,0,,,,
ALGOUSDT,15m,rsi_divergence,0,0,0,0,,,,
ALGOUSDT,15m,bullish_engulfing,0,0,0,0,,,,
ALGOUSDT,15m,bearish_engulfing,0,0,0,0,,,,
ALGOUSDT,30m,ema_crossover,0,0,0,0,,,,
ALGOUSDT,30m,macd_crossover,0,0,0,0,,,,
ALGOUSDT,30m,rsi_ob_os,0,0,0,0,,,,
ALGOUSDT,30m,stochastic,0,0,0,0,,,,
ALGOUSDT,30m,atr_breakout,0,0,0,0,,,,
ALGOUSDT,30m,bollinger_bounce,0,0,0,0,,,,
ALGOUSDT,30m,price_channel,0,0,0,0,,,,
ALGOUSDT,30m,volume_spike,0,0,0,0,,,,
ALGOUSDT,30m,golden_cross,0,0,0,0,,,,
ALGOUSDT,30m,rsi_divergence,0,0,0,0,,,,
ALGOUSDT,30m,bullish_engulfing,0,0,0,0,,,,
ALGOUSDT,30m,bearish_engulfing,0,0,0,0,,,,
ALGOUSDT,1h,ema_crossover,0,0,0,0,,,,
ALGOUSDT,1h,macd_crossover,0,0,0,0,,,,
ALGOUSDT,1h,rsi_ob_os,0,0,0,0,,,,
ALGOUSDT,1h,stochastic,0,0,0,0,,,,
ALGOUSDT,1h,atr_breakout,0,0,0,0,,,,
ALGOUSDT,1h,bollinger_bounce,0,0,0,0,,,,
ALGOUSDT,1h,price_channel,0,0,0,0,,,,
ALGOUSDT,1h,volume_spike,0,0,0,0,,,,
ALGOUSDT,1h,golden_cross,0,0,0,0,,,,
ALGOUSDT,1h,rsi_divergence,0,0,0,0,,,,
ALGOUSDT,1h,bullish_engulfing,0,0,0,0,,,,
ALGOUSDT,1h,bearish_engulfing,0,0,0,0,,,,
ALGOUSDT,4h,ema_crossover,0,0,0,0,,,,
ALGOUSDT,4h,macd_crossover,0,0,0,0,,,,
ALGOUSDT,4h,stochastic,0,0,0,0,,,,
ALGOUSDT,4h,atr_breakout,0,0,0,0,,,,
ALGOUSDT,4h,bollinger_bounce,0,0,0,0,,,,
ALGOUSDT,4h,rsi_ob_os,1,0,0,1,1.21,2.08,15.05,11
ALGOUSDT,4h,price_channel,0,0,0,0,,,,
ALGOUSDT,4h,volume_spike,0,0,0,0,,,,
ALGOUSDT,4h,golden_cross,0,0,0,0,,,,
ALGOUSDT,4h,rsi_divergence,0,0,0,0,,,,
ALGOUSDT,1d,ema_crossover,0,0,0,0,,,,
ALGOUSDT,4h,bullish_engulfing,0,0,0,0,,,,
ALGOUSDT,4h,bearish_engulfing,2,2,0,0,1.685,0.43,24.245,6.0
ALGOUSDT,1d,rsi_ob_os,0,0,0,0,,,,
ALGOUSDT,1d,stochastic,0,0,0,0,,,,
ALGOUSDT,1d,atr_breakout,0,0,0,0,,,,
ALGOUSDT,1d,bollinger_bounce,0,0,0,0,,,,
ALGOUSDT,1d,price_channel,0,0,0,0,,,,
ALGOUSDT,1d,volume_spike,0,0,0,0,,,,
ALGOUSDT,1d,macd_crossover,0,0,0,0,,,,
ALGOUSDT,1d,golden_cross,0,0,0,0,,,,
ALGOUSDT,1d,rsi_divergence,0,0,0,0,,,,
ALGOUSDT,1d,bullish_engulfing,0,0,0,0,,,,
ALGOUSDT,1d,bearish_engulfing,0,0,0,0,,,,
APTUSDT,5m,rsi_ob_os,0,0,0,0,,,,
APTUSDT,5m,stochastic,0,0,0,0,,,,
APTUSDT,5m,macd_crossover,0,0,0,0,,,,
APTUSDT,5m,ema_crossover,0,0,0,0,,,,
APTUSDT,5m,bollinger_bounce,0,0,0,0,,,,
APTUSDT,5m,price_channel,0,0,0,0,,,,
APTUSDT,5m,atr_breakout,0,0,0,0,,,,
APTUSDT,5m,volume_spike,0,0,0,0,,,,
APTUSDT,5m,golden_cross,0,0,0,0,,,,
APTUSDT,5m,bullish_engulfing,0,0,0,0,,,,
APTUSDT,5m,rsi_divergence,0,0,0,0,,,,
APTUSDT,5m,bearish_engulfing,0,0,0,0,,,,
APTUSDT,15m,ema_crossover,0,0,0,0,,,,
APTUSDT,15m,rsi_ob_os,0,0,0,0,,,,
APTUSDT,15m,macd_crossover,0,0,0,0,,,,
APTUSDT,15m,stochastic,0,0,0,0,,,,
APTUSDT,15m,atr_breakout,0,0,0,0,,,,
APTUSDT,15m,bollinger_bounce,0,0,0,0,,,,
APTUSDT,15m,price_channel,0,0,0,0,,,,
APTUSDT,15m,volume_spike,0,0,0,0,,,,
APTUSDT,15m,golden_cross,0,0,0,0,,,,
APTUSDT,15m,rsi_divergence,0,0,0,0,,,,
APTUSDT,15m,bullish_engulfing,0,0,0,0,,,,
APTUSDT,15m,bearish_engulfing,0,0,0,0,,,,
APTUSDT,30m,ema_crossover,0,0,0,0,,,,
APTUSDT,30m,macd_crossover,0,0,0,0,,,,
APTUSDT,30m,rsi_ob_os,0,0,0,0,,,,
APTUSDT,30m,stochastic,0,0,0,0,,,,
APTUSDT,30m,atr_breakout,0,0,0,0,,,,
APTUSDT,30m,bollinger_bounce,0,0,0,0,,,,
APTUSDT,30m,price_channel,0,0,0,0,,,,
APTUSDT,30m,volume_spike,0,0,0,0,,,,
APTUSDT,30m,golden_cross,0,0,0,0,,,,
APTUSDT,30m,rsi_divergence,0,0,0,0,,,,
APTUSDT,30m,bullish_engulfing,0,0,0,0,,,,
APTUSDT,30m,bearish_engulfing,0,0,0,0,,,,
APTUSDT,1h,ema_crossover,0,0,0,0,,,,
APTUSDT,1h,macd_crossover,0,0,0,0,,,,
APTUSDT,1h,rsi_ob_os,0,0,0,0,,,,
APTUSDT,1h,stochastic,0,0,0,0,,,,
APTUSDT,1h,atr_breakout,0,0,0,0,,,,
APTUSDT,1h,bollinger_bounce,1,1,0,0,1.39,0.51,15.21,14
APTUSDT,1h,price_channel,0,0,0,0,,,,
APTUSDT,1h,volume_spike,0,0,0,0,,,,
APTUSDT,1h,golden_cross,0,0,0,0,,,,
APTUSDT,1h,rsi_divergence,0,0,0,0,,,,
APTUSDT,1h,bullish_engulfing,0,0,0,0,,,,
APTUSDT,1h,bearish_engulfing,0,0,0,0,,,,
APTUSDT,4h,ema_crossover,0,0,0,0,,,,
APTUSDT,4h,stochastic,0,0,0,0,,,,
APTUSDT,4h,macd_crossover,0,0,0,0,,,,
APTUSDT,4h,rsi_ob_os,0,0,0,0,,,,
APTUSDT,4h,atr_breakout,0,0,0,0,,,,
APTUSDT,4h,bollinger_bounce,0,0,0,0,,,,
APTUSDT,4h,price_channel,0,0,0,0,,,,
APTUSDT,4h,volume_spike,0,0,0,0,,,,
APTUSDT,4h,bullish_engulfing,0,0,0,0,,,,
APTUSDT,4h,bearish_engulfing,0,0,0,0,,,,
APTUSDT,4h,golden_cross,0,0,0,0,,,,
APTUSDT,1d,ema_crossover,0,0,0,0,,,,
APTUSDT,1d,macd_crossover,0,0,0,0,,,,
APTUSDT,4h,rsi_divergence,0,0,0,0,,,,
APTUSDT,1d,rsi_ob_os,0,0,0,0,,,,
APTUSDT,1d,stochastic,0,0,0,0,,,,
APTUSDT,1d,atr_breakout,0,0,0,0,,,,
APTUSDT,1d,bollinger_bounce,0,0,0,0,,,,
APTUSDT,1d,price_channel,0,0,0,0,,,,
APTUSDT,1d,volume_spike,0,0,0,0,,,,
APTUSDT,1d,golden_cross,0,0,0,0,,,,
APTUSDT,1d,rsi_divergence,0,0,0,0,,,,
APTUSDT,1d,bullish_engulfing,0,0,0,0,,,,
APTUSDT,1d,bearish_engulfing,0,0,0,0,,,,
ATOMUSDT,5m,rsi_ob_os,0,0,0,0,,,,
ATOMUSDT,5m,stochastic,0,0,0,0,,,,
ATOMUSDT,5m,ema_crossover,0,0,0,0,,,,
ATOMUSDT,5m,macd_crossover,0,0,0,0,,,,
ATOMUSDT,5m,bollinger_bounce,0,0,0,0,,,,
ATOMUSDT,5m,price_channel,0,0,0,0,,,,
ATOMUSDT,5m,atr_breakout,0,0,0,0,,,,
ATOMUSDT,5m,golden_cross,0,0,0,0,,,,
ATOMUSDT,5m,volume_spike,0,0,0,0,,,,
ATOMUSDT,5m,bullish_engulfing,0,0,0,0,,,,
ATOMUSDT,5m,rsi_divergence,0,0,0,0,,,,
ATOMUSDT,5m,bearish_engulfing,0,0,0,0,,,,
ATOMUSDT,15m,ema_crossover,0,0,0,0,,,,
ATOMUSDT,15m,rsi_ob_os,0,0,0,0,,,,
ATOMUSDT,15m,stochastic,0,0,0,0,,,,
ATOMUSDT,15m,macd_crossover,0,0,0,0,,,,
ATOMUSDT,15m,bollinger_bounce,0,0,0,0,,,,
ATOMUSDT,15m,atr_breakout,0,0,0,0,,,,
ATOMUSDT,15m,price_channel,0,0,0,0,,,,
ATOMUSDT,15m,volume_spike,0,0,0,0,,,,
ATOMUSDT,15m,golden_cross,0,0,0,0,,,,
ATOMUSDT,15m,rsi_divergence,0,0,0,0,,,,
ATOMUSDT,15m,bullish_engulfing,0,0,0,0,,,,
ATOMUSDT,15m,bearish_engulfing,0,0,0,0,,,,
ATOMUSDT,30m,ema_crossover,0,0,0,0,,,,
ATOMUSDT,30m,macd_crossover,0,0,0,0,,,,
ATOMUSDT,30m,rsi_ob_os,0,0,0,0,,,,
ATOMUSDT,30m,stochastic,0,0,0,0,,,,
ATOMUSDT,30m,atr_breakout,0,0,0,0,,,,
ATOMUSDT,30m,bollinger_bounce,0,0,0,0,,,,
ATOMUSDT,30m,price_channel,0,0,0,0,,,,
ATOMUSDT,30m,volume_spike,0,0,0,0,,,,
ATOMUSDT,30m,golden_cross,0,0,0,0,,,,
ATOMUSDT,30m,rsi_divergence,0,0,0,0,,,,
ATOMUSDT,30m,bullish_engulfing,0,0,0,0,,,,
ATOMUSDT,30m,bearish_engulfing,0,0,0,0,,,,
ATOMUSDT,1h,ema_crossover,0,0,0,0,,,,
ATOMUSDT,1h,macd_crossover,0,0,0,0,,,,
ATOMUSDT,1h,rsi_ob_os,0,0,0,0,,,,
ATOMUSDT,1h,stochastic,0,0,0,0,,,,
ATOMUSDT,1h,atr_breakout,0,0,0,0,,,,
ATOMUSDT,1h,bollinger_bounce,0,0,0,0,,,,
ATOMUSDT,1h,price_channel,0,0,0,0,,,,
ATOMUSDT,1h,volume_spike,0,0,0,0,,,,
ATOMUSDT,1h,golden_cross,0,0,0,0,,,,
ATOMUSDT,1h,rsi_divergence,0,0,0,0,,,,
ATOMUSDT,1h,bullish_engulfing,0,0,0,0,,,,
ATOMUSDT,1h,bearish_engulfing,0,0,0,0,,,,
ATOMUSDT,4h,ema_crossover,0,0,0,0,,,,
ATOMUSDT,4h,macd_crossover,0,0,0,0,,,,
ATOMUSDT,4h,rsi_ob_os,0,0,0,0,,,,
ATOMUSDT,4h,stochastic,0,0,0,0,,,,
ATOMUSDT,4h,atr_breakout,0,0,0,0,,,,
ATOMUSDT,4h,bollinger_bounce,0,0,0,0,,,,
ATOMUSDT,4h,price_channel,0,0,0,0,,,,
ATOMUSDT,4h,volume_spike,0,0,0,0,,,,
ATOMUSDT,4h,bullish_engulfing,0,0,0,0,,,,
ATOMUSDT,4h,golden_cross,0,0,0,0,,,,
ATOMUSDT,4h,rsi_divergence,0,0,0,0,,,,
ATOMUSDT,1d,macd_crossover,0,0,0,0,,,,
ATOMUSDT,1d,rsi_ob_os,0,0,0,0,,,,
ATOMUSDT,4h,bearish_engulfing,1,1,0,0,1.21,0.48,22.8,13
ATOMUSDT,1d,stochastic,0,0,0,0,,,,
ATOMUSDT,1d,ema_crossover,0,0,0,0,,,,
ATOMUSDT,1d,atr_breakout,0,0,0,0,,,,
ATOMUSDT,1d,price_channel,0,0,0,0,,,,
ATOMUSDT,1d,volume_spike,0,0,0,0,,,,
ATOMUSDT,1d,golden_cross,0,0,0,0,,,,
ATOMUSDT,1d,rsi_divergence,0,0,0,0,,,,
ATOMUSDT,1d,bullish_engulfing,0,0,0,0,,,,
ATOMUSDT,1d,bollinger_bounce,0,0,0,0,,,,
ATOMUSDT,1d,bearish_engulfing,0,0,0,0,,,,
AVAXUSDT,5m,rsi_ob_os,0,0,0,0,,,,
AVAXUSDT,5m,stochastic,0,0,0,0,,,,
AVAXUSDT,5m,ema_crossover,0,0,0,0,,,,
AVAXUSDT,5m,macd_crossover,0,0,0,0,,,,
AVAXUSDT,5m,bollinger_bounce,0,0,0,0,,,,
AVAXUSDT,5m,price_channel,0,0,0,0,,,,
AVAXUSDT,5m,atr_breakout,0,0,0,0,,,,
AVAXUSDT,5m,volume_spike,0,0,0,0,,,,
AVAXUSDT,5m,golden_cross,0,0,0,0,,,,
AVAXUSDT,5m,bullish_engulfing,0,0,0,0,,,,
AVAXUSDT,5m,rsi_divergence,0,0,0,0,,,,
AVAXUSDT,5m,bearish_engulfing,0,0,0,0,,,,
AVAXUSDT,15m,ema_crossover,0,0,0,0,,,,
AVAXUSDT,15m,rsi_ob_os,0,0,0,0,,,,
AVAXUSDT,15m,stochastic,0,0,0,0,,,,
AVAXUSDT,15m,macd_crossover,0,0,0,0,,,,
AVAXUSDT,15m,price_channel,0,0,0,0,,,,
AVAXUSDT,15m,volume_spike,0,0,0,0,,,,
AVAXUSDT,15m,atr_breakout,0,0,0,0,,,,
AVAXUSDT,15m,bollinger_bounce,0,0,0,0,,,,
AVAXUSDT,15m,golden_cross,0,0,0,0,,,,
AVAXUSDT,15m,rsi_divergence,0,0,0,0,,,,
AVAXUSDT,15m,bullish_engulfing,0,0,0,0,,,,
AVAXUSDT,15m,bearish_engulfing,0,0,0,0,,,,
AVAXUSDT,30m,ema_crossover,0,0,0,0,,,,
AVAXUSDT,30m,macd_crossover,0,0,0,0,,,,
AVAXUSDT,30m,rsi_ob_os,0,0,0,0,,,,
AVAXUSDT,30m,stochastic,0,0,0,0,,,,
AVAXUSDT,30m,atr_breakout,0,0,0,0,,,,
AVAXUSDT,30m,bollinger_bounce,0,0,0,0,,,,
AVAXUSDT,30m,price_channel,0,0,0,0,,,,
AVAXUSDT,30m,volume_spike,0,0,0,0,,,,
AVAXUSDT,30m,golden_cross,0,0,0,0,,,,
AVAXUSDT,30m,rsi_divergence,0,0,0,0,,,,
AVAXUSDT,30m,bullish_engulfing,0,0,0,0,,,,
AVAXUSDT,30m,bearish_engulfing,0,0,0,0,,,,
AVAXUSDT,1h,ema_crossover,0,0,0,0,,,,
AVAXUSDT,1h,macd_crossover,0,0,0,0,,,,
AVAXUSDT,1h,rsi_ob_os,0,0,0,0,,,,
AVAXUSDT,1h,stochastic,0,0,0,0,,,,
AVAXUSDT,1h,atr_breakout,0,0,0,0,,,,
AVAXUSDT,1h,bollinger_bounce,0,0,0,0,,,,
AVAXUSDT,1h,price_channel,0,0,0,0,,,,
AVAXUSDT,1h,volume_spike,0,0,0,0,,,,
AVAXUSDT,1h,golden_cross,0,0,0,0,,,,
AVAXUSDT,1h,rsi_divergence,0,0,0,0,,,,
AVAXUSDT,1h,bullish_engulfing,0,0,0,0,,,,
AVAXUSDT,1h,bearish_engulfing,0,0,0,0,,,,
AVAXUSDT,4h,ema_crossover,0,0,0,0,,,,
AVAXUSDT,4h,macd_crossover,0,0,0,0,,,,
AVAXUSDT,4h,rsi_ob_os,0,0,0,0,,,,
AVAXUSDT,4h,stochastic,0,0,0,0,,,,
AVAXUSDT,4h,atr_breakout,0,0,0,0,,,,
AVAXUSDT,4h,bollinger_bounce,0,0,0,0,,,,
AVAXUSDT,4h,price_channel,0,0,0,0,,,,
AVAXUSDT,4h,volume_spike,0,0,0,0,,,,
AVAXUSDT,4h,bullish_engulfing,0,0,0,0,,,,
AVAXUSDT,4h,golden_cross,0,0,0,0,,,,
AVAXUSDT,1d,macd_crossover,0,0,0,0,,,,
AVAXUSDT,4h,rsi_divergence,0,0,0,0,,,,
AVAXUSDT,4h,bearish_engulfing,0,0,0,0,,,,
AVAXUSDT,1d,rsi_ob_os,0,0,0,0,,,,
AVAXUSDT,1d,stochastic,0,0,0,0,,,,
AVAXUSDT,1d,ema_crossover,0,0,0,0,,,,
AVAXUSDT,1d,atr_breakout,0,0,0,0,,,,
AVAXUSDT,1d,bollinger_bounce,0,0,0,0,,,,
AVAXUSDT,1d,price_channel,0,0,0,0,,,,
AVAXUSDT,1d,volume_spike,0,0,0,0,,,,
AVAXUSDT,1d,golden_cross,0,0,0,0,,,,
AVAXUSDT,1d,rsi_divergence,0,0,0,0,,,,
AVAXUSDT,1d,bullish_engulfing,0,0,0,0,,,,
AVAXUSDT,1d,bearish_engulfing,0,0,0,0,,,,
AXSUSDT,5m,rsi_ob_os,0,0,0,0,,,,
AXSUSDT,5m,stochastic,0,0,0,0,,,,
AXSUSDT,5m,macd_crossover,0,0,0,0,,,,
AXSUSDT,5m,ema_crossover,0,0,0,0,,,,
AXSUSDT,5m,bollinger_bounce,0,0,0,0,,,,
AXSUSDT,5m,atr_breakout,0,0,0,0,,,,
AXSUSDT,5m,price_channel,0,0,0,0,,,,
AXSUSDT,5m,volume_spike,0,0,0,0,,,,
AXSUSDT,5m,golden_cross,0,0,0,0,,,,
AXSUSDT,5m,rsi_divergence,0,0,0,0,,,,
AXSUSDT,5m,bullish_engulfing,0,0,0,0,,,,
AXSUSDT,5m,bearish_engulfing,0,0,0,0,,,,
AXSUSDT,15m,stochastic,0,0,0,0,,,,
AXSUSDT,15m,rsi_ob_os,0,0,0,0,,,,
AXSUSDT,15m,macd_crossover,0,0,0,0,,,,
AXSUSDT,15m,ema_crossover,0,0,0,0,,,,
AXSUSDT,15m,atr_breakout,0,0,0,0,,,,
AXSUSDT,15m,price_channel,0,0,0,0,,,,
AXSUSDT,15m,volume_spike,0,0,0,0,,,,
AXSUSDT,15m,bollinger_bounce,0,0,0,0,,,,
AXSUSDT,15m,golden_cross,0,0,0,0,,,,
AXSUSDT,15m,rsi_divergence,0,0,0,0,,,,
AXSUSDT,15m,bullish_engulfing,0,0,0,0,,,,
AXSUSDT,15m,bearish_engulfing,0,0,0,0,,,,
AXSUSDT,30m,ema_crossover,0,0,0,0,,,,
AXSUSDT,30m,macd_crossover,0,0,0,0,,,,
AXSUSDT,30m,rsi_ob_os,0,0,0,0,,,,
AXSUSDT,30m,stochastic,0,0,0,0,,,,
AXSUSDT,30m,atr_breakout,0,0,0,0,,,,
AXSUSDT,30m,bollinger_bounce,0,0,0,0,,,,
AXSUSDT,30m,price_channel,0,0,0,0,,,,
AXSUSDT,30m,volume_spike,0,0,0,0,,,,
AXSUSDT,30m,golden_cross,0,0,0,0,,,,
AXSUSDT,30m,rsi_divergence,0,0,0,0,,,,
AXSUSDT,30m,bullish_engulfing,0,0,0,0,,,,
AXSUSDT,30m,bearish_engulfing,0,0,0,0,,,,
AXSUSDT,1h,ema_crossover,0,0,0,0,,,,
AXSUSDT,1h,macd_crossover,0,0,0,0,,,,
AXSUSDT,1h,rsi_ob_os,0,0,0,0,,,,
AXSUSDT,1h,stochastic,0,0,0,0,,,,
AXSUSDT,1h,bollinger_bounce,0,0,0,0,,,,
AXSUSDT,1h,price_channel,0,0,0,0,,,,
AXSUSDT,1h,volume_spike,0,0,0,0,,,,
AXSUSDT,1h,atr_breakout,2,0,1,1,1.22,1.155,10.02,20.0
AXSUSDT,1h,golden_cross,0,0,0,0,,,,
AXSUSDT,1h,rsi_divergence,0,0,0,0,,,,
AXSUSDT,1h,bullish_engulfing,0,0,0,0,,,,
AXSUSDT,1h,bearish_engulfing,0,0,0,0,,,,
AXSUSDT,4h,ema_crossover,0,0,0,0,,,,
AXSUSDT,4h,macd_crossover,0,0,0,0,,,,
AXSUSDT,4h,rsi_ob_os,0,0,0,0,,,,
AXSUSDT,4h,stochastic,0,0,0,0,,,,
AXSUSDT,4h,atr_breakout,0,0,0,0,,,,
AXSUSDT,4h,bollinger_bounce,0,0,0,0,,,,
AXSUSDT,4h,price_channel,0,0,0,0,,,,
AXSUSDT,4h,volume_spike,0,0,0,0,,,,
AXSUSDT,4h,bullish_engulfing,0,0,0,0,,,,
AXSUSDT,4h,golden_cross,0,0,0,0,,,,
AXSUSDT,4h,bearish_engulfing,0,0,0,0,,,,
AXSUSDT,1d,ema_crossover,0,0,0,0,,,,
AXSUSDT,4h,rsi_divergence,0,0,0,0,,,,
AXSUSDT,1d,rsi_ob_os,0,0,0,0,,,,
AXSUSDT,1d,stochastic,0,0,0,0,,,,
AXSUSDT,1d,atr_breakout,0,0,0,0,,,,
AXSUSDT,1d,macd_crossover,0,0,0,0,,,,
AXSUSDT,1d,price_channel,0,0,0,0,,,,
AXSUSDT,1d,volume_spike,0,0,0,0,,,,
AXSUSDT,1d,golden_cross,0,0,0,0,,,,
AXSUSDT,1d,rsi_divergence,0,0,0,0,,,,
AXSUSDT,1d,bullish_engulfing,0,0,0,0,,,,
AXSUSDT,1d,bollinger_bounce,0,0,0,0,,,,
AXSUSDT,1d,bearish_engulfing,0,0,0,0,,,,
BNBUSDT,5m,rsi_ob_os,0,0,0,0,,,,
BNBUSDT,5m,stochastic,0,0,0,0,,,,
BNBUSDT,5m,macd_crossover,0,0,0,0,,,,
BNBUSDT,5m,ema_crossover,0,0,0,0,,,,
BNBUSDT,5m,bollinger_bounce,0,0,0,0,,,,
BNBUSDT,5m,atr_breakout,0,0,0,0,,,,
BNBUSDT,5m,price_channel,0,0,0,0,,,,
BNBUSDT,5m,volume_spike,0,0,0,0,,,,
BNBUSDT,5m,bullish_engulfing,0,0,0,0,,,,
BNBUSDT,5m,golden_cross,0,0,0,0,,,,
BNBUSDT,5m,bearish_engulfing,0,0,0,0,,,,
BNBUSDT,5m,rsi_divergence,0,0,0,0,,,,
BNBUSDT,15m,ema_crossover,0,0,0,0,,,,
BNBUSDT,15m,rsi_ob_os,0,0,0,0,,,,
BNBUSDT,15m,stochastic,0,0,0,0,,,,
BNBUSDT,15m,macd_crossover,0,0,0,0,,,,
BNBUSDT,15m,atr_breakout,0,0,0,0,,,,
BNBUSDT,15m,bollinger_bounce,0,0,0,0,,,,
BNBUSDT,15m,price_channel,0,0,0,0,,,,
BNBUSDT,15m,volume_spike,0,0,0,0,,,,
BNBUSDT,15m,golden_cross,0,0,0,0,,,,
BNBUSDT,15m,rsi_divergence,0,0,0,0,,,,
BNBUSDT,15m,bullish_engulfing,0,0,0,0,,,,
BNBUSDT,15m,bearish_engulfing,0,0,0,0,,,,
BNBUSDT,30m,ema_crossover,0,0,0,0,,,,
BNBUSDT,30m,macd_crossover,0,0,0,0,,,,
BNBUSDT,30m,rsi_ob_os,0,0,0,0,,,,
BNBUSDT,30m,stochastic,0,0,0,0,,,,
BNBUSDT,30m,atr_breakout,0,0,0,0,,,,
BNBUSDT,30m,bollinger_bounce,0,0,0,0,,,,
BNBUSDT,30m,price_channel,0,0,0,0,,,,
BNBUSDT,30m,volume_spike,0,0,0,0,,,,
BNBUSDT,30m,golden_cross,0,0,0,0,,,,
BNBUSDT,30m,rsi_divergence,0,0,0,0,,,,
BNBUSDT,30m,bullish_engulfing,0,0,0,0,,,,
BNBUSDT,30m,bearish_engulfing,0,0,0,0,,,,
BNBUSDT,1h,ema_crossover,0,0,0,0,,,,
BNBUSDT,1h,macd_crossover,0,0,0,0,,,,
BNBUSDT,1h,rsi_ob_os,0,0,0,0,,,,
BNBUSDT,1h,stochastic,0,0,0,0,,,,
BNBUSDT,1h,atr_breakout,0,0,0,0,,,,
BNBUSDT,1h,bollinger_bounce,0,0,0,0,,,,
BNBUSDT,1h,price_channel,0,0,0,0,,,,
BNBUSDT,1h,volume_spike,0,0,0,0,,,,
BNBUSDT,1h,golden_cross,0,0,0,0,,,,
BNBUSDT,1h,rsi_divergence,0,0,0,0,,,,
BNBUSDT,1h,bullish_engulfing,0,0,0,0,,,,
BNBUSDT,1h,bearish_engulfing,0,0,0,0,,,,
BNBUSDT,4h,ema_crossover,0,0,0,0,,,,
BNBUSDT,4h,macd_crossover,0,0,0,0,,,,
BNBUSDT,4h,rsi_ob_os,0,0,0,0,,,,
BNBUSDT,4h,stochastic,0,0,0,0,,,,
BNBUSDT,4h,atr_breakout,0,0,0,0,,,,
BNBUSDT,4h,bollinger_bounce,0,0,0,0,,,,
BNBUSDT,4h,price_channel,0,0,0,0,,,,
BNBUSDT,4h,volume_spike,0,0,0,0,,,,
BNBUSDT,4h,golden_cross,0,0,0,0,,,,
BNBUSDT,4h,bullish_engulfing,0,0,0,0,,,,
BNBUSDT,4h,bearish_engulfing,0,0,0,0,,,,
BNBUSDT,4h,rsi_divergence,0,0,0,0,,,,
BNBUSDT,1d,rsi_ob_os,0,0,0,0,,,,
BNBUSDT,1d,stochastic,0,0,0,0,,,,
BNBUSDT,1d,atr_breakout,0,0,0,0,,,,
BNBUSDT,1d,ema_crossover,0,0,0,0,,,,
BNBUSDT,1d,macd_crossover,0,0,0,0,,,,
BNBUSDT,1d,bollinger_bounce,0,0,0,0,,,,
BNBUSDT,1d,price_channel,0,0,0,0,,,,
BNBUSDT,1d,volume_spike,0,0,0,0,,,,
BNBUSDT,1d,golden_cross,0,0,0,0,,,,
BNBUSDT,1d,rsi_divergence,0,0,0,0,,,,
BNBUSDT,1d,bullish_engulfing,0,0,0,0,,,,
BNBUSDT,1d,bearish_engulfing,0,0,0,0,,,,
BONKUSDT,5m,rsi_ob_os,0,0,0,0,,,,
BONKUSDT,5m,stochastic,0,0,0,0,,,,
BONKUSDT,5m,ema_crossover,0,0,0,0,,,,
BONKUSDT,5m,macd_crossover,0,0,0,0,,,,
BONKUSDT,5m,bollinger_bounce,0,0,0,0,,,,
BONKUSDT,5m,price_channel,0,0,0,0,,,,
BONKUSDT,5m,atr_breakout,0,0,0,0,,,,
BONKUSDT,5m,volume_spike,0,0,0,0,,,,
BONKUSDT,5m,golden_cross,0,0,0,0,,,,
BONKUSDT,5m,bullish_engulfing,0,0,0,0,,,,
BONKUSDT,5m,rsi_divergence,0,0,0,0,,,,
BONKUSDT,5m,bearish_engulfing,0,0,0,0,,,,
BONKUSDT,15m,ema_crossover,0,0,0,0,,,,
BONKUSDT,15m,rsi_ob_os,0,0,0,0,,,,
BONKUSDT,15m,stochastic,0,0,0,0,,,,
BONKUSDT,15m,macd_crossover,0,0,0,0,,,,
BONKUSDT,15m,bollinger_bounce,0,0,0,0,,,,
BONKUSDT,15m,price_channel,0,0,0,0,,,,
BONKUSDT,15m,atr_breakout,1,1,0,0,1.23,0.22,17.62,11
BONKUSDT,15m,volume_spike,0,0,0,0,,,,
BONKUSDT,15m,golden_cross,0,0,0,0,,,,
BONKUSDT,15m,rsi_divergence,0,0,0,0,,,,
BONKUSDT,15m,bullish_engulfing,0,0,0,0,,,,
BONKUSDT,15m,bearish_engulfing,0,0,0,0,,,,
BONKUSDT,30m,ema_crossover,0,0,0,0,,,,
BONKUSDT,30m,macd_crossover,0,0,0,0,,,,
BONKUSDT,30m,rsi_ob_os,0,0,0,0,,,,
BONKUSDT,30m,stochastic,0,0,0,0,,,,
BONKUSDT,30m,atr_breakout,0,0,0,0,,,,
BONKUSDT,30m,bollinger_bounce,0,0,0,0,,,,
BONKUSDT,30m,price_channel,0,0,0,0,,,,
BONKUSDT,30m,volume_spike,0,0,0,0,,,,
BONKUSDT,30m,golden_cross,0,0,0,0,,,,
BONKUSDT,30m,rsi_divergence,0,0,0,0,,,,
BONKUSDT,30m,bullish_engulfing,0,0,0,0,,,,
BONKUSDT,30m,bearish_engulfing,0,0,0,0,,,,
BONKUSDT,1h,ema_crossover,0,0,0,0,,,,
BONKUSDT,1h,macd_crossover,0,0,0,0,,,,
BONKUSDT,1h,rsi_ob_os,0,0,0,0,,,,
BONKUSDT,1h,stochastic,0,0,0,0,,,,
BONKUSDT,1h,atr_breakout,0,0,0,0,,,,
BONKUSDT,1h,bollinger_bounce,0,0,0,0,,,,
BONKUSDT,1h,price_channel,0,0,0,0,,,,
BONKUSDT,1h,volume_spike,0,0,0,0,,,,
BONKUSDT,1h,golden_cross,0,0,0,0,,,,
BONKUSDT,1h,rsi_divergence,0,0,0,0,,,,
BONKUSDT,1h,bullish_engulfing,0,0,0,0,,,,
BONKUSDT,1h,bearish_engulfing,0,0,0,0,,,,
BONKUSDT,4h,ema_crossover,0,0,0,0,,,,
BONKUSDT,4h,macd_crossover,0,0,0,0,,,,
BONKUSDT,4h,rsi_ob_os,0,0,0,0,,,,
BONKUSDT,4h,stochastic,0,0,0,0,,,,
BONKUSDT,4h,atr_breakout,0,0,0,0,,,,
BONKUSDT,4h,bollinger_bounce,0,0,0,0,,,,
BONKUSDT,4h,price_channel,0,0,0,0,,,,
BONKUSDT,4h,volume_spike,4,0,4,0,1.45,1.06,28.16,14.0
BONKUSDT,4h,bullish_engulfing,0,0,0,0,,,,
BONKUSDT,4h,golden_cross,0,0,0,0,,,,
BONKUSDT,1d,ema_crossover,0,0,0,0,,,,
BONKUSDT,4h,rsi_divergence,0,0,0,0,,,,
BONKUSDT,1d,rsi_ob_os,0,0,0,0,,,,
BONKUSDT,1d,stochastic,0,0,0,0,,,,
BONKUSDT,1d,atr_breakout,0,0,0,0,,,,
BONKUSDT,1d,macd_crossover,0,0,0,0,,,,
BONKUSDT,1d,bollinger_bounce,0,0,0,0,,,,
BONKUSDT,1d,price_channel,0,0,0,0,,,,
BONKUSDT,1d,volume_spike,0,0,0,0,,,,
BONKUSDT,1d,golden_cross,0,0,0,0,,,,
BONKUSDT,4h,bearish_engulfing,1,0,0,1,1.21,,32.94,1
BONKUSDT,1d,rsi_divergence,0,0,0,0,,,,
BONKUSDT,1d,bullish_engulfing,0,0,0,0,,,,
BONKUSDT,1d,bearish_engulfing,0,0,0,0,,,,
BTCUSDT,5m,rsi_ob_os,0,0,0,0,,,,
BTCUSDT,5m,stochastic,0,0,0,0,,,,
BTCUSDT,5m,ema_crossover,0,0,0,0,,,,
BTCUSDT,5m,macd_crossover,0,0,0,0,,,,
BTCUSDT,5m,bollinger_bounce,0,0,0,0,,,,
BTCUSDT,5m,price_channel,0,0,0,0,,,,
BTCUSDT,5m,atr_breakout,0,0,0,0,,,,
BTCUSDT,5m,volume_spike,0,0,0,0,,,,
BTCUSDT,5m,golden_cross,0,0,0,0,,,,
BTCUSDT,5m,bullish_engulfing,0,0,0,0,,,,
BTCUSDT,5m,rsi_divergence,0,0,0,0,,,,
BTCUSDT,5m,bearish_engulfing,0,0,0,0,,,,
BTCUSDT,15m,ema_crossover,0,0,0,0,,,,
BTCUSDT,15m,stochastic,0,0,0,0,,,,
BTCUSDT,15m,macd_crossover,0,0,0,0,,,,
BTCUSDT,15m,rsi_ob_os,0,0,0,0,,,,
BTCUSDT,15m,price_channel,0,0,0,0,,,,
BTCUSDT,15m,volume_spike,0,0,0,0,,,,
BTCUSDT,15m,atr_breakout,0,0,0,0,,,,
BTCUSDT,15m,bollinger_bounce,0,0,0,0,,,,
BTCUSDT,15m,golden_cross,0,0,0,0,,,,
BTCUSDT,15m,rsi_divergence,0,0,0,0,,,,
BTCUSDT,15m,bullish_engulfing,0,0,0,0,,,,
BTCUSDT,15m,bearish_engulfing,0,0,0,0,,,,
BTCUSDT,30m,ema_crossover,0,0,0,0,,,,
BTCUSDT,30m,macd_crossover,0,0,0,0,,,,
BTCUSDT,30m,rsi_ob_os,0,0,0,0,,,,
BTCUSDT,30m,stochastic,0,0,0,0,,,,
BTCUSDT,30m,atr_breakout,0,0,0,0,,,,
BTCUSDT,30m,bollinger_bounce,0,0,0,0,,,,
BTCUSDT,30m,price_channel,0,0,0,0,,,,
BTCUSDT,30m,volume_spike,0,0,0,0,,,,
BTCUSDT,30m,golden_cross,0,0,0,0,,,,
BTCUSDT,30m,rsi_divergence,0,0,0,0,,,,
BTCUSDT,30m,bullish_engulfing,0,0,0,0,,,,
BTCUSDT,30m,bearish_engulfing,0,0,0,0,,,,
BTCUSDT,1h,ema_crossover,0,0,0,0,,,,
BTCUSDT,1h,macd_crossover,0,0,0,0,,,,
BTCUSDT,1h,rsi_ob_os,0,0,0,0,,,,
BTCUSDT,1h,stochastic,0,0,0,0,,,,
BTCUSDT,1h,atr_breakout,0,0,0,0,,,,
BTCUSDT,1h,bollinger_bounce,0,0,0,0,,,,
BTCUSDT,1h,price_channel,0,0,0,0,,,,
BTCUSDT,1h,volume_spike,0,0,0,0,,,,
BTCUSDT,1h,golden_cross,0,0,0,0,,,,
BTCUSDT,1h,rsi_divergence,0,0,0,0,,,,
BTCUSDT,1h,bullish_engulfing,0,0,0,0,,,,
BTCUSDT,1h,bearish_engulfing,0,0,0,0,,,,
BTCUSDT,4h,ema_crossover,0,0,0,0,,,,
BTCUSDT,4h,macd_crossover,0,0,0,0,,,,
BTCUSDT,4h,rsi_ob_os,0,0,0,0,,,,
BTCUSDT,4h,stochastic,0,0,0,0,,,,
BTCUSDT,4h,atr_breakout,0,0,0,0,,,,
BTCUSDT,4h,bollinger_bounce,0,0,0,0,,,,
BTCUSDT,4h,price_channel,0,0,0,0,,,,
BTCUSDT,4h,volume_spike,0,0,0,0,,,,
BTCUSDT,4h,bullish_engulfing,0,0,0,0,,,,
BTCUSDT,4h,bearish_engulfing,0,0,0,0,,,,
BTCUSDT,4h,golden_cross,0,0,0,0,,,,
BTCUSDT,1d,ema_crossover,0,0,0,0,,,,
BTCUSDT,4h,rsi_divergence,0,0,0,0,,,,
BTCUSDT,1d,rsi_ob_os,0,0,0,0,,,,
BTCUSDT,1d,stochastic,0,0,0,0,,,,
BTCUSDT,1d,bollinger_bounce,0,0,0,0,,,,
BTCUSDT,1d,price_channel,0,0,0,0,,,,
BTCUSDT,1d,macd_crossover,0,0,0,0,,,,
BTCUSDT,1d,volume_spike,0,0,0,0,,,,
BTCUSDT,1d,golden_cross,0,0,0,0,,,,
BTCUSDT,1d,atr_breakout,0,0,0,0,,,,
BTCUSDT,1d,rsi_divergence,0,0,0,0,,,,
BTCUSDT,1d,bullish_engulfing,0,0,0,0,,,,
BTCUSDT,1d,bearish_engulfing,0,0,0,0,,,,
DOTUSDT,5m,rsi_ob_os,0,0,0,0,,,,
DOTUSDT,5m,stochastic,0,0,0,0,,,,
DOTUSDT,5m,ema_crossover,0,0,0,0,,,,
DOTUSDT,5m,macd_crossover,0,0,0,0,,,,
DOTUSDT,5m,bollinger_bounce,0,0,0,0,,,,
DOTUSDT,5m,price_channel,0,0,0,0,,,,
DOTUSDT,5m,atr_breakout,0,0,0,0,,,,
DOTUSDT,5m,volume_spike,0,0,0,0,,,,
DOTUSDT,5m,golden_cross,0,0,0,0,,,,
DOTUSDT,5m,bearish_engulfing,0,0,0,0,,,,
DOTUSDT,5m,bullish_engulfing,0,0,0,0,,,,
DOTUSDT,5m,rsi_divergence,0,0,0,0,,,,
DOTUSDT,15m,ema_crossover,0,0,0,0,,,,
DOTUSDT,15m,macd_crossover,0,0,0,0,,,,
DOTUSDT,15m,rsi_ob_os,0,0,0,0,,,,
DOTUSDT,15m,stochastic,0,0,0,0,,,,
DOTUSDT,15m,atr_breakout,0,0,0,0,,,,
DOTUSDT,15m,price_channel,0,0,0,0,,,,
DOTUSDT,15m,volume_spike,0,0,0,0,,,,
DOTUSDT,15m,bollinger_bounce,0,0,0,0,,,,
DOTUSDT,15m,golden_cross,0,0,0,0,,,,
DOTUSDT,15m,rsi_divergence,0,0,0,0,,,,
DOTUSDT,15m,bullish_engulfing,0,0,0,0,,,,
DOTUSDT,15m,bearish_engulfing,0,0,0,0,,,,
DOTUSDT,30m,ema_crossover,0,0,0,0,,,,
DOTUSDT,30m,macd_crossover,0,0,0,0,,,,
DOTUSDT,30m,rsi_ob_os,0,0,0,0,,,,
DOTUSDT,30m,stochastic,0,0,0,0,,,,
DOTUSDT,30m,atr_breakout,0,0,0,0,,,,
DOTUSDT,30m,bollinger_bounce,0,0,0,0,,,,
DOTUSDT,30m,price_channel,0,0,0,0,,,,
DOTUSDT,30m,volume_spike,0,0,0,0,,,,
DOTUSDT,30m,golden_cross,0,0,0,0,,,,
DOTUSDT,30m,rsi_divergence,0,0,0,0,,,,
DOTUSDT,30m,bullish_engulfing,0,0,0,0,,,,
DOTUSDT,30m,bearish_engulfing,0,0,0,0,,,,
DOTUSDT,1h,ema_crossover,0,0,0,0,,,,
DOTUSDT,1h,macd_crossover,0,0,0,0,,,,
DOTUSDT,1h,rsi_ob_os,0,0,0,0,,,,
DOTUSDT,1h,stochastic,0,0,0,0,,,,
DOTUSDT,1h,atr_breakout,0,0,0,0,,,,
DOTUSDT,1h,bollinger_bounce,0,0,0,0,,,,
DOTUSDT,1h,price_channel,0,0,0,0,,,,
DOTUSDT,1h,volume_spike,0,0,0,0,,,,
DOTUSDT,1h,golden_cross,0,0,0,0,,,,
DOTUSDT,1h,rsi_divergence,0,0,0,0,,,,
DOTUSDT,1h,bullish_engulfing,0,0,0,0,,,,
DOTUSDT,1h,bearish_engulfing,0,0,0,0,,,,
DOTUSDT,4h,ema_crossover,0,0,0,0,,,,
DOTUSDT,4h,macd_crossover,0,0,0,0,,,,
DOTUSDT,4h,rsi_ob_os,0,0,0,0,,,,
DOTUSDT,4h,stochastic,0,0,0,0,,,,
DOTUSDT,4h,atr_breakout,0,0,0,0,,,,
DOTUSDT,4h,bollinger_bounce,0,0,0,0,,,,
DOTUSDT,4h,price_channel,0,0,0,0,,,,
DOTUSDT,4h,bullish_engulfing,0,0,0,0,,,,
DOTUSDT,4h,volume_spike,0,0,0,0,,,,
DOTUSDT,4h,golden_cross,0,0,0,0,,,,
DOTUSDT,4h,bearish_engulfing,0,0,0,0,,,,
DOTUSDT,4h,rsi_divergence,0,0,0,0,,,,
DOTUSDT,1d,rsi_ob_os,0,0,0,0,,,,
DOTUSDT,1d,stochastic,0,0,0,0,,,,
DOTUSDT,1d,ema_crossover,0,0,0,0,,,,
DOTUSDT,1d,macd_crossover,0,0,0,0,,,,
DOTUSDT,1d,bollinger_bounce,0,0,0,0,,,,
DOTUSDT,1d,price_channel,0,0,0,0,,,,
DOTUSDT,1d,volume_spike,0,0,0,0,,,,
DOTUSDT,1d,golden_cross,0,0,0,0,,,,
DOTUSDT,1d,atr_breakout,0,0,0,0,,,,
DOTUSDT,1d,rsi_divergence,0,0,0,0,,,,
DOTUSDT,1d,bullish_engulfing,0,0,0,0,,,,
DOTUSDT,1d,bearish_engulfing,0,0,0,0,,,,
EGLDUSDT,5m,rsi_ob_os,0,0,0,0,,,,
EGLDUSDT,5m,stochastic,0,0,0,0,,,,
EGLDUSDT,5m,ema_crossover,0,0,0,0,,,,
EGLDUSDT,5m,macd_crossover,0,0,0,0,,,,
EGLDUSDT,5m,bollinger_bounce,0,0,0,0,,,,
EGLDUSDT,5m,price_channel,0,0,0,0,,,,
EGLDUSDT,5m,atr_breakout,0,0,0,0,,,,
EGLDUSDT,5m,volume_spike,0,0,0,0,,,,
EGLDUSDT,5m,golden_cross,0,0,0,0,,,,
EGLDUSDT,5m,bullish_engulfing,0,0,0,0,,,,
EGLDUSDT,5m,rsi_divergence,0,0,0,0,,,,
EGLDUSDT,5m,bearish_engulfing,0,0,0,0,,,,
EGLDUSDT,15m,rsi_ob_os,0,0,0,0,,,,
EGLDUSDT,15m,ema_crossover,0,0,0,0,,,,
EGLDUSDT,15m,stochastic,0,0,0,0,,,,
EGLDUSDT,15m,macd_crossover,0,0,0,0,,,,
EGLDUSDT,15m,bollinger_bounce,0,0,0,0,,,,
EGLDUSDT,15m,price_channel,0,0,0,0,,,,
EGLDUSDT,15m,volume_spike,0,0,0,0,,,,
EGLDUSDT,15m,atr_breakout,0,0,0,0,,,,
EGLDUSDT,15m,golden_cross,0,0,0,0,,,,
EGLDUSDT,15m,rsi_divergence,0,0,0,0,,,,
EGLDUSDT,15m,bullish_engulfing,0,0,0,0,,,,
EGLDUSDT,15m,bearish_engulfing,0,0,0,0,,,,
EGLDUSDT,30m,ema_crossover,0,0,0,0,,,,
EGLDUSDT,30m,macd_crossover,0,0,0,0,,,,
EGLDUSDT,30m,rsi_ob_os,0,0,0,0,,,,
EGLDUSDT,30m,stochastic,0,0,0,0,,,,
EGLDUSDT,30m,atr_breakout,0,0,0,0,,,,
EGLDUSDT,30m,bollinger_bounce,0,0,0,0,,,,
EGLDUSDT,30m,price_channel,0,0,0,0,,,,
EGLDUSDT,30m,volume_spike,0,0,0,0,,,,
EGLDUSDT,30m,golden_cross,0,0,0,0,,,,
EGLDUSDT,30m,rsi_divergence,0,0,0,0,,,,
EGLDUSDT,30m,bullish_engulfing,0,0,0,0,,,,
EGLDUSDT,30m,bearish_engulfing,0,0,0,0,,,,
EGLDUSDT,1h,ema_crossover,0,0,0,0,,,,
EGLDUSDT,1h,macd_crossover,0,0,0,0,,,,
EGLDUSDT,1h,rsi_ob_os,0,0,0,0,,,,
EGLDUSDT,1h,stochastic,0,0,0,0,,,,
EGLDUSDT,1h,atr_breakout,2,2,0,0,1.235,0.25,23.565,17.5
EGLDUSDT,1h,bollinger_bounce,0,0,0,0,,,,
EGLDUSDT,1h,price_channel,0,0,0,0,,,,
EGLDUSDT,1h,volume_spike,0,0,0,0,,,,
EGLDUSDT,1h,golden_cross,0,0,0,0,,,,
EGLDUSDT,1h,rsi_divergence,0,0,0,0,,,,
EGLDUSDT,1h,bullish_engulfing,0,0,0,0,,,,
EGLDUSDT,1h,bearish_engulfing,0,0,0,0,,,,
EGLDUSDT,4h,ema_crossover,0,0,0,0,,,,
EGLDUSDT,4h,macd_crossover,0,0,0,0,,,,
EGLDUSDT,4h,rsi_ob_os,0,0,0,0,,,,
EGLDUSDT,4h,stochastic,0,0,0,0,,,,
EGLDUSDT,4h,atr_breakout,0,0,0,0,,,,
EGLDUSDT,4h,bollinger_bounce,0,0,0,0,,,,
EGLDUSDT,4h,price_channel,0,0,0,0,,,,
EGLDUSDT,4h,volume_spike,0,0,0,0,,,,
EGLDUSDT,4h,bullish_engulfing,0,0,0,0,,,,
EGLDUSDT,4h,golden_cross,0,0,0,0,,,,
EGLDUSDT,4h,rsi_divergence,0,0,0,0,,,,
EGLDUSDT,4h,bearish_engulfing,0,0,0,0,,,,
EGLDUSDT,1d,rsi_ob_os,0,0,0,0,,,,
EGLDUSDT,1d,ema_crossover,0,0,0,0,,,,
EGLDUSDT,1d,stochastic,0,0,0,0,,,,
EGLDUSDT,1d,atr_breakout,0,0,0,0,,,,
EGLDUSDT,1d,macd_crossover,0,0,0,0,,,,
EGLDUSDT,1d,bollinger_bounce,0,0,0,0,,,,
EGLDUSDT,1d,volume_spike,0,0,0,0,,,,
EGLDUSDT,1d,price_channel,0,0,0,0,,,,
EGLDUSDT,1d,golden_cross,0,0,0,0,,,,
EGLDUSDT,1d,rsi_divergence,0,0,0,0,,,,
EGLDUSDT,1d,bullish_engulfing,0,0,0,0,,,,
EGLDUSDT,1d,bearish_engulfing,0,0,0,0,,,,
ENSUSDT,5m,rsi_ob_os,0,0,0,0,,,,
ENSUSDT,5m,stochastic,0,0,0,0,,,,
ENSUSDT,5m,ema_crossover,0,0,0,0,,,,
ENSUSDT,5m,macd_crossover,0,0,0,0,,,,
ENSUSDT,5m,bollinger_bounce,0,0,0,0,,,,
ENSUSDT,5m,price_channel,0,0,0,0,,,,
ENSUSDT,5m,atr_breakout,0,0,0,0,,,,
ENSUSDT,5m,volume_spike,0,0,0,0,,,,
ENSUSDT,5m,golden_cross,0,0,0,0,,,,
ENSUSDT,5m,bullish_engulfing,0,0,0,0,,,,
ENSUSDT,5m,rsi_divergence,0,0,0,0,,,,
ENSUSDT,5m,bearish_engulfing,0,0,0,0,,,,
ENSUSDT,15m,ema_crossover,0,0,0,0,,,,
ENSUSDT,15m,rsi_ob_os,0,0,0,0,,,,
ENSUSDT,15m,stochastic,0,0,0,0,,,,
ENSUSDT,15m,macd_crossover,0,0,0,0,,,,
ENSUSDT,15m,bollinger_bounce,0,0,0,0,,,,
ENSUSDT,15m,price_channel,0,0,0,0,,,,
ENSUSDT,15m,atr_breakout,0,0,0,0,,,,
ENSUSDT,15m,volume_spike,0,0,0,0,,,,
ENSUSDT,15m,golden_cross,0,0,0,0,,,,
ENSUSDT,15m,rsi_divergence,0,0,0,0,,,,
ENSUSDT,15m,bullish_engulfing,0,0,0,0,,,,
ENSUSDT,15m,bearish_engulfing,0,0,0,0,,,,
ENSUSDT,30m,ema_crossover,0,0,0,0,,,,
ENSUSDT,30m,macd_crossover,0,0,0,0,,,,
ENSUSDT,30m,rsi_ob_os,0,0,0,0,,,,
ENSUSDT,30m,stochastic,0,0,0,0,,,,
ENSUSDT,30m,atr_breakout,0,0,0,0,,,,
ENSUSDT,30m,bollinger_bounce,0,0,0,0,,,,
ENSUSDT,30m,price_channel,0,0,0,0,,,,
ENSUSDT,30m,volume_spike,0,0,0,0,,,,
ENSUSDT,30m,golden_cross,0,0,0,0,,,,
ENSUSDT,30m,rsi_divergence,0,0,0,0,,,,
ENSUSDT,30m,bullish_engulfing,0,0,0,0,,,,
ENSUSDT,30m,bearish_engulfing,0,0,0,0,,,,
ENSUSDT,1h,ema_crossover,0,0,0,0,,,,
ENSUSDT,1h,macd_crossover,0,0,0,0,,,,
ENSUSDT,1h,rsi_ob_os,0,0,0,0,,,,
ENSUSDT,1h,stochastic,0,0,0,0,,,,
ENSUSDT,1h,atr_breakout,0,0,0,0,,,,
ENSUSDT,1h,bollinger_bounce,0,0,0,0,,,,
ENSUSDT,1h,price_channel,0,0,0,0,,,,
ENSUSDT,1h,volume_spike,0,0,0,0,,,,
ENSUSDT,1h,golden_cross,0,0,0,0,,,,
ENSUSDT,1h,rsi_divergence,0,0,0,0,,,,
ENSUSDT,1h,bullish_engulfing,0,0,0,0,,,,
ENSUSDT,1h,bearish_engulfing,0,0,0,0,,,,
ENSUSDT,4h,ema_crossover,0,0,0,0,,,,
ENSUSDT,4h,macd_crossover,0,0,0,0,,,,
ENSUSDT,4h,rsi_ob_os,0,0,0,0,,,,
ENSUSDT,4h,stochastic,0,0,0,0,,,,
ENSUSDT,4h,atr_breakout,0,0,0,0,,,,
ENSUSDT,4h,bollinger_bounce,0,0,0,0,,,,
ENSUSDT,4h,price_channel,0,0,0,0,,,,
ENSUSDT,4h,volume_spike,0,0,0,0,,,,
ENSUSDT,4h,golden_cross,0,0,0,0,,,,
ENSUSDT,4h,rsi_divergence,0,0,0,0,,,,
ENSUSDT,1d,ema_crossover,0,0,0,0,,,,
ENSUSDT,4h,bullish_engulfing,0,0,0,0,,,,
ENSUSDT,4h,bearish_engulfing,1,1,0,0,1.63,0.23,22.08,5
ENSUSDT,1d,macd_crossover,0,0,0,0,,,,
ENSUSDT,1d,rsi_ob_os,0,0,0,0,,,,
ENSUSDT,1d,stochastic,0,0,0,0,,,,
ENSUSDT,1d,price_channel,0,0,0,0,,,,
ENSUSDT,1d,volume_spike,0,0,0,0,,,,
ENSUSDT,1d,golden_cross,0,0,0,0,,,,
ENSUSDT,1d,rsi_divergence,0,0,0,0,,,,
ENSUSDT,1d,atr_breakout,0,0,0,0,,,,
ENSUSDT,1d,bollinger_bounce,0,0,0,0,,,,
ENSUSDT,1d,bullish_engulfing,0,0,0,0,,,,
ENSUSDT,1d,bearish_engulfing,0,0,0,0,,,,
ETHUSDT,5m,rsi_ob_os,0,0,0,0,,,,
ETHUSDT,5m,stochastic,0,0,0,0,,,,
ETHUSDT,5m,macd_crossover,0,0,0,0,,,,
ETHUSDT,5m,ema_crossover,0,0,0,0,,,,
ETHUSDT,5m,bollinger_bounce,0,0,0,0,,,,
ETHUSDT,5m,price_channel,0,0,0,0,,,,
ETHUSDT,5m,atr_breakout,0,0,0,0,,,,
ETHUSDT,5m,volume_spike,0,0,0,0,,,,
ETHUSDT,5m,golden_cross,0,0,0,0,,,,
ETHUSDT,5m,bullish_engulfing,0,0,0,0,,,,
ETHUSDT,5m,rsi_divergence,0,0,0,0,,,,
ETHUSDT,5m,bearish_engulfing,0,0,0,0,,,,
ETHUSDT,15m,ema_crossover,0,0,0,0,,,,
ETHUSDT,15m,rsi_ob_os,0,0,0,0,,,,
ETHUSDT,15m,stochastic,0,0,0,0,,,,
ETHUSDT,15m,macd_crossover,0,0,0,0,,,,
ETHUSDT,15m,bollinger_bounce,0,0,0,0,,,,
ETHUSDT,15m,atr_breakout,0,0,0,0,,,,
ETHUSDT,15m,price_channel,0,0,0,0,,,,
ETHUSDT,15m,volume_spike,0,0,0,0,,,,
ETHUSDT,15m,golden_cross,0,0,0,0,,,,
ETHUSDT,15m,rsi_divergence,0,0,0,0,,,,
ETHUSDT,15m,bullish_engulfing,0,0,0,0,,,,
ETHUSDT,15m,bearish_engulfing,0,0,0,0,,,,
ETHUSDT,30m,ema_crossover,0,0,0,0,,,,
ETHUSDT,30m,macd_crossover,0,0,0,0,,,,
ETHUSDT,30m,rsi_ob_os,0,0,0,0,,,,
ETHUSDT,30m,stochastic,0,0,0,0,,,,
ETHUSDT,30m,atr_breakout,0,0,0,0,,,,
ETHUSDT,30m,bollinger_bounce,0,0,0,0,,,,
ETHUSDT,30m,price_channel,0,0,0,0,,,,
ETHUSDT,30m,volume_spike,0,0,0,0,,,,
ETHUSDT,30m,golden_cross,0,0,0,0,,,,
ETHUSDT,30m,rsi_divergence,0,0,0,0,,,,
ETHUSDT,30m,bullish_engulfing,0,0,0,0,,,,
ETHUSDT,30m,bearish_engulfing,0,0,0,0,,,,
ETHUSDT,1h,ema_crossover,0,0,0,0,,,,
ETHUSDT,1h,macd_crossover,0,0,0,0,,,,
ETHUSDT,1h,rsi_ob_os,0,0,0,0,,,,
ETHUSDT,1h,stochastic,0,0,0,0,,,,
ETHUSDT,1h,atr_breakout,0,0,0,0,,,,
ETHUSDT,1h,bollinger_bounce,0,0,0,0,,,,
ETHUSDT,1h,price_channel,0,0,0,0,,,,
ETHUSDT,1h,volume_spike,0,0,0,0,,,,
ETHUSDT,1h,golden_cross,0,0,0,0,,,,
ETHUSDT,1h,rsi_divergence,0,0,0,0,,,,
ETHUSDT,1h,bullish_engulfing,0,0,0,0,,,,
ETHUSDT,1h,bearish_engulfing,0,0,0,0,,,,
ETHUSDT,4h,ema_crossover,0,0,0,0,,,,
ETHUSDT,4h,macd_crossover,0,0,0,0,,,,
ETHUSDT,4h,rsi_ob_os,1,1,0,0,1.36,0.94,13.36,12
ETHUSDT,4h,stochastic,0,0,0,0,,,,
ETHUSDT,4h,price_channel,0,0,0,0,,,,
ETHUSDT,4h,atr_breakout,0,0,0,0,,,,
ETHUSDT,4h,bollinger_bounce,0,0,0,0,,,,
ETHUSDT,4h,bullish_engulfing,0,0,0,0,,,,
ETHUSDT,4h,volume_spike,0,0,0,0,,,,
ETHUSDT,4h,golden_cross,0,0,0,0,,,,
ETHUSDT,4h,bearish_engulfing,0,0,0,0,,,,
ETHUSDT,4h,rsi_divergence,0,0,0,0,,,,
ETHUSDT,1d,rsi_ob_os,0,0,0,0,,,,
ETHUSDT,1d,stochastic,0,0,0,0,,,,
ETHUSDT,1d,ema_crossover,0,0,0,0,,,,
ETHUSDT,1d,atr_breakout,0,0,0,0,,,,
ETHUSDT,1d,bollinger_bounce,0,0,0,0,,,,
ETHUSDT,1d,macd_crossover,0,0,0,0,,,,
ETHUSDT,1d,price_channel,0,0,0,0,,,,
ETHUSDT,1d,volume_spike,0,0,0,0,,,,
ETHUSDT,1d,golden_cross,0,0,0,0,,,,
ETHUSDT,1d,rsi_divergence,0,0,0,0,,,,
ETHUSDT,1d,bullish_engulfing,0,0,0,0,,,,
ETHUSDT,1d,bearish_engulfing,0,0,0,0,,,,
FILUSDT,5m,rsi_ob_os,0,0,0,0,,,,
FILUSDT,5m,stochastic,0,0,0,0,,,,
FILUSDT,5m,ema_crossover,0,0,0,0,,,,
FILUSDT,5m,macd_crossover,0,0,0,0,,,,
FILUSDT,5m,bollinger_bounce,0,0,0,0,,,,
FILUSDT,5m,price_channel,0,0,0,0,,,,
FILUSDT,5m,atr_breakout,0,0,0,0,,,,
FILUSDT,5m,volume_spike,0,0,0,0,,,,
FILUSDT,5m,golden_cross,0,0,0,0,,,,
FILUSDT,5m,bullish_engulfing,0,0,0,0,,,,
FILUSDT,5m,bearish_engulfing,0,0,0,0,,,,
FILUSDT,15m,ema_crossover,0,0,0,0,,,,
FILUSDT,5m,rsi_divergence,0,0,0,0,,,,
FILUSDT,15m,rsi_ob_os,0,0,0,0,,,,
FILUSDT,15m,macd_crossover,0,0,0,0,,,,
FILUSDT,15m,stochastic,0,0,0,0,,,,
FILUSDT,15m,bollinger_bounce,0,0,0,0,,,,
FILUSDT,15m,atr_breakout,0,0,0,0,,,,
FILUSDT,15m,price_channel,0,0,0,0,,,,
FILUSDT,15m,volume_spike,0,0,0,0,,,,
FILUSDT,15m,golden_cross,0,0,0,0,,,,
FILUSDT,15m,rsi_divergence,0,0,0,0,,,,
FILUSDT,15m,bullish_engulfing,0,0,0,0,,,,
FILUSDT,15m,bearish_engulfing,0,0,0,0,,,,
FILUSDT,30m,ema_crossover,0,0,0,0,,,,
FILUSDT,30m,macd_crossover,0,0,0,0,,,,
FILUSDT,30m,rsi_ob_os,0,0,0,0,,,,
FILUSDT,30m,stochastic,0,0,0,0,,,,
FILUSDT,30m,atr_breakout,0,0,0,0,,,,
FILUSDT,30m,bollinger_bounce,0,0,0,0,,,,
FILUSDT,30m,price_channel,0,0,0,0,,,,
FILUSDT,30m,volume_spike,0,0,0,0,,,,
FILUSDT,30m,golden_cross,0,0,0,0,,,,
FILUSDT,30m,rsi_divergence,0,0,0,0,,,,
FILUSDT,30m,bullish_engulfing,0,0,0,0,,,,
FILUSDT,30m,bearish_engulfing,0,0,0,0,,,,
FILUSDT,1h,ema_crossover,0,0,0,0,,,,
FILUSDT,1h,macd_crossover,0,0,0,0,,,,
FILUSDT,1h,rsi_ob_os,0,0,0,0,,,,
FILUSDT,1h,stochastic,0,0,0,0,,,,
FILUSDT,1h,atr_breakout,0,0,0,0,,,,
FILUSDT,1h,bollinger_bounce,0,0,0,0,,,,
FILUSDT,1h,price_channel,0,0,0,0,,,,
FILUSDT,1h,volume_spike,0,0,0,0,,,,
FILUSDT,1h,golden_cross,0,0,0,0,,,,
FILUSDT,1h,rsi_divergence,0,0,0,0,,,,
FILUSDT,1h,bullish_engulfing,0,0,0,0,,,,
FILUSDT,1h,bearish_engulfing,0,0,0,0,,,,
FILUSDT,4h,ema_crossover,0,0,0,0,,,,
FILUSDT,4h,macd_crossover,0,0,0,0,,,,
FILUSDT,4h,atr_breakout,0,0,0,0,,,,
FILUSDT,4h,bollinger_bounce,0,0,0,0,,,,
FILUSDT,4h,rsi_ob_os,2,1,0,1,1.435,0.92,22.47,10.0
FILUSDT,4h,stochastic,1,0,0,1,1.37,1.28,15.26,18
FILUSDT,4h,price_channel,0,0,0,0,,,,
FILUSDT,4h,volume_spike,0,0,0,0,,,,
FILUSDT,4h,golden_cross,0,0,0,0,,,,
FILUSDT,4h,bullish_engulfing,0,0,0,0,,,,
FILUSDT,4h,rsi_divergence,0,0,0,0,,,,
FILUSDT,1d,macd_crossover,0,0,0,0,,,,
FILUSDT,1d,rsi_ob_os,0,0,0,0,,,,
FILUSDT,4h,bearish_engulfing,0,0,0,0,,,,
FILUSDT,1d,atr_breakout,0,0,0,0,,,,
FILUSDT,1d,ema_crossover,0,0,0,0,,,,
FILUSDT,1d,bollinger_bounce,0,0,0,0,,,,
FILUSDT,1d,price_channel,0,0,0,0,,,,
FILUSDT,1d,volume_spike,0,0,0,0,,,,
FILUSDT,1d,stochastic,0,0,0,0,,,,
FILUSDT,1d,golden_cross,0,0,0,0,,,,
FILUSDT,1d,bullish_engulfing,0,0,0,0,,,,
FILUSDT,1d,bearish_engulfing,0,0,0,0,,,,
FILUSDT,1d,rsi_divergence,0,0,0,0,,,,
FLOKIUSDT,5m,rsi_ob_os,0,0,0,0,,,,
FLOKIUSDT,5m,stochastic,0,0,0,0,,,,
FLOKIUSDT,5m,ema_crossover,0,0,0,0,,,,
FLOKIUSDT,5m,macd_crossover,0,0,0,0,,,,
FLOKIUSDT,5m,atr_breakout,0,0,0,0,,,,
FLOKIUSDT,5m,bollinger_bounce,0,0,0,0,,,,
FLOKIUSDT,5m,price_channel,0,0,0,0,,,,
FLOKIUSDT,5m,volume_spike,0,0,0,0,,,,
FLOKIUSDT,5m,bullish_engulfing,0,0,0,0,,,,
FLOKIUSDT,5m,bearish_engulfing,0,0,0,0,,,,
FLOKIUSDT,5m,golden_cross,0,0,0,0,,,,
FLOKIUSDT,5m,rsi_divergence,0,0,0,0,,,,
FLOKIUSDT,15m,ema_crossover,0,0,0,0,,,,
FLOKIUSDT,15m,rsi_ob_os,0,0,0,0,,,,
FLOKIUSDT,15m,stochastic,0,0,0,0,,,,
FLOKIUSDT,15m,macd_crossover,0,0,0,0,,,,
FLOKIUSDT,15m,atr_breakout,0,0,0,0,,,,
FLOKIUSDT,15m,bollinger_bounce,0,0,0,0,,,,
FLOKIUSDT,15m,price_channel,0,0,0,0,,,,
FLOKIUSDT,15m,volume_spike,0,0,0,0,,,,
FLOKIUSDT,15m,golden_cross,0,0,0,0,,,,
FLOKIUSDT,15m,rsi_divergence,0,0,0,0,,,,
FLOKIUSDT,15m,bullish_engulfing,0,0,0,0,,,,
FLOKIUSDT,15m,bearish_engulfing,0,0,0,0,,,,
FLOKIUSDT,30m,ema_crossover,0,0,0,0,,,,
FLOKIUSDT,30m,macd_crossover,0,0,0,0,,,,
FLOKIUSDT,30m,rsi_ob_os,0,0,0,0,,,,
FLOKIUSDT,30m,stochastic,0,0,0,0,,,,
FLOKIUSDT,30m,atr_breakout,0,0,0,0,,,,
FLOKIUSDT,30m,bollinger_bounce,0,0,0,0,,,,
FLOKIUSDT,30m,price_channel,0,0,0,0,,,,
FLOKIUSDT,30m,volume_spike,0,0,0,0,,,,
FLOKIUSDT,30m,golden_cross,0,0,0,0,,,,
FLOKIUSDT,30m,rsi_divergence,0,0,0,0,,,,
FLOKIUSDT,30m,bullish_engulfing,0,0,0,0,,,,
FLOKIUSDT,30m,bearish_engulfing,0,0,0,0,,,,
FLOKIUSDT,1h,ema_crossover,0,0,0,0,,,,
FLOKIUSDT,1h,macd_crossover,0,0,0,0,,,,
FLOKIUSDT,1h,rsi_ob_os,0,0,0,0,,,,
FLOKIUSDT,1h,stochastic,0,0,0,0,,,,
FLOKIUSDT,1h,atr_breakout,1,1,0,0,1.4,0.33,5.5,5
FLOKIUSDT,1h,bollinger_bounce,0,0,0,0,,,,
FLOKIUSDT,1h,price_channel,0,0,0,0,,,,
FLOKIUSDT,1h,volume_spike,0,0,0,0,,,,
FLOKIUSDT,1h,golden_cross,0,0,0,0,,,,
FLOKIUSDT,1h,rsi_divergence,0,0,0,0,,,,
FLOKIUSDT,1h,bullish_engulfing,0,0,0,0,,,,
FLOKIUSDT,1h,bearish_engulfing,0,0,0,0,,,,
FLOKIUSDT,4h,ema_crossover,0,0,0,0,,,,
FLOKIUSDT,4h,macd_crossover,0,0,0,0,,,,
FLOKIUSDT,4h,rsi_ob_os,0,0,0,0,,,,
FLOKIUSDT,4h,stochastic,0,0,0,0,,,,
FLOKIUSDT,4h,atr_breakout,0,0,0,0,,,,
FLOKIUSDT,4h,bollinger_bounce,0,0,0,0,,,,
FLOKIUSDT,4h,price_channel,0,0,0,0,,,,
FLOKIUSDT,4h,volume_spike,0,0,0,0,,,,
FLOKIUSDT,4h,golden_cross,0,0,0,0,,,,
FLOKIUSDT,4h,bullish_engulfing,0,0,0,0,,,,
FLOKIUSDT,4h,rsi_divergence,2,2,0,0,1.21,0.9,11.75,8.0
FLOKIUSDT,1d,rsi_ob_os,0,0,0,0,,,,
FLOKIUSDT,4h,bearish_engulfing,0,0,0,0,,,,
FLOKIUSDT,1d,ema_crossover,0,0,0,0,,,,
FLOKIUSDT,1d,macd_crossover,0,0,0,0,,,,
FLOKIUSDT,1d,stochastic,0,0,0,0,,,,
FLOKIUSDT,1d,bollinger_bounce,0,0,0,0,,,,
FLOKIUSDT,1d,price_channel,0,0,0,0,,,,
FLOKIUSDT,1d,volume_spike,0,0,0,0,,,,
FLOKIUSDT,1d,golden_cross,0,0,0,0,,,,
FLOKIUSDT,1d,rsi_divergence,0,0,0,0,,,,
FLOKIUSDT,1d,bullish_engulfing,0,0,0,0,,,,
FLOKIUSDT,1d,atr_breakout,0,0,0,0,,,,
FLOKIUSDT,1d,bearish_engulfing,0,0,0,0,,,,
FLOWUSDT,5m,rsi_ob_os,0,0,0,0,,,,
FLOWUSDT,5m,stochastic,0,0,0,0,,,,
FLOWUSDT,5m,ema_crossover,0,0,0,0,,,,
FLOWUSDT,5m,macd_crossover,0,0,0,0,,,,
FLOWUSDT,5m,bollinger_bounce,0,0,0,0,,,,
FLOWUSDT,5m,price_channel,0,0,0,0,,,,
FLOWUSDT,5m,atr_breakout,0,0,0,0,,,,
FLOWUSDT,5m,volume_spike,0,0,0,0,,,,
FLOWUSDT,5m,golden_cross,0,0,0,0,,,,
FLOWUSDT,5m,bullish_engulfing,0,0,0,0,,,,
FLOWUSDT,5m,rsi_divergence,0,0,0,0,,,,
FLOWUSDT,5m,bearish_engulfing,0,0,0,0,,,,
FLOWUSDT,15m,rsi_ob_os,0,0,0,0,,,,
FLOWUSDT,15m,ema_crossover,0,0,0,0,,,,
FLOWUSDT,15m,stochastic,0,0,0,0,,,,
FLOWUSDT,15m,macd_crossover,0,0,0,0,,,,
FLOWUSDT,15m,price_channel,0,0,0,0,,,,
FLOWUSDT,15m,volume_spike,0,0,0,0,,,,
FLOWUSDT,15m,atr_breakout,0,0,0,0,,,,
FLOWUSDT,15m,bollinger_bounce,0,0,0,0,,,,
FLOWUSDT,15m,golden_cross,0,0,0,0,,,,
FLOWUSDT,15m,rsi_divergence,0,0,0,0,,,,
FLOWUSDT,15m,bullish_engulfing,0,0,0,0,,,,
FLOWUSDT,15m,bearish_engulfing,0,0,0,0,,,,
FLOWUSDT,30m,ema_crossover,0,0,0,0,,,,
FLOWUSDT,30m,macd_crossover,0,0,0,0,,,,
FLOWUSDT,30m,rsi_ob_os,0,0,0,0,,,,
FLOWUSDT,30m,stochastic,0,0,0,0,,,,
FLOWUSDT,30m,atr_breakout,0,0,0,0,,,,
FLOWUSDT,30m,bollinger_bounce,0,0,0,0,,,,
FLOWUSDT,30m,price_channel,0,0,0,0,,,,
FLOWUSDT,30m,volume_spike,0,0,0,0,,,,
FLOWUSDT,30m,golden_cross,0,0,0,0,,,,
FLOWUSDT,30m,rsi_divergence,0,0,0,0,,,,
FLOWUSDT,30m,bullish_engulfing,0,0,0,0,,,,
FLOWUSDT,30m,bearish_engulfing,0,0,0,0,,,,
FLOWUSDT,1h,ema_crossover,0,0,0,0,,,,
FLOWUSDT,1h,macd_crossover,0,0,0,0,,,,
FLOWUSDT,1h,rsi_ob_os,0,0,0,0,,,,
FLOWUSDT,1h,stochastic,0,0,0,0,,,,
FLOWUSDT,1h,atr_breakout,0,0,0,0,,,,
FLOWUSDT,1h,bollinger_bounce,0,0,0,0,,,,
FLOWUSDT,1h,price_channel,0,0,0,0,,,,
FLOWUSDT,1h,volume_spike,0,0,0,0,,,,
FLOWUSDT,1h,golden_cross,0,0,0,0,,,,
FLOWUSDT,1h,rsi_divergence,0,0,0,0,,,,
FLOWUSDT,1h,bullish_engulfing,0,0,0,0,,,,
FLOWUSDT,1h,bearish_engulfing,0,0,0,0,,,,
FLOWUSDT,4h,ema_crossover,0,0,0,0,,,,
FLOWUSDT,4h,macd_crossover,0,0,0,0,,,,
FLOWUSDT,4h,stochastic,0,0,0,0,,,,
FLOWUSDT,4h,atr_breakout,0,0,0,0,,,,
FLOWUSDT,4h,bollinger_bounce,0,0,0,0,,,,
FLOWUSDT,4h,price_channel,0,0,0,0,,,,
FLOWUSDT,4h,volume_spike,0,0,0,0,,,,
FLOWUSDT,4h,golden_cross,1,1,0,0,1.27,0.56,38.21,18
FLOWUSDT,4h,rsi_ob_os,2,0,0,2,1.275,2.355,12.205,13.5
FLOWUSDT,4h,rsi_divergence,0,0,0,0,,,,
FLOWUSDT,4h,bearish_engulfing,1,1,0,0,1.21,0.0,35.53,1
FLOWUSDT,1d,ema_crossover,0,0,0,0,,,,
FLOWUSDT,1d,rsi_ob_os,0,0,0,0,,,,
FLOWUSDT,1d,macd_crossover,0,0,0,0,,,,
FLOWUSDT,1d,stochastic,0,0,0,0,,,,
FLOWUSDT,4h,bullish_engulfing,1,0,0,1,1.4,2.12,15.87,13
FLOWUSDT,1d,price_channel,0,0,0,0,,,,
FLOWUSDT,1d,volume_spike,0,0,0,0,,,,
FLOWUSDT,1d,golden_cross,0,0,0,0,,,,
FLOWUSDT,1d,atr_breakout,0,0,0,0,,,,
FLOWUSDT,1d,bollinger_bounce,0,0,0,0,,,,
FLOWUSDT,1d,rsi_divergence,0,0,0,0,,,,
FLOWUSDT,1d,bullish_engulfing,0,0,0,0,,,,
FLOWUSDT,1d,bearish_engulfing,0,0,0,0,,,,
GRTUSDT,5m,rsi_ob_os,0,0,0,0,,,,
GRTUSDT,5m,stochastic,0,0,0,0,,,,
GRTUSDT,5m,ema_crossover,0,0,0,0,,,,
GRTUSDT,5m,macd_crossover,0,0,0,0,,,,
GRTUSDT,5m,bollinger_bounce,0,0,0,0,,,,
GRTUSDT,5m,atr_breakout,0,0,0,0,,,,
GRTUSDT,5m,price_channel,0,0,0,0,,,,
GRTUSDT,5m,volume_spike,0,0,0,0,,,,
GRTUSDT,5m,golden_cross,0,0,0,0,,,,
GRTUSDT,5m,rsi_divergence,0,0,0,0,,,,
GRTUSDT,5m,bullish_engulfing,0,0,0,0,,,,
GRTUSDT,5m,bearish_engulfing,0,0,0,0,,,,
GRTUSDT,15m,ema_crossover,0,0,0,0,,,,
GRTUSDT,15m,rsi_ob_os,0,0,0,0,,,,
GRTUSDT,15m,stochastic,0,0,0,0,,,,
GRTUSDT,15m,macd_crossover,0,0,0,0,,,,
GRTUSDT,15m,bollinger_bounce,0,0,0,0,,,,
GRTUSDT,15m,price_channel,0,0,0,0,,,,
GRTUSDT,15m,volume_spike,0,0,0,0,,,,
GRTUSDT,15m,atr_breakout,0,0,0,0,,,,
GRTUSDT,15m,golden_cross,0,0,0,0,,,,
GRTUSDT,15m,rsi_divergence,0,0,0,0,,,,
GRTUSDT,15m,bullish_engulfing,0,0,0,0,,,,
GRTUSDT,15m,bearish_engulfing,0,0,0,0,,,,
GRTUSDT,30m,ema_crossover,0,0,0,0,,,,
GRTUSDT,30m,macd_crossover,0,0,0,0,,,,
GRTUSDT,30m,rsi_ob_os,0,0,0,0,,,,
GRTUSDT,30m,stochastic,0,0,0,0,,,,
GRTUSDT,30m,atr_breakout,0,0,0,0,,,,
GRTUSDT,30m,bollinger_bounce,0,0,0,0,,,,
GRTUSDT,30m,price_channel,0,0,0,0,,,,
GRTUSDT,30m,volume_spike,0,0,0,0,,,,
GRTUSDT,30m,golden_cross,0,0,0,0,,,,
GRTUSDT,30m,rsi_divergence,0,0,0,0,,,,
GRTUSDT,30m,bullish_engulfing,0,0,0,0,,,,
GRTUSDT,30m,bearish_engulfing,0,0,0,0,,,,
GRTUSDT,1h,ema_crossover,0,0,0,0,,,,
GRTUSDT,1h,macd_crossover,0,0,0,0,,,,
GRTUSDT,1h,rsi_ob_os,0,0,0,0,,,,
GRTUSDT,1h,stochastic,0,0,0,0,,,,
GRTUSDT,1h,atr_breakout,0,0,0,0,,,,
GRTUSDT,1h,bollinger_bounce,0,0,0,0,,,,
GRTUSDT,1h,price_channel,0,0,0,0,,,,
GRTUSDT,1h,volume_spike,0,0,0,0,,,,
GRTUSDT,1h,golden_cross,0,0,0,0,,,,
GRTUSDT,1h,rsi_divergence,0,0,0,0,,,,
GRTUSDT,1h,bullish_engulfing,0,0,0,0,,,,
GRTUSDT,1h,bearish_engulfing,0,0,0,0,,,,
GRTUSDT,4h,ema_crossover,0,0,0,0,,,,
GRTUSDT,4h,macd_crossover,0,0,0,0,,,,
GRTUSDT,4h,rsi_ob_os,0,0,0,0,,,,
GRTUSDT,4h,stochastic,0,0,0,0,,,,
GRTUSDT,4h,atr_breakout,0,0,0,0,,,,
GRTUSDT,4h,bollinger_bounce,0,0,0,0,,,,
GRTUSDT,4h,price_channel,0,0,0,0,,,,
GRTUSDT,4h,volume_spike,0,0,0,0,,,,
GRTUSDT,4h,bullish_engulfing,0,0,0,0,,,,
GRTUSDT,4h,bearish_engulfing,0,0,0,0,,,,
GRTUSDT,4h,golden_cross,0,0,0,0,,,,
GRTUSDT,4h,rsi_divergence,0,0,0,0,,,,
GRTUSDT,1d,macd_crossover,0,0,0,0,,,,
GRTUSDT,1d,rsi_ob_os,0,0,0,0,,,,
GRTUSDT,1d,stochastic,0,0,0,0,,,,
GRTUSDT,1d,ema_crossover,0,0,0,0,,,,
GRTUSDT,1d,bollinger_bounce,0,0,0,0,,,,
GRTUSDT,1d,price_channel,0,0,0,0,,,,
GRTUSDT,1d,volume_spike,0,0,0,0,,,,
GRTUSDT,1d,golden_cross,0,0,0,0,,,,
GRTUSDT,1d,rsi_divergence,0,0,0,0,,,,
GRTUSDT,1d,atr_breakout,0,0,0,0,,,,
GRTUSDT,1d,bullish_engulfing,0,0,0,0,,,,
GRTUSDT,1d,bearish_engulfing,0,0,0,0,,,,
HBARUSDT,5m,stochastic,0,0,0,0,,,,
HBARUSDT,5m,rsi_ob_os,0,0,0,0,,,,
HBARUSDT,5m,ema_crossover,0,0,0,0,,,,
HBARUSDT,5m,macd_crossover,0,0,0,0,,,,
HBARUSDT,5m,bollinger_bounce,0,0,0,0,,,,
HBARUSDT,5m,atr_breakout,0,0,0,0,,,,
HBARUSDT,5m,price_channel,0,0,0,0,,,,
HBARUSDT,5m,volume_spike,0,0,0,0,,,,
HBARUSDT,5m,golden_cross,0,0,0,0,,,,
HBARUSDT,5m,bullish_engulfing,0,0,0,0,,,,
HBARUSDT,5m,bearish_engulfing,0,0,0,0,,,,
HBARUSDT,5m,rsi_divergence,0,0,0,0,,,,
HBARUSDT,15m,ema_crossover,0,0,0,0,,,,
HBARUSDT,15m,macd_crossover,0,0,0,0,,,,
HBARUSDT,15m,rsi_ob_os,0,0,0,0,,,,
HBARUSDT,15m,stochastic,0,0,0,0,,,,
HBARUSDT,15m,atr_breakout,0,0,0,0,,,,
HBARUSDT,15m,bollinger_bounce,0,0,0,0,,,,
HBARUSDT,15m,price_channel,0,0,0,0,,,,
HBARUSDT,15m,volume_spike,0,0,0,0,,,,
HBARUSDT,15m,golden_cross,0,0,0,0,,,,
HBARUSDT,15m,rsi_divergence,0,0,0,0,,,,
HBARUSDT,15m,bullish_engulfing,0,0,0,0,,,,
HBARUSDT,15m,bearish_engulfing,0,0,0,0,,,,
HBARUSDT,30m,ema_crossover,0,0,0,0,,,,
HBARUSDT,30m,macd_crossover,0,0,0,0,,,,
HBARUSDT,30m,rsi_ob_os,0,0,0,0,,,,
HBARUSDT,30m,stochastic,0,0,0,0,,,,
HBARUSDT,30m,atr_breakout,0,0,0,0,,,,
HBARUSDT,30m,bollinger_bounce,0,0,0,0,,,,
HBARUSDT,30m,price_channel,0,0,0,0,,,,
HBARUSDT,30m,volume_spike,0,0,0,0,,,,
HBARUSDT,30m,golden_cross,0,0,0,0,,,,
HBARUSDT,30m,rsi_divergence,0,0,0,0,,,,
HBARUSDT,30m,bullish_engulfing,0,0,0,0,,,,
HBARUSDT,30m,bearish_engulfing,0,0,0,0,,,,
HBARUSDT,1h,ema_crossover,0,0,0,0,,,,
HBARUSDT,1h,macd_crossover,0,0,0,0,,,,
HBARUSDT,1h,rsi_ob_os,0,0,0,0,,,,
HBARUSDT,1h,stochastic,0,0,0,0,,,,
HBARUSDT,1h,atr_breakout,0,0,0,0,,,,
HBARUSDT,1h,bollinger_bounce,1,1,0,0,1.89,0.97,3.52,11
HBARUSDT,1h,price_channel,0,0,0,0,,,,
HBARUSDT,1h,volume_spike,0,0,0,0,,,,
HBARUSDT,1h,golden_cross,0,0,0,0,,,,
HBARUSDT,1h,rsi_divergence,0,0,0,0,,,,
HBARUSDT,1h,bullish_engulfing,0,0,0,0,,,,
HBARUSDT,1h,bearish_engulfing,0,0,0,0,,,,
HBARUSDT,4h,ema_crossover,0,0,0,0,,,,
HBARUSDT,4h,macd_crossover,0,0,0,0,,,,
HBARUSDT,4h,rsi_ob_os,0,0,0,0,,,,
HBARUSDT,4h,stochastic,0,0,0,0,,,,
HBARUSDT,4h,atr_breakout,0,0,0,0,,,,
HBARUSDT,4h,bollinger_bounce,0,0,0,0,,,,
HBARUSDT,4h,price_channel,0,0,0,0,,,,
HBARUSDT,4h,volume_spike,0,0,0,0,,,,
HBARUSDT,4h,bullish_engulfing,0,0,0,0,,,,
HBARUSDT,4h,golden_cross,0,0,0,0,,,,
HBARUSDT,1d,ema_crossover,0,0,0,0,,,,
HBARUSDT,4h,rsi_divergence,0,0,0,0,,,,
HBARUSDT,1d,rsi_ob_os,0,0,0,0,,,,
HBARUSDT,4h,bearish_engulfing,2,2,0,0,1.985,0.45,17.555,9.5
HBARUSDT,1d,stochastic,0,0,0,0,,,,
HBARUSDT,1d,atr_breakout,0,0,0,0,,,,
HBARUSDT,1d,macd_crossover,0,0,0,0,,,,
HBARUSDT,1d,price_channel,0,0,0,0,,,,
HBARUSDT,1d,volume_spike,0,0,0,0,,,,
HBARUSDT,1d,golden_cross,0,0,0,0,,,,
HBARUSDT,1d,rsi_divergence,0,0,0,0,,,,
HBARUSDT,1d,bullish_engulfing,0,0,0,0,,,,
HBARUSDT,1d,bollinger_bounce,0,0,0,0,,,,
HBARUSDT,1d,bearish_engulfing,0,0,0,0,,,,
ICPUSDT,5m,rsi_ob_os,0,0,0,0,,,,
ICPUSDT,5m,stochastic,0,0,0,0,,,,
ICPUSDT,5m,ema_crossover,0,0,0,0,,,,
ICPUSDT,5m,macd_crossover,0,0,0,0,,,,
ICPUSDT,5m,bollinger_bounce,0,0,0,0,,,,
ICPUSDT,5m,atr_breakout,0,0,0,0,,,,
ICPUSDT,5m,price_channel,0,0,0,0,,,,
ICPUSDT,5m,volume_spike,0,0,0,0,,,,
ICPUSDT,5m,golden_cross,0,0,0,0,,,,
ICPUSDT,5m,bullish_engulfing,0,0,0,0,,,,
ICPUSDT,5m,rsi_divergence,0,0,0,0,,,,
ICPUSDT,5m,bearish_engulfing,0,0,0,0,,,,
ICPUSDT,15m,rsi_ob_os,0,0,0,0,,,,
ICPUSDT,15m,ema_crossover,0,0,0,0,,,,
ICPUSDT,15m,macd_crossover,0,0,0,0,,,,
ICPUSDT,15m,stochastic,0,0,0,0,,,,
ICPUSDT,15m,atr_breakout,0,0,0,0,,,,
ICPUSDT,15m,bollinger_bounce,0,0,0,0,,,,
ICPUSDT,15m,price_channel,0,0,0,0,,,,
ICPUSDT,15m,volume_spike,0,0,0,0,,,,
ICPUSDT,15m,golden_cross,0,0,0,0,,,,
ICPUSDT,15m,rsi_divergence,0,0,0,0,,,,
ICPUSDT,15m,bullish_engulfing,0,0,0,0,,,,
ICPUSDT,15m,bearish_engulfing,0,0,0,0,,,,
ICPUSDT,30m,ema_crossover,0,0,0,0,,,,
ICPUSDT,30m,macd_crossover,0,0,0,0,,,,
ICPUSDT,30m,rsi_ob_os,0,0,0,0,,,,
ICPUSDT,30m,stochastic,0,0,0,0,,,,
ICPUSDT,30m,atr_breakout,0,0,0,0,,,,
ICPUSDT,30m,bollinger_bounce,0,0,0,0,,,,
ICPUSDT,30m,price_channel,0,0,0,0,,,,
ICPUSDT,30m,volume_spike,0,0,0,0,,,,
ICPUSDT,30m,golden_cross,0,0,0,0,,,,
ICPUSDT,30m,rsi_divergence,0,0,0,0,,,,
ICPUSDT,30m,bullish_engulfing,0,0,0,0,,,,
ICPUSDT,30m,bearish_engulfing,0,0,0,0,,,,
ICPUSDT,1h,ema_crossover,0,0,0,0,,,,
ICPUSDT,1h,macd_crossover,0,0,0,0,,,,
ICPUSDT,1h,rsi_ob_os,0,0,0,0,,,,
ICPUSDT,1h,stochastic,0,0,0,0,,,,
ICPUSDT,1h,atr_breakout,0,0,0,0,,,,
ICPUSDT,1h,bollinger_bounce,0,0,0,0,,,,
ICPUSDT,1h,price_channel,0,0,0,0,,,,
ICPUSDT,1h,volume_spike,0,0,0,0,,,,
ICPUSDT,1h,golden_cross,0,0,0,0,,,,
ICPUSDT,1h,rsi_divergence,0,0,0,0,,,,
ICPUSDT,1h,bullish_engulfing,0,0,0,0,,,,
ICPUSDT,1h,bearish_engulfing,0,0,0,0,,,,
ICPUSDT,4h,rsi_ob_os,0,0,0,0,,,,
ICPUSDT,4h,ema_crossover,0,0,0,0,,,,
ICPUSDT,4h,macd_crossover,0,0,0,0,,,,
ICPUSDT,4h,stochastic,0,0,0,0,,,,
ICPUSDT,4h,atr_breakout,0,0,0,0,,,,
ICPUSDT,4h,bollinger_bounce,0,0,0,0,,,,
ICPUSDT,4h,price_channel,3,3,0,0,1.74,0.61,17.1,9
ICPUSDT,4h,bullish_engulfing,0,0,0,0,,,,
ICPUSDT,4h,volume_spike,0,0,0,0,,,,
ICPUSDT,4h,golden_cross,0,0,0,0,,,,
ICPUSDT,4h,bearish_engulfing,0,0,0,0,,,,
ICPUSDT,4h,rsi_divergence,0,0,0,0,,,,
ICPUSDT,1d,ema_crossover,0,0,0,0,,,,
ICPUSDT,1d,rsi_ob_os,0,0,0,0,,,,
ICPUSDT,1d,atr_breakout,0,0,0,0,,,,
ICPUSDT,1d,stochastic,0,0,0,0,,,,
ICPUSDT,1d,bollinger_bounce,0,0,0,0,,,,
ICPUSDT,1d,macd_crossover,0,0,0,0,,,,
ICPUSDT,1d,price_channel,0,0,0,0,,,,
ICPUSDT,1d,volume_spike,0,0,0,0,,,,
ICPUSDT,1d,golden_cross,0,0,0,0,,,,
ICPUSDT,1d,rsi_divergence,0,0,0,0,,,,
ICPUSDT,1d,bullish_engulfing,0,0,0,0,,,,
ICPUSDT,1d,bearish_engulfing,0,0,0,0,,,,
JUPUSDT,5m,rsi_ob_os,0,0,0,0,,,,
JUPUSDT,5m,stochastic,0,0,0,0,,,,
JUPUSDT,5m,ema_crossover,0,0,0,0,,,,
JUPUSDT,5m,macd_crossover,0,0,0,0,,,,
JUPUSDT,5m,bollinger_bounce,0,0,0,0,,,,
JUPUSDT,5m,price_channel,0,0,0,0,,,,
JUPUSDT,5m,atr_breakout,0,0,0,0,,,,
JUPUSDT,5m,volume_spike,0,0,0,0,,,,
JUPUSDT,5m,golden_cross,0,0,0,0,,,,
JUPUSDT,5m,bullish_engulfing,0,0,0,0,,,,
JUPUSDT,5m,rsi_divergence,0,0,0,0,,,,
JUPUSDT,5m,bearish_engulfing,0,0,0,0,,,,
JUPUSDT,15m,ema_crossover,0,0,0,0,,,,
JUPUSDT,15m,macd_crossover,0,0,0,0,,,,
JUPUSDT,15m,rsi_ob_os,0,0,0,0,,,,
JUPUSDT,15m,stochastic,0,0,0,0,,,,
JUPUSDT,15m,atr_breakout,0,0,0,0,,,,
JUPUSDT,15m,bollinger_bounce,0,0,0,0,,,,
JUPUSDT,15m,price_channel,0,0,0,0,,,,
JUPUSDT,15m,volume_spike,0,0,0,0,,,,
JUPUSDT,15m,golden_cross,0,0,0,0,,,,
JUPUSDT,15m,rsi_divergence,0,0,0,0,,,,
JUPUSDT,15m,bullish_engulfing,0,0,0,0,,,,
JUPUSDT,15m,bearish_engulfing,0,0,0,0,,,,
JUPUSDT,30m,ema_crossover,0,0,0,0,,,,
JUPUSDT,30m,macd_crossover,0,0,0,0,,,,
JUPUSDT,30m,rsi_ob_os,0,0,0,0,,,,
JUPUSDT,30m,stochastic,0,0,0,0,,,,
JUPUSDT,30m,atr_breakout,0,0,0,0,,,,
JUPUSDT,30m,bollinger_bounce,0,0,0,0,,,,
JUPUSDT,30m,price_channel,0,0,0,0,,,,
JUPUSDT,30m,volume_spike,0,0,0,0,,,,
JUPUSDT,30m,golden_cross,0,0,0,0,,,,
JUPUSDT,30m,rsi_divergence,0,0,0,0,,,,
JUPUSDT,30m,bullish_engulfing,0,0,0,0,,,,
JUPUSDT,30m,bearish_engulfing,0,0,0,0,,,,
JUPUSDT,1h,ema_crossover,0,0,0,0,,,,
JUPUSDT,1h,macd_crossover,0,0,0,0,,,,
JUPUSDT,1h,rsi_ob_os,0,0,0,0,,,,
JUPUSDT,1h,stochastic,0,0,0,0,,,,
JUPUSDT,1h,atr_breakout,2,2,0,0,1.535,0.265,28.93,22.0
JUPUSDT,1h,bollinger_bounce,0,0,0,0,,,,
JUPUSDT,1h,price_channel,0,0,0,0,,,,
JUPUSDT,1h,volume_spike,0,0,0,0,,,,
JUPUSDT,1h,golden_cross,0,0,0,0,,,,
JUPUSDT,1h,rsi_divergence,0,0,0,0,,,,
JUPUSDT,1h,bullish_engulfing,0,0,0,0,,,,
JUPUSDT,1h,bearish_engulfing,0,0,0,0,,,,
JUPUSDT,4h,ema_crossover,0,0,0,0,,,,
JUPUSDT,4h,macd_crossover,0,0,0,0,,,,
JUPUSDT,4h,rsi_ob_os,0,0,0,0,,,,
JUPUSDT,4h,stochastic,0,0,0,0,,,,
JUPUSDT,4h,atr_breakout,0,0,0,0,,,,
JUPUSDT,4h,bollinger_bounce,0,0,0,0,,,,
JUPUSDT,4h,price_channel,0,0,0,0,,,,
JUPUSDT,4h,volume_spike,0,0,0,0,,,,
JUPUSDT,4h,golden_cross,0,0,0,0,,,,
JUPUSDT,4h,bearish_engulfing,0,0,0,0,,,,
JUPUSDT,4h,rsi_divergence,0,0,0,0,,,,
JUPUSDT,1d,ema_crossover,0,0,0,0,,,,
JUPUSDT,1d,rsi_ob_os,0,0,0,0,,,,
JUPUSDT,4h,bullish_engulfing,1,1,0,0,1.21,0.7,20.14,11
JUPUSDT,1d,stochastic,0,0,0,0,,,,
JUPUSDT,1d,bollinger_bounce,0,0,0,0,,,,
JUPUSDT,1d,price_channel,0,0,0,0,,,,
JUPUSDT,1d,macd_crossover,0,0,0,0,,,,
JUPUSDT,1d,volume_spike,0,0,0,0,,,,
JUPUSDT,1d,golden_cross,0,0,0,0,,,,
JUPUSDT,1d,atr_breakout,0,0,0,0,,,,
JUPUSDT,1d,bullish_engulfing,0,0,0,0,,,,
JUPUSDT,1d,bearish_engulfing,0,0,0,0,,,,
JUPUSDT,1d,rsi_divergence,0,0,0,0,,,,
LRCUSDT,5m,ema_crossover,0,0,0,0,,,,
LRCUSDT,5m,macd_crossover,0,0,0,0,,,,
LRCUSDT,5m,rsi_ob_os,0,0,0,0,,,,
LRCUSDT,5m,stochastic,0,0,0,0,,,,
LRCUSDT,5m,atr_breakout,0,0,0,0,,,,
LRCUSDT,5m,bollinger_bounce,0,0,0,0,,,,
LRCUSDT,5m,price_channel,0,0,0,0,,,,
LRCUSDT,5m,volume_spike,0,0,0,0,,,,
LRCUSDT,5m,golden_cross,0,0,0,0,,,,
LRCUSDT,5m,rsi_divergence,0,0,0,0,,,,
LRCUSDT,5m,bullish_engulfing,0,0,0,0,,,,
LRCUSDT,5m,bearish_engulfing,0,0,0,0,,,,
LRCUSDT,15m,ema_crossover,0,0,0,0,,,,
LRCUSDT,15m,macd_crossover,0,0,0,0,,,,
LRCUSDT,15m,rsi_ob_os,0,0,0,0,,,,
LRCUSDT,15m,stochastic,0,0,0,0,,,,
LRCUSDT,15m,atr_breakout,0,0,0,0,,,,
LRCUSDT,15m,bollinger_bounce,1,1,0,0,1.31,0.0,16.64,10
LRCUSDT,15m,price_channel,0,0,0,0,,,,
LRCUSDT,15m,volume_spike,0,0,0,0,,,,
LRCUSDT,15m,golden_cross,0,0,0,0,,,,
LRCUSDT,15m,rsi_divergence,4,4,0,0,1.38,0.3,15.395,12.5
LRCUSDT,15m,bullish_engulfing,0,0,0,0,,,,
LRCUSDT,15m,bearish_engulfing,0,0,0,0,,,,
LRCUSDT,30m,ema_crossover,0,0,0,0,,,,
LRCUSDT,30m,macd_crossover,0,0,0,0,,,,
LRCUSDT,30m,rsi_ob_os,0,0,0,0,,,,
LRCUSDT,30m,stochastic,0,0,0,0,,,,
LRCUSDT,30m,atr_breakout,0,0,0,0,,,,
LRCUSDT,30m,bollinger_bounce,0,0,0,0,,,,
LRCUSDT,30m,price_channel,0,0,0,0,,,,
LRCUSDT,30m,volume_spike,0,0,0,0,,,,
LRCUSDT,30m,bullish_engulfing,0,0,0,0,,,,
LRCUSDT,30m,bearish_engulfing,0,0,0,0,,,,
LRCUSDT,30m,golden_cross,0,0,0,0,,,,
LRCUSDT,30m,rsi_divergence,0,0,0,0,,,,
LRCUSDT,1h,rsi_ob_os,0,0,0,0,,,,
LRCUSDT,1h,ema_crossover,0,0,0,0,,,,
LRCUSDT,1h,macd_crossover,0,0,0,0,,,,
LRCUSDT,1h,stochastic,0,0,0,0,,,,
LRCUSDT,1h,atr_breakout,0,0,0,0,,,,
LRCUSDT,1h,volume_spike,0,0,0,0,,,,
LRCUSDT,1h,bollinger_bounce,0,0,0,0,,,,
LRCUSDT,1h,rsi_divergence,0,0,0,0,,,,
LRCUSDT,1h,price_channel,0,0,0,0,,,,
LRCUSDT,1h,bullish_engulfing,0,0,0,0,,,,
LRCUSDT,1h,bearish_engulfing,0,0,0,0,,,,
LRCUSDT,1h,golden_cross,0,0,0,0,,,,
LRCUSDT,4h,rsi_ob_os,0,0,0,0,,,,
LRCUSDT,4h,stochastic,0,0,0,0,,,,
LRCUSDT,4h,atr_breakout,0,0,0,0,,,,
LRCUSDT,4h,ema_crossover,0,0,0,0,,,,
LRCUSDT,4h,macd_crossover,0,0,0,0,,,,
LRCUSDT,4h,bollinger_bounce,0,0,0,0,,,,
LRCUSDT,4h,price_channel,0,0,0,0,,,,
LRCUSDT,4h,volume_spike,0,0,0,0,,,,
LRCUSDT,4h,golden_cross,0,0,0,0,,,,
LRCUSDT,4h,rsi_divergence,0,0,0,0,,,,
LRCUSDT,4h,bullish_engulfing,0,0,0,0,,,,
LRCUSDT,4h,bearish_engulfing,0,0,0,0,,,,
LRCUSDT,1d,rsi_ob_os,0,0,0,0,,,,
LRCUSDT,1d,stochastic,0,0,0,0,,,,
LRCUSDT,1d,atr_breakout,0,0,0,0,,,,
LRCUSDT,1d,ema_crossover,0,0,0,0,,,,
LRCUSDT,1d,macd_crossover,0,0,0,0,,,,
LRCUSDT,1d,bollinger_bounce,0,0,0,0,,,,
LRCUSDT,1d,price_channel,0,0,0,0,,,,
LRCUSDT,1d,volume_spike,0,0,0,0,,,,
LRCUSDT,1d,golden_cross,0,0,0,0,,,,
LRCUSDT,1d,rsi_divergence,0,0,0,0,,,,
LRCUSDT,1d,bullish_engulfing,0,0,0,0,,,,
LRCUSDT,1d,bearish_engulfing,0,0,0,0,,,,
LTCUSDT,5m,rsi_ob_os,0,0,0,0,,,,
LTCUSDT,5m,stochastic,0,0,0,0,,,,
LTCUSDT,5m,macd_crossover,0,0,0,0,,,,
LTCUSDT,5m,ema_crossover,0,0,0,0,,,,
LTCUSDT,5m,bollinger_bounce,0,0,0,0,,,,
LTCUSDT,5m,atr_breakout,0,0,0,0,,,,
LTCUSDT,5m,price_channel,0,0,0,0,,,,
LTCUSDT,5m,volume_spike,0,0,0,0,,,,
LTCUSDT,5m,golden_cross,0,0,0,0,,,,
LTCUSDT,5m,bullish_engulfing,0,0,0,0,,,,
LTCUSDT,5m,rsi_divergence,0,0,0,0,,,,
LTCUSDT,5m,bearish_engulfing,0,0,0,0,,,,
LTCUSDT,15m,ema_crossover,0,0,0,0,,,,
LTCUSDT,15m,macd_crossover,0,0,0,0,,,,
LTCUSDT,15m,rsi_ob_os,0,0,0,0,,,,
LTCUSDT,15m,stochastic,0,0,0,0,,,,
LTCUSDT,15m,atr_breakout,0,0,0,0,,,,
LTCUSDT,15m,bollinger_bounce,0,0,0,0,,,,
LTCUSDT,15m,price_channel,0,0,0,0,,,,
LTCUSDT,15m,volume_spike,0,0,0,0,,,,
LTCUSDT,15m,golden_cross,0,0,0,0,,,,
LTCUSDT,15m,rsi_divergence,0,0,0,0,,,,
LTCUSDT,15m,bullish_engulfing,0,0,0,0,,,,
LTCUSDT,15m,bearish_engulfing,0,0,0,0,,,,
LTCUSDT,30m,ema_crossover,0,0,0,0,,,,
LTCUSDT,30m,macd_crossover,0,0,0,0,,,,
LTCUSDT,30m,rsi_ob_os,0,0,0,0,,,,
LTCUSDT,30m,stochastic,0,0,0,0,,,,
LTCUSDT,30m,atr_breakout,0,0,0,0,,,,
LTCUSDT,30m,bollinger_bounce,0,0,0,0,,,,
LTCUSDT,30m,price_channel,0,0,0,0,,,,
LTCUSDT,30m,volume_spike,0,0,0,0,,,,
LTCUSDT,30m,golden_cross,0,0,0,0,,,,
LTCUSDT,30m,rsi_divergence,0,0,0,0,,,,
LTCUSDT,30m,bullish_engulfing,0,0,0,0,,,,
LTCUSDT,30m,bearish_engulfing,0,0,0,0,,,,
LTCUSDT,1h,ema_crossover,0,0,0,0,,,,
LTCUSDT,1h,macd_crossover,0,0,0,0,,,,
LTCUSDT,1h,rsi_ob_os,0,0,0,0,,,,
LTCUSDT,1h,stochastic,0,0,0,0,,,,
LTCUSDT,1h,atr_breakout,0,0,0,0,,,,
LTCUSDT,1h,bollinger_bounce,0,0,0,0,,,,
LTCUSDT,1h,price_channel,0,0,0,0,,,,
LTCUSDT,1h,volume_spike,0,0,0,0,,,,
LTCUSDT,1h,golden_cross,0,0,0,0,,,,
LTCUSDT,1h,rsi_divergence,0,0,0,0,,,,
LTCUSDT,1h,bullish_engulfing,0,0,0,0,,,,
LTCUSDT,1h,bearish_engulfing,0,0,0,0,,,,
LTCUSDT,4h,ema_crossover,0,0,0,0,,,,
LTCUSDT,4h,macd_crossover,0,0,0,0,,,,
LTCUSDT,4h,rsi_ob_os,0,0,0,0,,,,
LTCUSDT,4h,stochastic,0,0,0,0,,,,
LTCUSDT,4h,atr_breakout,0,0,0,0,,,,
LTCUSDT,4h,bollinger_bounce,0,0,0,0,,,,
LTCUSDT,4h,price_channel,0,0,0,0,,,,
LTCUSDT,4h,golden_cross,0,0,0,0,,,,
LTCUSDT,4h,rsi_divergence,0,0,0,0,,,,
LTCUSDT,4h,bullish_engulfing,0,0,0,0,,,,
LTCUSDT,4h,bearish_engulfing,0,0,0,0,,,,
LTCUSDT,1d,ema_crossover,0,0,0,0,,,,
LTCUSDT,1d,rsi_ob_os,0,0,0,0,,,,
LTCUSDT,1d,macd_crossover,0,0,0,0,,,,
LTCUSDT,1d,stochastic,0,0,0,0,,,,
LTCUSDT,1d,atr_breakout,0,0,0,0,,,,
LTCUSDT,1d,bollinger_bounce,0,0,0,0,,,,
LTCUSDT,1d,price_channel,0,0,0,0,,,,
LTCUSDT,1d,volume_spike,0,0,0,0,,,,
LTCUSDT,1d,golden_cross,0,0,0,0,,,,
LTCUSDT,1d,rsi_divergence,0,0,0,0,,,,
LTCUSDT,1d,bullish_engulfing,0,0,0,0,,,,
LTCUSDT,1d,bearish_engulfing,0,0,0,0,,,,
LTCUSDT,4h,volume_spike,4,0,0,4,1.35,1.43,7.82,11.0
MAGICUSDT,5m,rsi_ob_os,0,0,0,0,,,,
MAGICUSDT,5m,stochastic,0,0,0,0,,,,
MAGICUSDT,5m,ema_crossover,0,0,0,0,,,,
MAGICUSDT,5m,macd_crossover,0,0,0,0,,,,
MAGICUSDT,5m,atr_breakout,0,0,0,0,,,,
MAGICUSDT,5m,bollinger_bounce,0,0,0,0,,,,
MAGICUSDT,5m,price_channel,0,0,0,0,,,,
MAGICUSDT,5m,volume_spike,0,0,0,0,,,,
MAGICUSDT,5m,golden_cross,0,0,0,0,,,,
MAGICUSDT,5m,bullish_engulfing,0,0,0,0,,,,
MAGICUSDT,5m,rsi_divergence,0,0,0,0,,,,
MAGICUSDT,5m,bearish_engulfing,0,0,0,0,,,,
MAGICUSDT,15m,ema_crossover,0,0,0,0,,,,
MAGICUSDT,15m,rsi_ob_os,0,0,0,0,,,,
MAGICUSDT,15m,stochastic,0,0,0,0,,,,
MAGICUSDT,15m,macd_crossover,0,0,0,0,,,,
MAGICUSDT,15m,atr_breakout,0,0,0,0,,,,
MAGICUSDT,15m,bollinger_bounce,0,0,0,0,,,,
MAGICUSDT,15m,price_channel,0,0,0,0,,,,
MAGICUSDT,15m,volume_spike,0,0,0,0,,,,
MAGICUSDT,15m,golden_cross,0,0,0,0,,,,
MAGICUSDT,15m,rsi_divergence,0,0,0,0,,,,
MAGICUSDT,15m,bullish_engulfing,0,0,0,0,,,,
MAGICUSDT,15m,bearish_engulfing,0,0,0,0,,,,
MAGICUSDT,30m,ema_crossover,0,0,0,0,,,,
MAGICUSDT,30m,macd_crossover,0,0,0,0,,,,
MAGICUSDT,30m,rsi_ob_os,0,0,0,0,,,,
MAGICUSDT,30m,stochastic,0,0,0,0,,,,
MAGICUSDT,30m,atr_breakout,0,0,0,0,,,,
MAGICUSDT,30m,bollinger_bounce,0,0,0,0,,,,
MAGICUSDT,30m,price_channel,0,0,0,0,,,,
MAGICUSDT,30m,volume_spike,0,0,0,0,,,,
MAGICUSDT,30m,golden_cross,0,0,0,0,,,,
MAGICUSDT,30m,rsi_divergence,0,0,0,0,,,,
MAGICUSDT,30m,bullish_engulfing,0,0,0,0,,,,
MAGICUSDT,30m,bearish_engulfing,0,0,0,0,,,,
MAGICUSDT,1h,ema_crossover,0,0,0,0,,,,
MAGICUSDT,1h,macd_crossover,0,0,0,0,,,,
MAGICUSDT,1h,rsi_ob_os,0,0,0,0,,,,
MAGICUSDT,1h,stochastic,0,0,0,0,,,,
MAGICUSDT,1h,atr_breakout,0,0,0,0,,,,
MAGICUSDT,1h,bollinger_bounce,0,0,0,0,,,,
MAGICUSDT,1h,price_channel,0,0,0,0,,,,
MAGICUSDT,1h,volume_spike,0,0,0,0,,,,
MAGICUSDT,1h,golden_cross,0,0,0,0,,,,
MAGICUSDT,1h,rsi_divergence,0,0,0,0,,,,
MAGICUSDT,1h,bullish_engulfing,0,0,0,0,,,,
MAGICUSDT,1h,bearish_engulfing,0,0,0,0,,,,
MAGICUSDT,4h,ema_crossover,0,0,0,0,,,,
MAGICUSDT,4h,macd_crossover,0,0,0,0,,,,
MAGICUSDT,4h,rsi_ob_os,0,0,0,0,,,,
MAGICUSDT,4h,stochastic,0,0,0,0,,,,
MAGICUSDT,4h,atr_breakout,0,0,0,0,,,,
MAGICUSDT,4h,bollinger_bounce,0,0,0,0,,,,
MAGICUSDT,4h,price_channel,0,0,0,0,,,,
MAGICUSDT,4h,volume_spike,0,0,0,0,,,,
MAGICUSDT,4h,bullish_engulfing,0,0,0,0,,,,
MAGICUSDT,4h,golden_cross,0,0,0,0,,,,
MAGICUSDT,4h,bearish_engulfing,0,0,0,0,,,,
MAGICUSDT,1d,ema_crossover,0,0,0,0,,,,
MAGICUSDT,4h,rsi_divergence,0,0,0,0,,,,
MAGICUSDT,1d,rsi_ob_os,0,0,0,0,,,,
MAGICUSDT,1d,stochastic,0,0,0,0,,,,
MAGICUSDT,1d,atr_breakout,0,0,0,0,,,,
MAGICUSDT,1d,bollinger_bounce,0,0,0,0,,,,
MAGICUSDT,1d,price_channel,0,0,0,0,,,,
MAGICUSDT,1d,macd_crossover,0,0,0,0,,,,
MAGICUSDT,1d,volume_spike,0,0,0,0,,,,
MAGICUSDT,1d,golden_cross,0,0,0,0,,,,
MAGICUSDT,1d,rsi_divergence,0,0,0,0,,,,
MAGICUSDT,1d,bullish_engulfing,0,0,0,0,,,,
MAGICUSDT,1d,bearish_engulfing,0,0,0,0,,,,
NEARUSDT,5m,rsi_ob_os,0,0,0,0,,,,
NEARUSDT,5m,stochastic,0,0,0,0,,,,
NEARUSDT,5m,ema_crossover,0,0,0,0,,,,
NEARUSDT,5m,macd_crossover,0,0,0,0,,,,
NEARUSDT,5m,bollinger_bounce,0,0,0,0,,,,
NEARUSDT,5m,price_channel,0,0,0,0,,,,
NEARUSDT,5m,atr_breakout,0,0,0,0,,,,
NEARUSDT,5m,volume_spike,0,0,0,0,,,,
NEARUSDT,5m,golden_cross,0,0,0,0,,,,
NEARUSDT,5m,bullish_engulfing,0,0,0,0,,,,
NEARUSDT,5m,rsi_divergence,0,0,0,0,,,,
NEARUSDT,5m,bearish_engulfing,0,0,0,0,,,,
NEARUSDT,15m,rsi_ob_os,0,0,0,0,,,,
NEARUSDT,15m,macd_crossover,0,0,0,0,,,,
NEARUSDT,15m,ema_crossover,0,0,0,0,,,,
NEARUSDT,15m,stochastic,0,0,0,0,,,,
NEARUSDT,15m,atr_breakout,0,0,0,0,,,,
NEARUSDT,15m,price_channel,0,0,0,0,,,,
NEARUSDT,15m,volume_spike,0,0,0,0,,,,
NEARUSDT,15m,bollinger_bounce,0,0,0,0,,,,
NEARUSDT,15m,golden_cross,0,0,0,0,,,,
NEARUSDT,15m,rsi_divergence,0,0,0,0,,,,
NEARUSDT,15m,bullish_engulfing,0,0,0,0,,,,
NEARUSDT,15m,bearish_engulfing,0,0,0,0,,,,
NEARUSDT,30m,ema_crossover,0,0,0,0,,,,
NEARUSDT,30m,macd_crossover,0,0,0,0,,,,
NEARUSDT,30m,rsi_ob_os,0,0,0,0,,,,
NEARUSDT,30m,stochastic,0,0,0,0,,,,
NEARUSDT,30m,atr_breakout,0,0,0,0,,,,
NEARUSDT,30m,bollinger_bounce,0,0,0,0,,,,
NEARUSDT,30m,price_channel,0,0,0,0,,,,
NEARUSDT,30m,volume_spike,0,0,0,0,,,,
NEARUSDT,30m,golden_cross,0,0,0,0,,,,
NEARUSDT,30m,rsi_divergence,0,0,0,0,,,,
NEARUSDT,30m,bullish_engulfing,0,0,0,0,,,,
NEARUSDT,30m,bearish_engulfing,0,0,0,0,,,,
NEARUSDT,1h,ema_crossover,0,0,0,0,,,,
NEARUSDT,1h,macd_crossover,0,0,0,0,,,,
NEARUSDT,1h,rsi_ob_os,0,0,0,0,,,,
NEARUSDT,1h,stochastic,0,0,0,0,,,,
NEARUSDT,1h,atr_breakout,0,0,0,0,,,,
NEARUSDT,1h,price_channel,0,0,0,0,,,,
NEARUSDT,1h,volume_spike,0,0,0,0,,,,
NEARUSDT,1h,golden_cross,0,0,0,0,,,,
NEARUSDT,1h,bollinger_bounce,1,0,0,1,1.2,2.19,7.88,10
NEARUSDT,1h,rsi_divergence,2,2,0,0,1.28,0.4,19.35,18.0
NEARUSDT,1h,bullish_engulfing,0,0,0,0,,,,
NEARUSDT,1h,bearish_engulfing,0,0,0,0,,,,
NEARUSDT,4h,ema_crossover,0,0,0,0,,,,
NEARUSDT,4h,macd_crossover,0,0,0,0,,,,
NEARUSDT,4h,rsi_ob_os,1,1,0,0,2.37,0.16,34.93,10
NEARUSDT,4h,stochastic,0,0,0,0,,,,
NEARUSDT,4h,atr_breakout,0,0,0,0,,,,
NEARUSDT,4h,bollinger_bounce,0,0,0,0,,,,
NEARUSDT,4h,price_channel,0,0,0,0,,,,
NEARUSDT,4h,volume_spike,4,4,0,0,1.54,0.47,29.16,16.0
NEARUSDT,4h,golden_cross,0,0,0,0,,,,
NEARUSDT,4h,rsi_divergence,0,0,0,0,,,,
NEARUSDT,1d,ema_crossover,0,0,0,0,,,,
NEARUSDT,4h,bullish_engulfing,0,0,0,0,,,,
NEARUSDT,4h,bearish_engulfing,0,0,0,0,,,,
NEARUSDT,1d,rsi_ob_os,0,0,0,0,,,,
NEARUSDT,1d,stochastic,0,0,0,0,,,,
NEARUSDT,1d,atr_breakout,0,0,0,0,,,,
NEARUSDT,1d,bollinger_bounce,0,0,0,0,,,,
NEARUSDT,1d,macd_crossover,0,0,0,0,,,,
NEARUSDT,1d,price_channel,0,0,0,0,,,,
NEARUSDT,1d,volume_spike,0,0,0,0,,,,
NEARUSDT,1d,golden_cross,0,0,0,0,,,,
NEARUSDT,1d,rsi_divergence,0,0,0,0,,,,
NEARUSDT,1d,bullish_engulfing,0,0,0,0,,,,
NEARUSDT,1d,bearish_engulfing,0,0,0,0,,,,
ONDOUSDT,5m,rsi_ob_os,0,0,0,0,,,,
ONDOUSDT,5m,stochastic,0,0,0,0,,,,
ONDOUSDT,5m,ema_crossover,0,0,0,0,,,,
ONDOUSDT,5m,macd_crossover,0,0,0,0,,,,
ONDOUSDT,5m,bollinger_bounce,0,0,0,0,,,,
ONDOUSDT,5m,price_channel,0,0,0,0,,,,
ONDOUSDT,5m,atr_breakout,0,0,0,0,,,,
ONDOUSDT,5m,volume_spike,0,0,0,0,,,,
ONDOUSDT,5m,golden_cross,0,0,0,0,,,,
ONDOUSDT,5m,bullish_engulfing,0,0,0,0,,,,
ONDOUSDT,5m,bearish_engulfing,0,0,0,0,,,,
ONDOUSDT,5m,rsi_divergence,0,0,0,0,,,,
ONDOUSDT,15m,ema_crossover,0,0,0,0,,,,
ONDOUSDT,15m,macd_crossover,0,0,0,0,,,,
ONDOUSDT,15m,stochastic,0,0,0,0,,,,
ONDOUSDT,15m,rsi_ob_os,0,0,0,0,,,,
ONDOUSDT,15m,atr_breakout,3,3,0,0,1.5867,0.7767,12.8467,20
ONDOUSDT,15m,bollinger_bounce,0,0,0,0,,,,
ONDOUSDT,15m,price_channel,0,0,0,0,,,,
ONDOUSDT,15m,volume_spike,0,0,0,0,,,,
ONDOUSDT,15m,golden_cross,0,0,0,0,,,,
ONDOUSDT,15m,rsi_divergence,0,0,0,0,,,,
ONDOUSDT,15m,bullish_engulfing,0,0,0,0,,,,
ONDOUSDT,15m,bearish_engulfing,0,0,0,0,,,,
ONDOUSDT,30m,ema_crossover,0,0,0,0,,,,
ONDOUSDT,30m,macd_crossover,0,0,0,0,,,,
ONDOUSDT,30m,rsi_ob_os,0,0,0,0,,,,
ONDOUSDT,30m,stochastic,0,0,0,0,,,,
ONDOUSDT,30m,atr_breakout,0,0,0,0,,,,
ONDOUSDT,30m,bollinger_bounce,0,0,0,0,,,,
ONDOUSDT,30m,price_channel,0,0,0,0,,,,
ONDOUSDT,30m,volume_spike,0,0,0,0,,,,
ONDOUSDT,30m,golden_cross,0,0,0,0,,,,
ONDOUSDT,30m,rsi_divergence,0,0,0,0,,,,
ONDOUSDT,30m,bullish_engulfing,0,0,0,0,,,,
ONDOUSDT,30m,bearish_engulfing,0,0,0,0,,,,
ONDOUSDT,1h,ema_crossover,0,0,0,0,,,,
ONDOUSDT,1h,macd_crossover,0,0,0,0,,,,
ONDOUSDT,1h,rsi_ob_os,0,0,0,0,,,,
ONDOUSDT,1h,stochastic,0,0,0,0,,,,
ONDOUSDT,1h,bollinger_bounce,0,0,0,0,,,,
ONDOUSDT,1h,price_channel,0,0,0,0,,,,
ONDOUSDT,1h,volume_spike,0,0,0,0,,,,
ONDOUSDT,1h,atr_breakout,1,0,0,1,1.21,1.56,10.01,14
ONDOUSDT,1h,golden_cross,0,0,0,0,,,,
ONDOUSDT,1h,rsi_divergence,0,0,0,0,,,,
ONDOUSDT,1h,bullish_engulfing,0,0,0,0,,,,
ONDOUSDT,1h,bearish_engulfing,0,0,0,0,,,,
ONDOUSDT,4h,ema_crossover,0,0,0,0,,,,
ONDOUSDT,4h,macd_crossover,0,0,0,0,,,,
ONDOUSDT,4h,rsi_ob_os,0,0,0,0,,,,
ONDOUSDT,4h,stochastic,0,0,0,0,,,,
ONDOUSDT,4h,atr_breakout,0,0,0,0,,,,
ONDOUSDT,4h,bollinger_bounce,1,1,0,0,1.9,0.74,14.36,6
ONDOUSDT,4h,price_channel,0,0,0,0,,,,
ONDOUSDT,4h,volume_spike,4,4,0,0,1.43,0.53,28.06,12.0
ONDOUSDT,4h,golden_cross,0,0,0,0,,,,
ONDOUSDT,4h,bearish_engulfing,0,0,0,0,,,,
ONDOUSDT,4h,rsi_divergence,0,0,0,0,,,,
ONDOUSDT,4h,bullish_engulfing,0,0,0,0,,,,
ONDOUSDT,1d,rsi_ob_os,0,0,0,0,,,,
ONDOUSDT,1d,stochastic,0,0,0,0,,,,
ONDOUSDT,1d,atr_breakout,0,0,0,0,,,,
ONDOUSDT,1d,ema_crossover,0,0,0,0,,,,
ONDOUSDT,1d,bollinger_bounce,0,0,0,0,,,,
ONDOUSDT,1d,macd_crossover,0,0,0,0,,,,
ONDOUSDT,1d,price_channel,0,0,0,0,,,,
ONDOUSDT,1d,volume_spike,0,0,0,0,,,,
ONDOUSDT,1d,golden_cross,0,0,0,0,,,,
ONDOUSDT,1d,rsi_divergence,0,0,0,0,,,,
ONDOUSDT,1d,bullish_engulfing,0,0,0,0,,,,
ONDOUSDT,1d,bearish_engulfing,0,0,0,0,,,,
PEPEUSDT,5m,rsi_ob_os,0,0,0,0,,,,
PEPEUSDT,5m,stochastic,0,0,0,0,,,,
PEPEUSDT,5m,ema_crossover,0,0,0,0,,,,
PEPEUSDT,5m,macd_crossover,0,0,0,0,,,,
PEPEUSDT,5m,bollinger_bounce,0,0,0,0,,,,
PEPEUSDT,5m,price_channel,0,0,0,0,,,,
PEPEUSDT,5m,atr_breakout,0,0,0,0,,,,
PEPEUSDT,5m,volume_spike,0,0,0,0,,,,
PEPEUSDT,5m,golden_cross,0,0,0,0,,,,
PEPEUSDT,5m,bullish_engulfing,0,0,0,0,,,,
PEPEUSDT,5m,rsi_divergence,0,0,0,0,,,,
PEPEUSDT,5m,bearish_engulfing,0,0,0,0,,,,
PEPEUSDT,15m,ema_crossover,0,0,0,0,,,,
PEPEUSDT,15m,rsi_ob_os,0,0,0,0,,,,
PEPEUSDT,15m,stochastic,0,0,0,0,,,,
PEPEUSDT,15m,macd_crossover,0,0,0,0,,,,
PEPEUSDT,15m,atr_breakout,0,0,0,0,,,,
PEPEUSDT,15m,bollinger_bounce,0,0,0,0,,,,
PEPEUSDT,15m,price_channel,0,0,0,0,,,,
PEPEUSDT,15m,volume_spike,0,0,0,0,,,,
PEPEUSDT,15m,golden_cross,0,0,0,0,,,,
PEPEUSDT,15m,rsi_divergence,0,0,0,0,,,,
PEPEUSDT,15m,bullish_engulfing,0,0,0,0,,,,
PEPEUSDT,15m,bearish_engulfing,0,0,0,0,,,,
PEPEUSDT,30m,ema_crossover,0,0,0,0,,,,
PEPEUSDT,30m,macd_crossover,0,0,0,0,,,,
PEPEUSDT,30m,rsi_ob_os,0,0,0,0,,,,
PEPEUSDT,30m,stochastic,0,0,0,0,,,,
PEPEUSDT,30m,atr_breakout,0,0,0,0,,,,
PEPEUSDT,30m,bollinger_bounce,0,0,0,0,,,,
PEPEUSDT,30m,price_channel,0,0,0,0,,,,
PEPEUSDT,30m,volume_spike,0,0,0,0,,,,
PEPEUSDT,30m,golden_cross,0,0,0,0,,,,
PEPEUSDT,30m,rsi_divergence,0,0,0,0,,,,
PEPEUSDT,30m,bullish_engulfing,0,0,0,0,,,,
PEPEUSDT,30m,bearish_engulfing,0,0,0,0,,,,
PEPEUSDT,1h,ema_crossover,0,0,0,0,,,,
PEPEUSDT,1h,macd_crossover,0,0,0,0,,,,
PEPEUSDT,1h,rsi_ob_os,0,0,0,0,,,,
PEPEUSDT,1h,stochastic,0,0,0,0,,,,
PEPEUSDT,1h,atr_breakout,0,0,0,0,,,,
PEPEUSDT,1h,bollinger_bounce,0,0,0,0,,,,
PEPEUSDT,1h,price_channel,0,0,0,0,,,,
PEPEUSDT,1h,volume_spike,0,0,0,0,,,,
PEPEUSDT,1h,golden_cross,0,0,0,0,,,,
PEPEUSDT,1h,rsi_divergence,0,0,0,0,,,,
PEPEUSDT,1h,bullish_engulfing,0,0,0,0,,,,
PEPEUSDT,1h,bearish_engulfing,0,0,0,0,,,,
PEPEUSDT,4h,ema_crossover,0,0,0,0,,,,
PEPEUSDT,4h,macd_crossover,0,0,0,0,,,,
PEPEUSDT,4h,rsi_ob_os,0,0,0,0,,,,
PEPEUSDT,4h,stochastic,0,0,0,0,,,,
PEPEUSDT,4h,atr_breakout,0,0,0,0,,,,
PEPEUSDT,4h,bollinger_bounce,0,0,0,0,,,,
PEPEUSDT,4h,price_channel,0,0,0,0,,,,
PEPEUSDT,4h,volume_spike,0,0,0,0,,,,
PEPEUSDT,4h,golden_cross,0,0,0,0,,,,
PEPEUSDT,4h,bearish_engulfing,0,0,0,0,,,,
PEPEUSDT,4h,rsi_divergence,0,0,0,0,,,,
PEPEUSDT,4h,bullish_engulfing,0,0,0,0,,,,
PEPEUSDT,1d,rsi_ob_os,0,0,0,0,,,,
PEPEUSDT,1d,stochastic,0,0,0,0,,,,
PEPEUSDT,1d,ema_crossover,0,0,0,0,,,,
PEPEUSDT,1d,atr_breakout,0,0,0,0,,,,
PEPEUSDT,1d,macd_crossover,0,0,0,0,,,,
PEPEUSDT,1d,bollinger_bounce,0,0,0,0,,,,
PEPEUSDT,1d,price_channel,0,0,0,0,,,,
PEPEUSDT,1d,volume_spike,0,0,0,0,,,,
PEPEUSDT,1d,golden_cross,0,0,0,0,,,,
PEPEUSDT,1d,rsi_divergence,0,0,0,0,,,,
PEPEUSDT,1d,bullish_engulfing,0,0,0,0,,,,
PEPEUSDT,1d,bearish_engulfing,0,0,0,0,,,,
RAYUSDT,5m,rsi_ob_os,0,0,0,0,,,,
RAYUSDT,5m,stochastic,0,0,0,0,,,,
RAYUSDT,5m,macd_crossover,0,0,0,0,,,,
RAYUSDT,5m,ema_crossover,0,0,0,0,,,,
RAYUSDT,5m,bollinger_bounce,0,0,0,0,,,,
RAYUSDT,5m,price_channel,0,0,0,0,,,,
RAYUSDT,5m,atr_breakout,0,0,0,0,,,,
RAYUSDT,5m,volume_spike,0,0,0,0,,,,
RAYUSDT,5m,golden_cross,0,0,0,0,,,,
RAYUSDT,5m,bullish_engulfing,0,0,0,0,,,,
RAYUSDT,5m,rsi_divergence,0,0,0,0,,,,
RAYUSDT,5m,bearish_engulfing,0,0,0,0,,,,
RAYUSDT,15m,macd_crossover,0,0,0,0,,,,
RAYUSDT,15m,ema_crossover,0,0,0,0,,,,
RAYUSDT,15m,rsi_ob_os,0,0,0,0,,,,
RAYUSDT,15m,stochastic,0,0,0,0,,,,
RAYUSDT,15m,atr_breakout,0,0,0,0,,,,
RAYUSDT,15m,bollinger_bounce,0,0,0,0,,,,
RAYUSDT,15m,price_channel,0,0,0,0,,,,
RAYUSDT,15m,golden_cross,0,0,0,0,,,,
RAYUSDT,15m,volume_spike,0,0,0,0,,,,
RAYUSDT,15m,rsi_divergence,0,0,0,0,,,,
RAYUSDT,15m,bullish_engulfing,0,0,0,0,,,,
RAYUSDT,30m,ema_crossover,0,0,0,0,,,,
RAYUSDT,15m,bearish_engulfing,0,0,0,0,,,,
RAYUSDT,30m,macd_crossover,0,0,0,0,,,,
RAYUSDT,30m,rsi_ob_os,0,0,0,0,,,,
RAYUSDT,30m,stochastic,0,0,0,0,,,,
RAYUSDT,30m,atr_breakout,0,0,0,0,,,,
RAYUSDT,30m,bollinger_bounce,0,0,0,0,,,,
RAYUSDT,30m,price_channel,0,0,0,0,,,,
RAYUSDT,30m,volume_spike,0,0,0,0,,,,
RAYUSDT,30m,golden_cross,0,0,0,0,,,,
RAYUSDT,30m,rsi_divergence,0,0,0,0,,,,
RAYUSDT,30m,bullish_engulfing,0,0,0,0,,,,
RAYUSDT,30m,bearish_engulfing,0,0,0,0,,,,
RAYUSDT,1h,ema_crossover,0,0,0,0,,,,
RAYUSDT,1h,macd_crossover,0,0,0,0,,,,
RAYUSDT,1h,rsi_ob_os,0,0,0,0,,,,
RAYUSDT,1h,stochastic,0,0,0,0,,,,
RAYUSDT,1h,atr_breakout,0,0,0,0,,,,
RAYUSDT,1h,bollinger_bounce,0,0,0,0,,,,
RAYUSDT,1h,price_channel,0,0,0,0,,,,
RAYUSDT,1h,volume_spike,0,0,0,0,,,,
RAYUSDT,1h,golden_cross,0,0,0,0,,,,
RAYUSDT,1h,rsi_divergence,0,0,0,0,,,,
RAYUSDT,1h,bullish_engulfing,0,0,0,0,,,,
RAYUSDT,1h,bearish_engulfing,0,0,0,0,,,,
RAYUSDT,4h,ema_crossover,0,0,0,0,,,,
RAYUSDT,4h,macd_crossover,0,0,0,0,,,,
RAYUSDT,4h,rsi_ob_os,0,0,0,0,,,,
RAYUSDT,4h,stochastic,1,1,0,0,1.35,0.39,40.66,13
RAYUSDT,4h,atr_breakout,0,0,0,0,,,,
RAYUSDT,4h,bollinger_bounce,0,0,0,0,,,,
RAYUSDT,4h,price_channel,0,0,0,0,,,,
RAYUSDT,4h,volume_spike,0,0,0,0,,,,
RAYUSDT,4h,golden_cross,0,0,0,0,,,,
RAYUSDT,4h,bearish_engulfing,0,0,0,0,,,,
RAYUSDT,4h,bullish_engulfing,0,0,0,0,,,,
RAYUSDT,1d,rsi_ob_os,0,0,0,0,,,,
RAYUSDT,1d,ema_crossover,0,0,0,0,,,,
RAYUSDT,1d,stochastic,0,0,0,0,,,,
RAYUSDT,1d,macd_crossover,0,0,0,0,,,,
RAYUSDT,1d,atr_breakout,0,0,0,0,,,,
RAYUSDT,1d,bollinger_bounce,0,0,0,0,,,,
RAYUSDT,1d,price_channel,0,0,0,0,,,,
RAYUSDT,1d,volume_spike,0,0,0,0,,,,
RAYUSDT,1d,golden_cross,0,0,0,0,,,,
RAYUSDT,1d,rsi_divergence,0,0,0,0,,,,
RAYUSDT,1d,bullish_engulfing,0,0,0,0,,,,
RAYUSDT,1d,bearish_engulfing,0,0,0,0,,,,
RAYUSDT,4h,rsi_divergence,2,0,0,2,1.47,1.64,6.88,5.0
RENDERUSDT,5m,rsi_ob_os,0,0,0,0,,,,
RENDERUSDT,5m,stochastic,0,0,0,0,,,,
RENDERUSDT,5m,ema_crossover,0,0,0,0,,,,
RENDERUSDT,5m,macd_crossover,0,0,0,0,,,,
RENDERUSDT,5m,bollinger_bounce,0,0,0,0,,,,
RENDERUSDT,5m,price_channel,0,0,0,0,,,,
RENDERUSDT,5m,atr_breakout,0,0,0,0,,,,
RENDERUSDT,5m,volume_spike,0,0,0,0,,,,
RENDERUSDT,5m,golden_cross,0,0,0,0,,,,
RENDERUSDT,5m,bullish_engulfing,0,0,0,0,,,,
RENDERUSDT,5m,bearish_engulfing,0,0,0,0,,,,
RENDERUSDT,5m,rsi_divergence,0,0,0,0,,,,
RENDERUSDT,15m,rsi_ob_os,0,0,0,0,,,,
RENDERUSDT,15m,macd_crossover,0,0,0,0,,,,
RENDERUSDT,15m,ema_crossover,0,0,0,0,,,,
RENDERUSDT,15m,stochastic,0,0,0,0,,,,
RENDERUSDT,15m,price_channel,0,0,0,0,,,,
RENDERUSDT,15m,volume_spike,0,0,0,0,,,,
RENDERUSDT,15m,atr_breakout,0,0,0,0,,,,
RENDERUSDT,15m,bollinger_bounce,0,0,0,0,,,,
RENDERUSDT,15m,golden_cross,0,0,0,0,,,,
RENDERUSDT,15m,rsi_divergence,0,0,0,0,,,,
RENDERUSDT,15m,bullish_engulfing,0,0,0,0,,,,
RENDERUSDT,15m,bearish_engulfing,0,0,0,0,,,,
RENDERUSDT,30m,ema_crossover,0,0,0,0,,,,
RENDERUSDT,30m,macd_crossover,0,0,0,0,,,,
RENDERUSDT,30m,rsi_ob_os,0,0,0,0,,,,
RENDERUSDT,30m,stochastic,0,0,0,0,,,,
RENDERUSDT,30m,atr_breakout,0,0,0,0,,,,
RENDERUSDT,30m,bollinger_bounce,2,2,0,0,1.345,0.69,12.02,30.5
RENDERUSDT,30m,price_channel,0,0,0,0,,,,
RENDERUSDT,30m,volume_spike,0,0,0,0,,,,
RENDERUSDT,30m,golden_cross,0,0,0,0,,,,
RENDERUSDT,30m,rsi_divergence,0,0,0,0,,,,
RENDERUSDT,30m,bullish_engulfing,0,0,0,0,,,,
RENDERUSDT,30m,bearish_engulfing,0,0,0,0,,,,
RENDERUSDT,1h,ema_crossover,0,0,0,0,,,,
RENDERUSDT,1h,macd_crossover,0,0,0,0,,,,
RENDERUSDT,1h,rsi_ob_os,0,0,0,0,,,,
RENDERUSDT,1h,stochastic,0,0,0,0,,,,
RENDERUSDT,1h,atr_breakout,0,0,0,0,,,,
RENDERUSDT,1h,bollinger_bounce,2,1,1,0,1.365,0.94,12.255,24.5
RENDERUSDT,1h,price_channel,0,0,0,0,,,,
RENDERUSDT,1h,volume_spike,0,0,0,0,,,,
RENDERUSDT,1h,golden_cross,0,0,0,0,,,,
RENDERUSDT,1h,rsi_divergence,0,0,0,0,,,,
RENDERUSDT,1h,bullish_engulfing,0,0,0,0,,,,
RENDERUSDT,1h,bearish_engulfing,0,0,0,0,,,,
RENDERUSDT,4h,ema_crossover,0,0,0,0,,,,
RENDERUSDT,4h,macd_crossover,0,0,0,0,,,,
RENDERUSDT,4h,rsi_ob_os,0,0,0,0,,,,
RENDERUSDT,4h,stochastic,0,0,0,0,,,,
RENDERUSDT,4h,atr_breakout,0,0,0,0,,,,
RENDERUSDT,4h,bollinger_bounce,0,0,0,0,,,,
RENDERUSDT,4h,volume_spike,0,0,0,0,,,,
RENDERUSDT,4h,golden_cross,0,0,0,0,,,,
RENDERUSDT,4h,rsi_divergence,0,0,0,0,,,,
RENDERUSDT,4h,bearish_engulfing,0,0,0,0,,,,
RENDERUSDT,4h,bullish_engulfing,0,0,0,0,,,,
RENDERUSDT,1d,macd_crossover,0,0,0,0,,,,
RENDERUSDT,1d,rsi_ob_os,0,0,0,0,,,,
RENDERUSDT,1d,stochastic,0,0,0,0,,,,
RENDERUSDT,1d,ema_crossover,0,0,0,0,,,,
RENDERUSDT,1d,atr_breakout,0,0,0,0,,,,
RENDERUSDT,1d,bollinger_bounce,0,0,0,0,,,,
RENDERUSDT,1d,price_channel,0,0,0,0,,,,
RENDERUSDT,1d,volume_spike,0,0,0,0,,,,
RENDERUSDT,1d,golden_cross,0,0,0,0,,,,
RENDERUSDT,4h,price_channel,3,0,0,3,1.55,1.23,16.03,10
RENDERUSDT,1d,rsi_divergence,0,0,0,0,,,,
RENDERUSDT,1d,bullish_engulfing,0,0,0,0,,,,
RENDERUSDT,1d,bearish_engulfing,0,0,0,0,,,,
SANDUSDT,5m,rsi_ob_os,0,0,0,0,,,,
SANDUSDT,5m,stochastic,0,0,0,0,,,,
SANDUSDT,5m,macd_crossover,0,0,0,0,,,,
SANDUSDT,5m,ema_crossover,0,0,0,0,,,,
SANDUSDT,5m,bollinger_bounce,0,0,0,0,,,,
SANDUSDT,5m,price_channel,0,0,0,0,,,,
SANDUSDT,5m,atr_breakout,0,0,0,0,,,,
SANDUSDT,5m,golden_cross,0,0,0,0,,,,
SANDUSDT,5m,volume_spike,0,0,0,0,,,,
SANDUSDT,5m,bullish_engulfing,0,0,0,0,,,,
SANDUSDT,5m,rsi_divergence,0,0,0,0,,,,
SANDUSDT,5m,bearish_engulfing,0,0,0,0,,,,
SANDUSDT,15m,ema_crossover,0,0,0,0,,,,
SANDUSDT,15m,rsi_ob_os,0,0,0,0,,,,
SANDUSDT,15m,macd_crossover,0,0,0,0,,,,
SANDUSDT,15m,stochastic,0,0,0,0,,,,
SANDUSDT,15m,price_channel,0,0,0,0,,,,
SANDUSDT,15m,volume_spike,0,0,0,0,,,,
SANDUSDT,15m,atr_breakout,0,0,0,0,,,,
SANDUSDT,15m,bollinger_bounce,0,0,0,0,,,,
SANDUSDT,15m,golden_cross,0,0,0,0,,,,
SANDUSDT,15m,rsi_divergence,0,0,0,0,,,,
SANDUSDT,15m,bullish_engulfing,0,0,0,0,,,,
SANDUSDT,15m,bearish_engulfing,0,0,0,0,,,,
SANDUSDT,30m,ema_crossover,0,0,0,0,,,,
SANDUSDT,30m,macd_crossover,0,0,0,0,,,,
SANDUSDT,30m,rsi_ob_os,0,0,0,0,,,,
SANDUSDT,30m,stochastic,0,0,0,0,,,,
SANDUSDT,30m,atr_breakout,0,0,0,0,,,,
SANDUSDT,30m,bollinger_bounce,0,0,0,0,,,,
SANDUSDT,30m,price_channel,0,0,0,0,,,,
SANDUSDT,30m,volume_spike,0,0,0,0,,,,
SANDUSDT,30m,golden_cross,0,0,0,0,,,,
SANDUSDT,30m,rsi_divergence,0,0,0,0,,,,
SANDUSDT,30m,bullish_engulfing,0,0,0,0,,,,
SANDUSDT,30m,bearish_engulfing,0,0,0,0,,,,
SANDUSDT,1h,ema_crossover,0,0,0,0,,,,
SANDUSDT,1h,macd_crossover,0,0,0,0,,,,
SANDUSDT,1h,rsi_ob_os,0,0,0,0,,,,
SANDUSDT,1h,stochastic,0,0,0,0,,,,
SANDUSDT,1h,atr_breakout,0,0,0,0,,,,
SANDUSDT,1h,bollinger_bounce,0,0,0,0,,,,
SANDUSDT,1h,price_channel,0,0,0,0,,,,
SANDUSDT,1h,volume_spike,0,0,0,0,,,,
SANDUSDT,1h,golden_cross,0,0,0,0,,,,
SANDUSDT,1h,rsi_divergence,0,0,0,0,,,,
SANDUSDT,1h,bullish_engulfing,0,0,0,0,,,,
SANDUSDT,1h,bearish_engulfing,0,0,0,0,,,,
SANDUSDT,4h,ema_crossover,0,0,0,0,,,,
SANDUSDT,4h,macd_crossover,0,0,0,0,,,,
SANDUSDT,4h,rsi_ob_os,0,0,0,0,,,,
SANDUSDT,4h,stochastic,0,0,0,0,,,,
SANDUSDT,4h,atr_breakout,0,0,0,0,,,,
SANDUSDT,4h,bollinger_bounce,0,0,0,0,,,,
SANDUSDT,4h,price_channel,0,0,0,0,,,,
SANDUSDT,4h,volume_spike,0,0,0,0,,,,
SANDUSDT,4h,bullish_engulfing,0,0,0,0,,,,
SANDUSDT,4h,bearish_engulfing,0,0,0,0,,,,
SANDUSDT,4h,golden_cross,0,0,0,0,,,,
SANDUSDT,1d,ema_crossover,0,0,0,0,,,,
SANDUSDT,4h,rsi_divergence,0,0,0,0,,,,
SANDUSDT,1d,macd_crossover,0,0,0,0,,,,
SANDUSDT,1d,rsi_ob_os,0,0,0,0,,,,
SANDUSDT,1d,stochastic,0,0,0,0,,,,
SANDUSDT,1d,price_channel,0,0,0,0,,,,
SANDUSDT,1d,volume_spike,0,0,0,0,,,,
SANDUSDT,1d,golden_cross,0,0,0,0,,,,
SANDUSDT,1d,rsi_divergence,0,0,0,0,,,,
SANDUSDT,1d,atr_breakout,0,0,0,0,,,,
SANDUSDT,1d,bollinger_bounce,0,0,0,0,,,,
SANDUSDT,1d,bullish_engulfing,0,0,0,0,,,,
SANDUSDT,1d,bearish_engulfing,0,0,0,0,,,,
SEIUSDT,5m,rsi_ob_os,0,0,0,0,,,,
SEIUSDT,5m,stochastic,0,0,0,0,,,,
SEIUSDT,5m,macd_crossover,0,0,0,0,,,,
SEIUSDT,5m,ema_crossover,0,0,0,0,,,,
SEIUSDT,5m,bollinger_bounce,0,0,0,0,,,,
SEIUSDT,5m,price_channel,0,0,0,0,,,,
SEIUSDT,5m,atr_breakout,0,0,0,0,,,,
SEIUSDT,5m,volume_spike,0,0,0,0,,,,
SEIUSDT,5m,golden_cross,0,0,0,0,,,,
SEIUSDT,5m,bullish_engulfing,0,0,0,0,,,,
SEIUSDT,5m,bearish_engulfing,0,0,0,0,,,,
SEIUSDT,5m,rsi_divergence,0,0,0,0,,,,
SEIUSDT,15m,rsi_ob_os,0,0,0,0,,,,
SEIUSDT,15m,ema_crossover,0,0,0,0,,,,
SEIUSDT,15m,stochastic,0,0,0,0,,,,
SEIUSDT,15m,macd_crossover,0,0,0,0,,,,
SEIUSDT,15m,price_channel,0,0,0,0,,,,
SEIUSDT,15m,atr_breakout,0,0,0,0,,,,
SEIUSDT,15m,bollinger_bounce,0,0,0,0,,,,
SEIUSDT,15m,volume_spike,0,0,0,0,,,,
SEIUSDT,15m,golden_cross,0,0,0,0,,,,
SEIUSDT,15m,rsi_divergence,0,0,0,0,,,,
SEIUSDT,15m,bullish_engulfing,0,0,0,0,,,,
SEIUSDT,15m,bearish_engulfing,0,0,0,0,,,,
SEIUSDT,30m,ema_crossover,0,0,0,0,,,,
SEIUSDT,30m,macd_crossover,0,0,0,0,,,,
SEIUSDT,30m,rsi_ob_os,0,0,0,0,,,,
SEIUSDT,30m,stochastic,0,0,0,0,,,,
SEIUSDT,30m,atr_breakout,0,0,0,0,,,,
SEIUSDT,30m,bollinger_bounce,0,0,0,0,,,,
SEIUSDT,30m,price_channel,0,0,0,0,,,,
SEIUSDT,30m,volume_spike,0,0,0,0,,,,
SEIUSDT,30m,golden_cross,0,0,0,0,,,,
SEIUSDT,30m,rsi_divergence,0,0,0,0,,,,
SEIUSDT,30m,bullish_engulfing,0,0,0,0,,,,
SEIUSDT,30m,bearish_engulfing,0,0,0,0,,,,
SEIUSDT,1h,ema_crossover,0,0,0,0,,,,
SEIUSDT,1h,macd_crossover,0,0,0,0,,,,
SEIUSDT,1h,rsi_ob_os,0,0,0,0,,,,
SEIUSDT,1h,stochastic,0,0,0,0,,,,
SEIUSDT,1h,atr_breakout,1,1,0,0,1.3,0.57,15.19,20
SEIUSDT,1h,bollinger_bounce,0,0,0,0,,,,
SEIUSDT,1h,price_channel,0,0,0,0,,,,
SEIUSDT,1h,volume_spike,0,0,0,0,,,,
SEIUSDT,1h,golden_cross,0,0,0,0,,,,
SEIUSDT,1h,rsi_divergence,0,0,0,0,,,,
SEIUSDT,1h,bullish_engulfing,0,0,0,0,,,,
SEIUSDT,1h,bearish_engulfing,0,0,0,0,,,,
SEIUSDT,4h,ema_crossover,0,0,0,0,,,,
SEIUSDT,4h,macd_crossover,0,0,0,0,,,,
SEIUSDT,4h,rsi_ob_os,0,0,0,0,,,,
SEIUSDT,4h,stochastic,0,0,0,0,,,,
SEIUSDT,4h,atr_breakout,0,0,0,0,,,,
SEIUSDT,4h,bollinger_bounce,1,1,0,0,2.31,0.69,9.87,6
SEIUSDT,4h,price_channel,3,3,0,0,1.61,0.74,16.66,13
SEIUSDT,4h,volume_spike,4,4,0,0,1.25,0.97,19.72,10.0
SEIUSDT,4h,golden_cross,0,0,0,0,,,,
SEIUSDT,4h,bullish_engulfing,0,0,0,0,,,,
SEIUSDT,4h,bearish_engulfing,0,0,0,0,,,,
SEIUSDT,4h,rsi_divergence,0,0,0,0,,,,
SEIUSDT,1d,rsi_ob_os,0,0,0,0,,,,
SEIUSDT,1d,stochastic,0,0,0,0,,,,
SEIUSDT,1d,atr_breakout,0,0,0,0,,,,
SEIUSDT,1d,ema_crossover,0,0,0,0,,,,
SEIUSDT,1d,macd_crossover,0,0,0,0,,,,
SEIUSDT,1d,price_channel,0,0,0,0,,,,
SEIUSDT,1d,volume_spike,0,0,0,0,,,,
SEIUSDT,1d,golden_cross,0,0,0,0,,,,
SEIUSDT,1d,rsi_divergence,0,0,0,0,,,,
SEIUSDT,1d,bullish_engulfing,0,0,0,0,,,,
SEIUSDT,1d,bearish_engulfing,0,0,0,0,,,,
SEIUSDT,1d,bollinger_bounce,0,0,0,0,,,,
SHIBUSDT,5m,rsi_ob_os,0,0,0,0,,,,
SHIBUSDT,5m,stochastic,0,0,0,0,,,,
SHIBUSDT,5m,ema_crossover,0,0,0,0,,,,
SHIBUSDT,5m,macd_crossover,0,0,0,0,,,,
SHIBUSDT,5m,bollinger_bounce,0,0,0,0,,,,
SHIBUSDT,5m,atr_breakout,0,0,0,0,,,,
SHIBUSDT,5m,price_channel,0,0,0,0,,,,
SHIBUSDT,5m,volume_spike,0,0,0,0,,,,
SHIBUSDT,5m,golden_cross,0,0,0,0,,,,
SHIBUSDT,5m,bullish_engulfing,0,0,0,0,,,,
SHIBUSDT,5m,rsi_divergence,0,0,0,0,,,,
SHIBUSDT,5m,bearish_engulfing,0,0,0,0,,,,
SHIBUSDT,15m,ema_crossover,0,0,0,0,,,,
SHIBUSDT,15m,macd_crossover,0,0,0,0,,,,
SHIBUSDT,15m,rsi_ob_os,0,0,0,0,,,,
SHIBUSDT,15m,stochastic,0,0,0,0,,,,
SHIBUSDT,15m,atr_breakout,0,0,0,0,,,,
SHIBUSDT,15m,bollinger_bounce,0,0,0,0,,,,
SHIBUSDT,15m,price_channel,0,0,0,0,,,,
SHIBUSDT,15m,volume_spike,0,0,0,0,,,,
SHIBUSDT,15m,golden_cross,0,0,0,0,,,,
SHIBUSDT,15m,rsi_divergence,0,0,0,0,,,,
SHIBUSDT,15m,bullish_engulfing,0,0,0,0,,,,
SHIBUSDT,15m,bearish_engulfing,0,0,0,0,,,,
SHIBUSDT,30m,ema_crossover,0,0,0,0,,,,
SHIBUSDT,30m,macd_crossover,0,0,0,0,,,,
SHIBUSDT,30m,rsi_ob_os,0,0,0,0,,,,
SHIBUSDT,30m,stochastic,0,0,0,0,,,,
SHIBUSDT,30m,atr_breakout,0,0,0,0,,,,
SHIBUSDT,30m,bollinger_bounce,0,0,0,0,,,,
SHIBUSDT,30m,price_channel,0,0,0,0,,,,
SHIBUSDT,30m,volume_spike,0,0,0,0,,,,
SHIBUSDT,30m,golden_cross,0,0,0,0,,,,
SHIBUSDT,30m,rsi_divergence,0,0,0,0,,,,
SHIBUSDT,30m,bullish_engulfing,0,0,0,0,,,,
SHIBUSDT,30m,bearish_engulfing,0,0,0,0,,,,
SHIBUSDT,1h,ema_crossover,0,0,0,0,,,,
SHIBUSDT,1h,macd_crossover,0,0,0,0,,,,
SHIBUSDT,1h,rsi_ob_os,0,0,0,0,,,,
SHIBUSDT,1h,stochastic,0,0,0,0,,,,
SHIBUSDT,1h,atr_breakout,0,0,0,0,,,,
SHIBUSDT,1h,bollinger_bounce,0,0,0,0,,,,
SHIBUSDT,1h,price_channel,0,0,0,0,,,,
SHIBUSDT,1h,volume_spike,0,0,0,0,,,,
SHIBUSDT,1h,golden_cross,0,0,0,0,,,,
SHIBUSDT,1h,rsi_divergence,0,0,0,0,,,,
SHIBUSDT,1h,bullish_engulfing,0,0,0,0,,,,
SHIBUSDT,1h,bearish_engulfing,0,0,0,0,,,,
SHIBUSDT,4h,ema_crossover,0,0,0,0,,,,
SHIBUSDT,4h,macd_crossover,0,0,0,0,,,,
SHIBUSDT,4h,rsi_ob_os,0,0,0,0,,,,
SHIBUSDT,4h,stochastic,0,0,0,0,,,,
SHIBUSDT,4h,atr_breakout,0,0,0,0,,,,
SHIBUSDT,4h,volume_spike,0,0,0,0,,,,
SHIBUSDT,4h,bollinger_bounce,0,0,0,0,,,,
SHIBUSDT,4h,price_channel,0,0,0,0,,,,
SHIBUSDT,4h,golden_cross,0,0,0,0,,,,
SHIBUSDT,4h,rsi_divergence,0,0,0,0,,,,
SHIBUSDT,4h,bullish_engulfing,0,0,0,0,,,,
SHIBUSDT,1d,ema_crossover,0,0,0,0,,,,
SHIBUSDT,4h,bearish_engulfing,0,0,0,0,,,,
SHIBUSDT,1d,rsi_ob_os,0,0,0,0,,,,
SHIBUSDT,1d,stochastic,0,0,0,0,,,,
SHIBUSDT,1d,atr_breakout,0,0,0,0,,,,
SHIBUSDT,1d,bollinger_bounce,0,0,0,0,,,,
SHIBUSDT,1d,macd_crossover,0,0,0,0,,,,
SHIBUSDT,1d,price_channel,0,0,0,0,,,,
SHIBUSDT,1d,volume_spike,0,0,0,0,,,,
SHIBUSDT,1d,golden_cross,0,0,0,0,,,,
SHIBUSDT,1d,rsi_divergence,0,0,0,0,,,,
SHIBUSDT,1d,bullish_engulfing,0,0,0,0,,,,
SHIBUSDT,1d,bearish_engulfing,0,0,0,0,,,,
SLPUSDT,5m,rsi_ob_os,0,0,0,0,,,,
SLPUSDT,5m,stochastic,0,0,0,0,,,,
SLPUSDT,5m,ema_crossover,0,0,0,0,,,,
SLPUSDT,5m,macd_crossover,0,0,0,0,,,,
SLPUSDT,5m,bollinger_bounce,0,0,0,0,,,,
SLPUSDT,5m,atr_breakout,0,0,0,0,,,,
SLPUSDT,5m,price_channel,0,0,0,0,,,,
SLPUSDT,5m,volume_spike,0,0,0,0,,,,
SLPUSDT,5m,bullish_engulfing,0,0,0,0,,,,
SLPUSDT,5m,golden_cross,0,0,0,0,,,,
SLPUSDT,5m,rsi_divergence,0,0,0,0,,,,
SLPUSDT,5m,bearish_engulfing,0,0,0,0,,,,
SLPUSDT,15m,rsi_ob_os,0,0,0,0,,,,
SLPUSDT,15m,ema_crossover,0,0,0,0,,,,
SLPUSDT,15m,stochastic,0,0,0,0,,,,
SLPUSDT,15m,atr_breakout,1,1,0,0,1.31,0.52,14.57,48
SLPUSDT,15m,macd_crossover,0,0,0,0,,,,
SLPUSDT,15m,bollinger_bounce,0,0,0,0,,,,
SLPUSDT,15m,price_channel,0,0,0,0,,,,
SLPUSDT,15m,volume_spike,0,0,0,0,,,,
SLPUSDT,15m,golden_cross,0,0,0,0,,,,
SLPUSDT,15m,rsi_divergence,0,0,0,0,,,,
SLPUSDT,15m,bullish_engulfing,0,0,0,0,,,,
SLPUSDT,15m,bearish_engulfing,0,0,0,0,,,,
SLPUSDT,30m,ema_crossover,0,0,0,0,,,,
SLPUSDT,30m,macd_crossover,0,0,0,0,,,,
SLPUSDT,30m,rsi_ob_os,0,0,0,0,,,,
SLPUSDT,30m,stochastic,0,0,0,0,,,,
SLPUSDT,30m,atr_breakout,0,0,0,0,,,,
SLPUSDT,30m,bollinger_bounce,0,0,0,0,,,,
SLPUSDT,30m,price_channel,0,0,0,0,,,,
SLPUSDT,30m,volume_spike,0,0,0,0,,,,
SLPUSDT,30m,golden_cross,0,0,0,0,,,,
SLPUSDT,30m,rsi_divergence,0,0,0,0,,,,
SLPUSDT,30m,bullish_engulfing,0,0,0,0,,,,
SLPUSDT,30m,bearish_engulfing,0,0,0,0,,,,
SLPUSDT,1h,ema_crossover,0,0,0,0,,,,
SLPUSDT,1h,macd_crossover,0,0,0,0,,,,
SLPUSDT,1h,rsi_ob_os,0,0,0,0,,,,
SLPUSDT,1h,stochastic,0,0,0,0,,,,
SLPUSDT,1h,atr_breakout,0,0,0,0,,,,
SLPUSDT,1h,bollinger_bounce,0,0,0,0,,,,
SLPUSDT,1h,price_channel,0,0,0,0,,,,
SLPUSDT,1h,volume_spike,0,0,0,0,,,,
SLPUSDT,1h,golden_cross,0,0,0,0,,,,
SLPUSDT,1h,rsi_divergence,0,0,0,0,,,,
SLPUSDT,1h,bullish_engulfing,0,0,0,0,,,,
SLPUSDT,1h,bearish_engulfing,0,0,0,0,,,,
SLPUSDT,4h,ema_crossover,0,0,0,0,,,,
SLPUSDT,4h,macd_crossover,0,0,0,0,,,,
SLPUSDT,4h,rsi_ob_os,0,0,0,0,,,,
SLPUSDT,4h,stochastic,0,0,0,0,,,,
SLPUSDT,4h,atr_breakout,0,0,0,0,,,,
SLPUSDT,4h,bollinger_bounce,0,0,0,0,,,,
SLPUSDT,4h,price_channel,0,0,0,0,,,,
SLPUSDT,4h,volume_spike,0,0,0,0,,,,
SLPUSDT,4h,golden_cross,0,0,0,0,,,,
SLPUSDT,1d,ema_crossover,0,0,0,0,,,,
SLPUSDT,4h,rsi_divergence,0,0,0,0,,,,
SLPUSDT,1d,macd_crossover,0,0,0,0,,,,
SLPUSDT,4h,bullish_engulfing,0,0,0,0,,,,
SLPUSDT,1d,rsi_ob_os,0,0,0,0,,,,
SLPUSDT,4h,bearish_engulfing,0,0,0,0,,,,
SLPUSDT,1d,stochastic,0,0,0,0,,,,
SLPUSDT,1d,atr_breakout,0,0,0,0,,,,
SLPUSDT,1d,bollinger_bounce,0,0,0,0,,,,
SLPUSDT,1d,price_channel,0,0,0,0,,,,
SLPUSDT,1d,volume_spike,0,0,0,0,,,,
SLPUSDT,1d,golden_cross,0,0,0,0,,,,
SLPUSDT,1d,rsi_divergence,0,0,0,0,,,,
SLPUSDT,1d,bullish_engulfing,0,0,0,0,,,,
SLPUSDT,1d,bearish_engulfing,0,0,0,0,,,,
SOLUSDT,5m,rsi_ob_os,0,0,0,0,,,,
SOLUSDT,5m,stochastic,0,0,0,0,,,,
SOLUSDT,5m,macd_crossover,0,0,0,0,,,,
SOLUSDT,5m,ema_crossover,0,0,0,0,,,,
SOLUSDT,5m,bollinger_bounce,0,0,0,0,,,,
SOLUSDT,5m,price_channel,0,0,0,0,,,,
SOLUSDT,5m,atr_breakout,0,0,0,0,,,,
SOLUSDT,5m,volume_spike,0,0,0,0,,,,
SOLUSDT,5m,golden_cross,0,0,0,0,,,,
SOLUSDT,5m,bullish_engulfing,0,0,0,0,,,,
SOLUSDT,5m,bearish_engulfing,0,0,0,0,,,,
SOLUSDT,5m,rsi_divergence,0,0,0,0,,,,
SOLUSDT,15m,stochastic,0,0,0,0,,,,
SOLUSDT,15m,rsi_ob_os,0,0,0,0,,,,
SOLUSDT,15m,ema_crossover,0,0,0,0,,,,
SOLUSDT,15m,macd_crossover,0,0,0,0,,,,
SOLUSDT,15m,bollinger_bounce,0,0,0,0,,,,
SOLUSDT,15m,price_channel,0,0,0,0,,,,
SOLUSDT,15m,atr_breakout,0,0,0,0,,,,
SOLUSDT,15m,volume_spike,0,0,0,0,,,,
SOLUSDT,15m,golden_cross,0,0,0,0,,,,
SOLUSDT,15m,rsi_divergence,0,0,0,0,,,,
SOLUSDT,15m,bullish_engulfing,0,0,0,0,,,,
SOLUSDT,15m,bearish_engulfing,0,0,0,0,,,,
SOLUSDT,30m,ema_crossover,0,0,0,0,,,,
SOLUSDT,30m,macd_crossover,0,0,0,0,,,,
SOLUSDT,30m,rsi_ob_os,0,0,0,0,,,,
SOLUSDT,30m,stochastic,0,0,0,0,,,,
SOLUSDT,30m,atr_breakout,0,0,0,0,,,,
SOLUSDT,30m,bollinger_bounce,0,0,0,0,,,,
SOLUSDT,30m,price_channel,0,0,0,0,,,,
SOLUSDT,30m,volume_spike,0,0,0,0,,,,
SOLUSDT,30m,golden_cross,0,0,0,0,,,,
SOLUSDT,30m,rsi_divergence,0,0,0,0,,,,
SOLUSDT,30m,bullish_engulfing,0,0,0,0,,,,
SOLUSDT,30m,bearish_engulfing,0,0,0,0,,,,
SOLUSDT,1h,ema_crossover,0,0,0,0,,,,
SOLUSDT,1h,macd_crossover,0,0,0,0,,,,
SOLUSDT,1h,rsi_ob_os,0,0,0,0,,,,
SOLUSDT,1h,stochastic,0,0,0,0,,,,
SOLUSDT,1h,atr_breakout,0,0,0,0,,,,
SOLUSDT,1h,price_channel,0,0,0,0,,,,
SOLUSDT,1h,volume_spike,0,0,0,0,,,,
SOLUSDT,1h,golden_cross,0,0,0,0,,,,
SOLUSDT,1h,bollinger_bounce,1,0,0,1,1.24,1.49,5.38,13
SOLUSDT,1h,rsi_divergence,0,0,0,0,,,,
SOLUSDT,1h,bullish_engulfing,0,0,0,0,,,,
SOLUSDT,1h,bearish_engulfing,0,0,0,0,,,,
SOLUSDT,4h,ema_crossover,0,0,0,0,,,,
SOLUSDT,4h,macd_crossover,0,0,0,0,,,,
SOLUSDT,4h,stochastic,0,0,0,0,,,,
SOLUSDT,4h,atr_breakout,0,0,0,0,,,,
SOLUSDT,4h,bollinger_bounce,0,0,0,0,,,,
SOLUSDT,4h,rsi_ob_os,1,0,0,1,2.44,3.21,9.7,7
SOLUSDT,4h,golden_cross,0,0,0,0,,,,
SOLUSDT,4h,price_channel,0,0,0,0,,,,
SOLUSDT,4h,bullish_engulfing,0,0,0,0,,,,
SOLUSDT,4h,volume_spike,0,0,0,0,,,,
SOLUSDT,4h,bearish_engulfing,0,0,0,0,,,,
SOLUSDT,1d,ema_crossover,0,0,0,0,,,,
SOLUSDT,1d,macd_crossover,0,0,0,0,,,,
SOLUSDT,1d,rsi_ob_os,0,0,0,0,,,,
SOLUSDT,4h,rsi_divergence,0,0,0,0,,,,
SOLUSDT,1d,stochastic,0,0,0,0,,,,
SOLUSDT,1d,atr_breakout,0,0,0,0,,,,
SOLUSDT,1d,price_channel,0,0,0,0,,,,
SOLUSDT,1d,volume_spike,0,0,0,0,,,,
SOLUSDT,1d,golden_cross,0,0,0,0,,,,
SOLUSDT,1d,rsi_divergence,0,0,0,0,,,,
SOLUSDT,1d,bollinger_bounce,0,0,0,0,,,,
SOLUSDT,1d,bullish_engulfing,0,0,0,0,,,,
SOLUSDT,1d,bearish_engulfing,0,0,0,0,,,,
SUIUSDT,5m,stochastic,0,0,0,0,,,,
SUIUSDT,5m,rsi_ob_os,0,0,0,0,,,,
SUIUSDT,5m,macd_crossover,0,0,0,0,,,,
SUIUSDT,5m,ema_crossover,0,0,0,0,,,,
SUIUSDT,5m,bollinger_bounce,0,0,0,0,,,,
SUIUSDT,5m,atr_breakout,0,0,0,0,,,,
SUIUSDT,5m,price_channel,0,0,0,0,,,,
SUIUSDT,5m,volume_spike,0,0,0,0,,,,
SUIUSDT,5m,golden_cross,0,0,0,0,,,,
SUIUSDT,5m,bullish_engulfing,0,0,0,0,,,,
SUIUSDT,5m,bearish_engulfing,0,0,0,0,,,,
SUIUSDT,5m,rsi_divergence,0,0,0,0,,,,
SUIUSDT,15m,ema_crossover,0,0,0,0,,,,
SUIUSDT,15m,macd_crossover,0,0,0,0,,,,
SUIUSDT,15m,rsi_ob_os,0,0,0,0,,,,
SUIUSDT,15m,stochastic,0,0,0,0,,,,
SUIUSDT,15m,atr_breakout,0,0,0,0,,,,
SUIUSDT,15m,bollinger_bounce,0,0,0,0,,,,
SUIUSDT,15m,price_channel,0,0,0,0,,,,
SUIUSDT,15m,volume_spike,0,0,0,0,,,,
SUIUSDT,15m,golden_cross,0,0,0,0,,,,
SUIUSDT,15m,rsi_divergence,0,0,0,0,,,,
SUIUSDT,15m,bullish_engulfing,0,0,0,0,,,,
SUIUSDT,15m,bearish_engulfing,0,0,0,0,,,,
SUIUSDT,30m,ema_crossover,0,0,0,0,,,,
SUIUSDT,30m,macd_crossover,0,0,0,0,,,,
SUIUSDT,30m,rsi_ob_os,0,0,0,0,,,,
SUIUSDT,30m,stochastic,0,0,0,0,,,,
SUIUSDT,30m,atr_breakout,0,0,0,0,,,,
SUIUSDT,30m,bollinger_bounce,0,0,0,0,,,,
SUIUSDT,30m,price_channel,0,0,0,0,,,,
SUIUSDT,30m,volume_spike,0,0,0,0,,,,
SUIUSDT,30m,golden_cross,0,0,0,0,,,,
SUIUSDT,30m,rsi_divergence,0,0,0,0,,,,
SUIUSDT,30m,bullish_engulfing,0,0,0,0,,,,
SUIUSDT,30m,bearish_engulfing,0,0,0,0,,,,
SUIUSDT,1h,ema_crossover,0,0,0,0,,,,
SUIUSDT,1h,macd_crossover,0,0,0,0,,,,
SUIUSDT,1h,rsi_ob_os,0,0,0,0,,,,
SUIUSDT,1h,stochastic,0,0,0,0,,,,
SUIUSDT,1h,atr_breakout,0,0,0,0,,,,
SUIUSDT,1h,bollinger_bounce,0,0,0,0,,,,
SUIUSDT,1h,price_channel,0,0,0,0,,,,
SUIUSDT,1h,volume_spike,0,0,0,0,,,,
SUIUSDT,1h,golden_cross,0,0,0,0,,,,
SUIUSDT,1h,rsi_divergence,0,0,0,0,,,,
SUIUSDT,1h,bullish_engulfing,0,0,0,0,,,,
SUIUSDT,1h,bearish_engulfing,0,0,0,0,,,,
SUIUSDT,4h,ema_crossover,0,0,0,0,,,,
SUIUSDT,4h,macd_crossover,0,0,0,0,,,,
SUIUSDT,4h,rsi_ob_os,0,0,0,0,,,,
SUIUSDT,4h,stochastic,0,0,0,0,,,,
SUIUSDT,4h,atr_breakout,0,0,0,0,,,,
SUIUSDT,4h,bollinger_bounce,0,0,0,0,,,,
SUIUSDT,4h,price_channel,0,0,0,0,,,,
SUIUSDT,4h,volume_spike,0,0,0,0,,,,
SUIUSDT,4h,bullish_engulfing,0,0,0,0,,,,
SUIUSDT,4h,golden_cross,0,0,0,0,,,,
SUIUSDT,1d,ema_crossover,0,0,0,0,,,,
SUIUSDT,4h,rsi_divergence,0,0,0,0,,,,
SUIUSDT,1d,rsi_ob_os,0,0,0,0,,,,
SUIUSDT,1d,stochastic,0,0,0,0,,,,
SUIUSDT,4h,bearish_engulfing,0,0,0,0,,,,
SUIUSDT,1d,atr_breakout,0,0,0,0,,,,
SUIUSDT,1d,bollinger_bounce,0,0,0,0,,,,
SUIUSDT,1d,macd_crossover,0,0,0,0,,,,
SUIUSDT,1d,price_channel,0,0,0,0,,,,
SUIUSDT,1d,volume_spike,0,0,0,0,,,,
SUIUSDT,1d,golden_cross,0,0,0,0,,,,
SUIUSDT,1d,rsi_divergence,0,0,0,0,,,,
SUIUSDT,1d,bullish_engulfing,0,0,0,0,,,,
SUIUSDT,1d,bearish_engulfing,0,0,0,0,,,,
TAOUSDT,5m,rsi_ob_os,0,0,0,0,,,,
TAOUSDT,5m,stochastic,0,0,0,0,,,,
TAOUSDT,5m,ema_crossover,0,0,0,0,,,,
TAOUSDT,5m,macd_crossover,0,0,0,0,,,,
TAOUSDT,5m,bollinger_bounce,0,0,0,0,,,,
TAOUSDT,5m,atr_breakout,0,0,0,0,,,,
TAOUSDT,5m,price_channel,0,0,0,0,,,,
TAOUSDT,5m,volume_spike,0,0,0,0,,,,
TAOUSDT,5m,golden_cross,0,0,0,0,,,,
TAOUSDT,5m,rsi_divergence,0,0,0,0,,,,
TAOUSDT,5m,bullish_engulfing,0,0,0,0,,,,
TAOUSDT,5m,bearish_engulfing,0,0,0,0,,,,
TAOUSDT,15m,stochastic,0,0,0,0,,,,
TAOUSDT,15m,macd_crossover,0,0,0,0,,,,
TAOUSDT,15m,ema_crossover,0,0,0,0,,,,
TAOUSDT,15m,rsi_ob_os,0,0,0,0,,,,
TAOUSDT,15m,atr_breakout,0,0,0,0,,,,
TAOUSDT,15m,bollinger_bounce,0,0,0,0,,,,
TAOUSDT,15m,price_channel,0,0,0,0,,,,
TAOUSDT,15m,volume_spike,0,0,0,0,,,,
TAOUSDT,15m,golden_cross,0,0,0,0,,,,
TAOUSDT,15m,rsi_divergence,0,0,0,0,,,,
TAOUSDT,15m,bullish_engulfing,0,0,0,0,,,,
TAOUSDT,15m,bearish_engulfing,0,0,0,0,,,,
TAOUSDT,30m,ema_crossover,0,0,0,0,,,,
TAOUSDT,30m,macd_crossover,0,0,0,0,,,,
TAOUSDT,30m,rsi_ob_os,0,0,0,0,,,,
TAOUSDT,30m,stochastic,0,0,0,0,,,,
TAOUSDT,30m,atr_breakout,0,0,0,0,,,,
TAOUSDT,30m,bollinger_bounce,0,0,0,0,,,,
TAOUSDT,30m,price_channel,0,0,0,0,,,,
TAOUSDT,30m,volume_spike,0,0,0,0,,,,
TAOUSDT,30m,golden_cross,0,0,0,0,,,,
TAOUSDT,30m,rsi_divergence,0,0,0,0,,,,
TAOUSDT,30m,bullish_engulfing,0,0,0,0,,,,
TAOUSDT,30m,bearish_engulfing,0,0,0,0,,,,
TAOUSDT,1h,ema_crossover,0,0,0,0,,,,
TAOUSDT,1h,macd_crossover,0,0,0,0,,,,
TAOUSDT,1h,rsi_ob_os,0,0,0,0,,,,
TAOUSDT,1h,stochastic,0,0,0,0,,,,
TAOUSDT,1h,atr_breakout,1,1,0,0,1.23,0.56,16.17,22
TAOUSDT,1h,bollinger_bounce,0,0,0,0,,,,
TAOUSDT,1h,price_channel,0,0,0,0,,,,
TAOUSDT,1h,volume_spike,0,0,0,0,,,,
TAOUSDT,1h,golden_cross,0,0,0,0,,,,
TAOUSDT,1h,rsi_divergence,0,0,0,0,,,,
TAOUSDT,1h,bullish_engulfing,0,0,0,0,,,,
TAOUSDT,1h,bearish_engulfing,0,0,0,0,,,,
TAOUSDT,4h,ema_crossover,0,0,0,0,,,,
TAOUSDT,4h,macd_crossover,0,0,0,0,,,,
TAOUSDT,4h,rsi_ob_os,0,0,0,0,,,,
TAOUSDT,4h,stochastic,0,0,0,0,,,,
TAOUSDT,4h,atr_breakout,0,0,0,0,,,,
TAOUSDT,4h,bollinger_bounce,0,0,0,0,,,,
TAOUSDT,4h,price_channel,0,0,0,0,,,,
TAOUSDT,4h,volume_spike,4,0,4,0,2.05,1.09,18.75,14.0
TAOUSDT,4h,bullish_engulfing,0,0,0,0,,,,
TAOUSDT,4h,bearish_engulfing,0,0,0,0,,,,
TAOUSDT,4h,golden_cross,0,0,0,0,,,,
TAOUSDT,4h,rsi_divergence,0,0,0,0,,,,
TAOUSDT,1d,rsi_ob_os,0,0,0,0,,,,
TAOUSDT,1d,stochastic,0,0,0,0,,,,
TAOUSDT,1d,ema_crossover,0,0,0,0,,,,
TAOUSDT,1d,bollinger_bounce,0,0,0,0,,,,
TAOUSDT,1d,macd_crossover,0,0,0,0,,,,
TAOUSDT,1d,price_channel,0,0,0,0,,,,
TAOUSDT,1d,volume_spike,0,0,0,0,,,,
TAOUSDT,1d,atr_breakout,0,0,0,0,,,,
TAOUSDT,1d,golden_cross,0,0,0,0,,,,
TAOUSDT,1d,rsi_divergence,0,0,0,0,,,,
TAOUSDT,1d,bullish_engulfing,0,0,0,0,,,,
TAOUSDT,1d,bearish_engulfing,0,0,0,0,,,,
THETAUSDT,5m,rsi_ob_os,0,0,0,0,,,,
THETAUSDT,5m,stochastic,0,0,0,0,,,,
THETAUSDT,5m,ema_crossover,0,0,0,0,,,,
THETAUSDT,5m,macd_crossover,0,0,0,0,,,,
THETAUSDT,5m,bollinger_bounce,0,0,0,0,,,,
THETAUSDT,5m,price_channel,0,0,0,0,,,,
THETAUSDT,5m,atr_breakout,0,0,0,0,,,,
THETAUSDT,5m,volume_spike,0,0,0,0,,,,
THETAUSDT,5m,golden_cross,0,0,0,0,,,,
THETAUSDT,5m,bullish_engulfing,0,0,0,0,,,,
THETAUSDT,5m,rsi_divergence,0,0,0,0,,,,
THETAUSDT,5m,bearish_engulfing,0,0,0,0,,,,
THETAUSDT,15m,rsi_ob_os,0,0,0,0,,,,
THETAUSDT,15m,ema_crossover,0,0,0,0,,,,
THETAUSDT,15m,macd_crossover,0,0,0,0,,,,
THETAUSDT,15m,stochastic,0,0,0,0,,,,
THETAUSDT,15m,atr_breakout,0,0,0,0,,,,
THETAUSDT,15m,bollinger_bounce,0,0,0,0,,,,
THETAUSDT,15m,price_channel,0,0,0,0,,,,
THETAUSDT,15m,volume_spike,0,0,0,0,,,,
THETAUSDT,15m,golden_cross,0,0,0,0,,,,
THETAUSDT,15m,rsi_divergence,0,0,0,0,,,,
THETAUSDT,15m,bullish_engulfing,0,0,0,0,,,,
THETAUSDT,15m,bearish_engulfing,0,0,0,0,,,,
THETAUSDT,30m,ema_crossover,0,0,0,0,,,,
THETAUSDT,30m,macd_crossover,0,0,0,0,,,,
THETAUSDT,30m,rsi_ob_os,0,0,0,0,,,,
THETAUSDT,30m,stochastic,0,0,0,0,,,,
THETAUSDT,30m,atr_breakout,0,0,0,0,,,,
THETAUSDT,30m,bollinger_bounce,0,0,0,0,,,,
THETAUSDT,30m,price_channel,0,0,0,0,,,,
THETAUSDT,30m,volume_spike,0,0,0,0,,,,
THETAUSDT,30m,golden_cross,0,0,0,0,,,,
THETAUSDT,30m,rsi_divergence,0,0,0,0,,,,
THETAUSDT,30m,bullish_engulfing,0,0,0,0,,,,
THETAUSDT,30m,bearish_engulfing,0,0,0,0,,,,
THETAUSDT,1h,ema_crossover,0,0,0,0,,,,
THETAUSDT,1h,macd_crossover,0,0,0,0,,,,
THETAUSDT,1h,rsi_ob_os,0,0,0,0,,,,
THETAUSDT,1h,stochastic,0,0,0,0,,,,
THETAUSDT,1h,atr_breakout,0,0,0,0,,,,
THETAUSDT,1h,bollinger_bounce,0,0,0,0,,,,
THETAUSDT,1h,price_channel,0,0,0,0,,,,
THETAUSDT,1h,volume_spike,0,0,0,0,,,,
THETAUSDT,1h,golden_cross,0,0,0,0,,,,
THETAUSDT,1h,rsi_divergence,0,0,0,0,,,,
THETAUSDT,1h,bullish_engulfing,0,0,0,0,,,,
THETAUSDT,1h,bearish_engulfing,1,1,0,0,1.24,0.94,12.55,35
THETAUSDT,4h,ema_crossover,0,0,0,0,,,,
THETAUSDT,4h,macd_crossover,0,0,0,0,,,,
THETAUSDT,4h,rsi_ob_os,0,0,0,0,,,,
THETAUSDT,4h,stochastic,0,0,0,0,,,,
THETAUSDT,4h,atr_breakout,0,0,0,0,,,,
THETAUSDT,4h,bollinger_bounce,0,0,0,0,,,,
THETAUSDT,4h,price_channel,0,0,0,0,,,,
THETAUSDT,4h,volume_spike,0,0,0,0,,,,
THETAUSDT,4h,bullish_engulfing,0,0,0,0,,,,
THETAUSDT,4h,golden_cross,0,0,0,0,,,,
THETAUSDT,1d,ema_crossover,0,0,0,0,,,,
THETAUSDT,4h,rsi_divergence,0,0,0,0,,,,
THETAUSDT,1d,macd_crossover,0,0,0,0,,,,
THETAUSDT,1d,rsi_ob_os,0,0,0,0,,,,
THETAUSDT,4h,bearish_engulfing,0,0,0,0,,,,
THETAUSDT,1d,atr_breakout,0,0,0,0,,,,
THETAUSDT,1d,bollinger_bounce,0,0,0,0,,,,
THETAUSDT,1d,price_channel,0,0,0,0,,,,
THETAUSDT,1d,volume_spike,0,0,0,0,,,,
THETAUSDT,1d,stochastic,0,0,0,0,,,,
THETAUSDT,1d,golden_cross,0,0,0,0,,,,
THETAUSDT,1d,rsi_divergence,0,0,0,0,,,,
THETAUSDT,1d,bullish_engulfing,0,0,0,0,,,,
THETAUSDT,1d,bearish_engulfing,0,0,0,0,,,,
TIAUSDT,5m,rsi_ob_os,0,0,0,0,,,,
TIAUSDT,5m,stochastic,0,0,0,0,,,,
TIAUSDT,5m,ema_crossover,0,0,0,0,,,,
TIAUSDT,5m,macd_crossover,0,0,0,0,,,,
TIAUSDT,5m,bollinger_bounce,0,0,0,0,,,,
TIAUSDT,5m,price_channel,0,0,0,0,,,,
TIAUSDT,5m,atr_breakout,0,0,0,0,,,,
TIAUSDT,5m,volume_spike,0,0,0,0,,,,
TIAUSDT,5m,golden_cross,0,0,0,0,,,,
TIAUSDT,5m,bullish_engulfing,0,0,0,0,,,,
TIAUSDT,5m,bearish_engulfing,0,0,0,0,,,,
TIAUSDT,5m,rsi_divergence,0,0,0,0,,,,
TIAUSDT,15m,rsi_ob_os,0,0,0,0,,,,
TIAUSDT,15m,ema_crossover,0,0,0,0,,,,
TIAUSDT,15m,macd_crossover,0,0,0,0,,,,
TIAUSDT,15m,stochastic,0,0,0,0,,,,
TIAUSDT,15m,bollinger_bounce,0,0,0,0,,,,
TIAUSDT,15m,price_channel,0,0,0,0,,,,
TIAUSDT,15m,volume_spike,0,0,0,0,,,,
TIAUSDT,15m,atr_breakout,0,0,0,0,,,,
TIAUSDT,15m,golden_cross,0,0,0,0,,,,
TIAUSDT,15m,rsi_divergence,0,0,0,0,,,,
TIAUSDT,15m,bullish_engulfing,0,0,0,0,,,,
TIAUSDT,15m,bearish_engulfing,0,0,0,0,,,,
TIAUSDT,30m,ema_crossover,0,0,0,0,,,,
TIAUSDT,30m,macd_crossover,0,0,0,0,,,,
TIAUSDT,30m,rsi_ob_os,0,0,0,0,,,,
TIAUSDT,30m,stochastic,0,0,0,0,,,,
TIAUSDT,30m,atr_breakout,0,0,0,0,,,,
TIAUSDT,30m,bollinger_bounce,0,0,0,0,,,,
TIAUSDT,30m,price_channel,0,0,0,0,,,,
TIAUSDT,30m,volume_spike,0,0,0,0,,,,
TIAUSDT,30m,golden_cross,0,0,0,0,,,,
TIAUSDT,30m,rsi_divergence,0,0,0,0,,,,
TIAUSDT,30m,bullish_engulfing,0,0,0,0,,,,
TIAUSDT,30m,bearish_engulfing,0,0,0,0,,,,
TIAUSDT,1h,ema_crossover,0,0,0,0,,,,
TIAUSDT,1h,macd_crossover,0,0,0,0,,,,
TIAUSDT,1h,rsi_ob_os,0,0,0,0,,,,
TIAUSDT,1h,stochastic,0,0,0,0,,,,
TIAUSDT,1h,atr_breakout,0,0,0,0,,,,
TIAUSDT,1h,price_channel,0,0,0,0,,,,
TIAUSDT,1h,volume_spike,0,0,0,0,,,,
TIAUSDT,1h,golden_cross,0,0,0,0,,,,
TIAUSDT,1h,bollinger_bounce,1,0,0,1,1.65,1.27,8.21,18
TIAUSDT,1h,rsi_divergence,0,0,0,0,,,,
TIAUSDT,1h,bullish_engulfing,0,0,0,0,,,,
TIAUSDT,1h,bearish_engulfing,0,0,0,0,,,,
TIAUSDT,4h,ema_crossover,0,0,0,0,,,,
TIAUSDT,4h,macd_crossover,0,0,0,0,,,,
TIAUSDT,4h,rsi_ob_os,0,0,0,0,,,,
TIAUSDT,4h,stochastic,0,0,0,0,,,,
TIAUSDT,4h,atr_breakout,0,0,0,0,,,,
TIAUSDT,4h,bollinger_bounce,0,0,0,0,,,,
TIAUSDT,4h,price_channel,0,0,0,0,,,,
TIAUSDT,4h,volume_spike,0,0,0,0,,,,
TIAUSDT,4h,bullish_engulfing,0,0,0,0,,,,
TIAUSDT,4h,golden_cross,0,0,0,0,,,,
TIAUSDT,1d,ema_crossover,0,0,0,0,,,,
TIAUSDT,4h,rsi_divergence,0,0,0,0,,,,
TIAUSDT,1d,rsi_ob_os,0,0,0,0,,,,
TIAUSDT,1d,stochastic,0,0,0,0,,,,
TIAUSDT,4h,bearish_engulfing,0,0,0,0,,,,
TIAUSDT,1d,atr_breakout,0,0,0,0,,,,
TIAUSDT,1d,macd_crossover,0,0,0,0,,,,
TIAUSDT,1d,price_channel,0,0,0,0,,,,
TIAUSDT,1d,volume_spike,0,0,0,0,,,,
TIAUSDT,1d,golden_cross,0,0,0,0,,,,
TIAUSDT,1d,rsi_divergence,0,0,0,0,,,,
TIAUSDT,1d,bollinger_bounce,0,0,0,0,,,,
TIAUSDT,1d,bullish_engulfing,0,0,0,0,,,,
TIAUSDT,1d,bearish_engulfing,0,0,0,0,,,,
UNIUSDT,5m,rsi_ob_os,0,0,0,0,,,,
UNIUSDT,5m,stochastic,0,0,0,0,,,,
UNIUSDT,5m,ema_crossover,0,0,0,0,,,,
UNIUSDT,5m,macd_crossover,0,0,0,0,,,,
UNIUSDT,5m,bollinger_bounce,0,0,0,0,,,,
UNIUSDT,5m,atr_breakout,0,0,0,0,,,,
UNIUSDT,5m,price_channel,0,0,0,0,,,,
UNIUSDT,5m,volume_spike,0,0,0,0,,,,
UNIUSDT,5m,bullish_engulfing,0,0,0,0,,,,
UNIUSDT,5m,rsi_divergence,0,0,0,0,,,,
UNIUSDT,5m,golden_cross,0,0,0,0,,,,
UNIUSDT,5m,bearish_engulfing,0,0,0,0,,,,
UNIUSDT,15m,rsi_ob_os,0,0,0,0,,,,
UNIUSDT,15m,stochastic,0,0,0,0,,,,
UNIUSDT,15m,ema_crossover,0,0,0,0,,,,
UNIUSDT,15m,atr_breakout,0,0,0,0,,,,
UNIUSDT,15m,macd_crossover,0,0,0,0,,,,
UNIUSDT,15m,bollinger_bounce,0,0,0,0,,,,
UNIUSDT,15m,price_channel,0,0,0,0,,,,
UNIUSDT,15m,volume_spike,0,0,0,0,,,,
UNIUSDT,15m,golden_cross,0,0,0,0,,,,
UNIUSDT,15m,rsi_divergence,0,0,0,0,,,,
UNIUSDT,15m,bullish_engulfing,0,0,0,0,,,,
UNIUSDT,15m,bearish_engulfing,0,0,0,0,,,,
UNIUSDT,30m,ema_crossover,0,0,0,0,,,,
UNIUSDT,30m,macd_crossover,0,0,0,0,,,,
UNIUSDT,30m,rsi_ob_os,0,0,0,0,,,,
UNIUSDT,30m,stochastic,0,0,0,0,,,,
UNIUSDT,30m,atr_breakout,0,0,0,0,,,,
UNIUSDT,30m,bollinger_bounce,0,0,0,0,,,,
UNIUSDT,30m,price_channel,0,0,0,0,,,,
UNIUSDT,30m,volume_spike,0,0,0,0,,,,
UNIUSDT,30m,golden_cross,0,0,0,0,,,,
UNIUSDT,30m,rsi_divergence,0,0,0,0,,,,
UNIUSDT,30m,bullish_engulfing,0,0,0,0,,,,
UNIUSDT,30m,bearish_engulfing,0,0,0,0,,,,
UNIUSDT,1h,ema_crossover,0,0,0,0,,,,
UNIUSDT,1h,macd_crossover,0,0,0,0,,,,
UNIUSDT,1h,rsi_ob_os,0,0,0,0,,,,
UNIUSDT,1h,stochastic,0,0,0,0,,,,
UNIUSDT,1h,atr_breakout,0,0,0,0,,,,
UNIUSDT,1h,bollinger_bounce,0,0,0,0,,,,
UNIUSDT,1h,price_channel,0,0,0,0,,,,
UNIUSDT,1h,volume_spike,0,0,0,0,,,,
UNIUSDT,1h,golden_cross,0,0,0,0,,,,
UNIUSDT,1h,rsi_divergence,0,0,0,0,,,,
UNIUSDT,1h,bullish_engulfing,0,0,0,0,,,,
UNIUSDT,1h,bearish_engulfing,0,0,0,0,,,,
UNIUSDT,4h,ema_crossover,0,0,0,0,,,,
UNIUSDT,4h,stochastic,0,0,0,0,,,,
UNIUSDT,4h,macd_crossover,0,0,0,0,,,,
UNIUSDT,4h,rsi_ob_os,0,0,0,0,,,,
UNIUSDT,4h,atr_breakout,0,0,0,0,,,,
UNIUSDT,4h,bollinger_bounce,0,0,0,0,,,,
UNIUSDT,4h,price_channel,0,0,0,0,,,,
UNIUSDT,4h,volume_spike,0,0,0,0,,,,
UNIUSDT,4h,bullish_engulfing,0,0,0,0,,,,
UNIUSDT,4h,bearish_engulfing,0,0,0,0,,,,
UNIUSDT,1d,ema_crossover,0,0,0,0,,,,
UNIUSDT,4h,golden_cross,0,0,0,0,,,,
UNIUSDT,4h,rsi_divergence,0,0,0,0,,,,
UNIUSDT,1d,macd_crossover,0,0,0,0,,,,
UNIUSDT,1d,rsi_ob_os,0,0,0,0,,,,
UNIUSDT,1d,stochastic,0,0,0,0,,,,
UNIUSDT,1d,bollinger_bounce,0,0,0,0,,,,
UNIUSDT,1d,price_channel,0,0,0,0,,,,
UNIUSDT,1d,volume_spike,0,0,0,0,,,,
UNIUSDT,1d,golden_cross,0,0,0,0,,,,
UNIUSDT,1d,rsi_divergence,0,0,0,0,,,,
UNIUSDT,1d,bullish_engulfing,0,0,0,0,,,,
UNIUSDT,1d,atr_breakout,0,0,0,0,,,,
UNIUSDT,1d,bearish_engulfing,0,0,0,0,,,,
VETUSDT,5m,rsi_ob_os,0,0,0,0,,,,
VETUSDT,5m,stochastic,0,0,0,0,,,,
VETUSDT,5m,ema_crossover,0,0,0,0,,,,
VETUSDT,5m,macd_crossover,0,0,0,0,,,,
VETUSDT,5m,bollinger_bounce,0,0,0,0,,,,
VETUSDT,5m,price_channel,0,0,0,0,,,,
VETUSDT,5m,atr_breakout,0,0,0,0,,,,
VETUSDT,5m,volume_spike,0,0,0,0,,,,
VETUSDT,5m,golden_cross,0,0,0,0,,,,
VETUSDT,5m,bullish_engulfing,0,0,0,0,,,,
VETUSDT,5m,bearish_engulfing,0,0,0,0,,,,
VETUSDT,5m,rsi_divergence,0,0,0,0,,,,
VETUSDT,15m,rsi_ob_os,0,0,0,0,,,,
VETUSDT,15m,macd_crossover,0,0,0,0,,,,
VETUSDT,15m,stochastic,0,0,0,0,,,,
VETUSDT,15m,ema_crossover,0,0,0,0,,,,
VETUSDT,15m,bollinger_bounce,0,0,0,0,,,,
VETUSDT,15m,price_channel,0,0,0,0,,,,
VETUSDT,15m,atr_breakout,0,0,0,0,,,,
VETUSDT,15m,volume_spike,0,0,0,0,,,,
VETUSDT,15m,golden_cross,0,0,0,0,,,,
VETUSDT,15m,rsi_divergence,0,0,0,0,,,,
VETUSDT,15m,bullish_engulfing,0,0,0,0,,,,
VETUSDT,15m,bearish_engulfing,0,0,0,0,,,,
VETUSDT,30m,ema_crossover,0,0,0,0,,,,
VETUSDT,30m,macd_crossover,0,0,0,0,,,,
VETUSDT,30m,rsi_ob_os,0,0,0,0,,,,
VETUSDT,30m,stochastic,0,0,0,0,,,,
VETUSDT,30m,atr_breakout,0,0,0,0,,,,
VETUSDT,30m,bollinger_bounce,0,0,0,0,,,,
VETUSDT,30m,price_channel,0,0,0,0,,,,
VETUSDT,30m,volume_spike,0,0,0,0,,,,
VETUSDT,30m,golden_cross,0,0,0,0,,,,
VETUSDT,30m,rsi_divergence,0,0,0,0,,,,
VETUSDT,30m,bullish_engulfing,0,0,0,0,,,,
VETUSDT,30m,bearish_engulfing,0,0,0,0,,,,
VETUSDT,1h,ema_crossover,0,0,0,0,,,,
VETUSDT,1h,macd_crossover,0,0,0,0,,,,
VETUSDT,1h,rsi_ob_os,0,0,0,0,,,,
VETUSDT,1h,stochastic,0,0,0,0,,,,
VETUSDT,1h,atr_breakout,0,0,0,0,,,,
VETUSDT,1h,bollinger_bounce,0,0,0,0,,,,
VETUSDT,1h,price_channel,0,0,0,0,,,,
VETUSDT,1h,volume_spike,0,0,0,0,,,,
VETUSDT,1h,golden_cross,0,0,0,0,,,,
VETUSDT,1h,rsi_divergence,0,0,0,0,,,,
VETUSDT,1h,bullish_engulfing,0,0,0,0,,,,
VETUSDT,1h,bearish_engulfing,0,0,0,0,,,,
VETUSDT,4h,ema_crossover,0,0,0,0,,,,
VETUSDT,4h,macd_crossover,0,0,0,0,,,,
VETUSDT,4h,rsi_ob_os,0,0,0,0,,,,
VETUSDT,4h,stochastic,0,0,0,0,,,,
VETUSDT,4h,price_channel,0,0,0,0,,,,
VETUSDT,4h,atr_breakout,0,0,0,0,,,,
VETUSDT,4h,bollinger_bounce,0,0,0,0,,,,
VETUSDT,4h,volume_spike,0,0,0,0,,,,
VETUSDT,4h,golden_cross,0,0,0,0,,,,
VETUSDT,4h,rsi_divergence,0,0,0,0,,,,
VETUSDT,4h,bearish_engulfing,1,1,0,0,1.61,0.34,30.26,12
VETUSDT,1d,ema_crossover,0,0,0,0,,,,
VETUSDT,4h,bullish_engulfing,0,0,0,0,,,,
VETUSDT,1d,rsi_ob_os,0,0,0,0,,,,
VETUSDT,1d,stochastic,0,0,0,0,,,,
VETUSDT,1d,atr_breakout,0,0,0,0,,,,
VETUSDT,1d,price_channel,0,0,0,0,,,,
VETUSDT,1d,volume_spike,0,0,0,0,,,,
VETUSDT,1d,macd_crossover,0,0,0,0,,,,
VETUSDT,1d,golden_cross,0,0,0,0,,,,
VETUSDT,1d,rsi_divergence,0,0,0,0,,,,
VETUSDT,1d,bullish_engulfing,0,0,0,0,,,,
VETUSDT,1d,bollinger_bounce,0,0,0,0,,,,
VETUSDT,1d,bearish_engulfing,0,0,0,0,,,,
WIFUSDT,5m,rsi_ob_os,0,0,0,0,,,,
WIFUSDT,5m,stochastic,0,0,0,0,,,,
WIFUSDT,5m,ema_crossover,0,0,0,0,,,,
WIFUSDT,5m,macd_crossover,0,0,0,0,,,,
WIFUSDT,5m,bollinger_bounce,0,0,0,0,,,,
WIFUSDT,5m,price_channel,0,0,0,0,,,,
WIFUSDT,5m,atr_breakout,0,0,0,0,,,,
WIFUSDT,5m,volume_spike,0,0,0,0,,,,
WIFUSDT,5m,bullish_engulfing,0,0,0,0,,,,
WIFUSDT,5m,golden_cross,0,0,0,0,,,,
WIFUSDT,5m,rsi_divergence,0,0,0,0,,,,
WIFUSDT,5m,bearish_engulfing,0,0,0,0,,,,
WIFUSDT,15m,ema_crossover,0,0,0,0,,,,
WIFUSDT,15m,stochastic,0,0,0,0,,,,
WIFUSDT,15m,rsi_ob_os,0,0,0,0,,,,
WIFUSDT,15m,macd_crossover,0,0,0,0,,,,
WIFUSDT,15m,atr_breakout,0,0,0,0,,,,
WIFUSDT,15m,bollinger_bounce,0,0,0,0,,,,
WIFUSDT,15m,price_channel,0,0,0,0,,,,
WIFUSDT,15m,volume_spike,0,0,0,0,,,,
WIFUSDT,15m,golden_cross,0,0,0,0,,,,
WIFUSDT,15m,bullish_engulfing,0,0,0,0,,,,
WIFUSDT,15m,bearish_engulfing,0,0,0,0,,,,
WIFUSDT,15m,rsi_divergence,0,0,0,0,,,,
WIFUSDT,30m,ema_crossover,0,0,0,0,,,,
WIFUSDT,30m,macd_crossover,0,0,0,0,,,,
WIFUSDT,30m,rsi_ob_os,0,0,0,0,,,,
WIFUSDT,30m,stochastic,0,0,0,0,,,,
WIFUSDT,30m,atr_breakout,0,0,0,0,,,,
WIFUSDT,30m,bollinger_bounce,0,0,0,0,,,,
WIFUSDT,30m,price_channel,0,0,0,0,,,,
WIFUSDT,30m,volume_spike,0,0,0,0,,,,
WIFUSDT,30m,golden_cross,0,0,0,0,,,,
WIFUSDT,30m,rsi_divergence,0,0,0,0,,,,
WIFUSDT,30m,bullish_engulfing,0,0,0,0,,,,
WIFUSDT,30m,bearish_engulfing,0,0,0,0,,,,
WIFUSDT,1h,ema_crossover,0,0,0,0,,,,
WIFUSDT,1h,macd_crossover,0,0,0,0,,,,
WIFUSDT,1h,rsi_ob_os,0,0,0,0,,,,
WIFUSDT,1h,stochastic,0,0,0,0,,,,
WIFUSDT,1h,atr_breakout,1,0,1,0,1.48,1.05,16.08,16
WIFUSDT,1h,bollinger_bounce,0,0,0,0,,,,
WIFUSDT,1h,price_channel,0,0,0,0,,,,
WIFUSDT,1h,volume_spike,0,0,0,0,,,,
WIFUSDT,1h,golden_cross,0,0,0,0,,,,
WIFUSDT,1h,rsi_divergence,0,0,0,0,,,,
WIFUSDT,1h,bullish_engulfing,0,0,0,0,,,,
WIFUSDT,1h,bearish_engulfing,0,0,0,0,,,,
WIFUSDT,4h,ema_crossover,0,0,0,0,,,,
WIFUSDT,4h,macd_crossover,0,0,0,0,,,,
WIFUSDT,4h,rsi_ob_os,0,0,0,0,,,,
WIFUSDT,4h,stochastic,0,0,0,0,,,,
WIFUSDT,4h,atr_breakout,0,0,0,0,,,,
WIFUSDT,4h,bollinger_bounce,0,0,0,0,,,,
WIFUSDT,4h,price_channel,0,0,0,0,,,,
WIFUSDT,4h,volume_spike,0,0,0,0,,,,
WIFUSDT,4h,golden_cross,0,0,0,0,,,,
WIFUSDT,4h,rsi_divergence,0,0,0,0,,,,
WIFUSDT,1d,macd_crossover,0,0,0,0,,,,
WIFUSDT,4h,bullish_engulfing,0,0,0,0,,,,
WIFUSDT,4h,bearish_engulfing,2,2,0,0,1.68,0.37,39.375,5.5
WIFUSDT,1d,rsi_ob_os,0,0,0,0,,,,
WIFUSDT,1d,ema_crossover,0,0,0,0,,,,
WIFUSDT,1d,stochastic,0,0,0,0,,,,
WIFUSDT,1d,price_channel,0,0,0,0,,,,
WIFUSDT,1d,volume_spike,0,0,0,0,,,,
WIFUSDT,1d,atr_breakout,0,0,0,0,,,,
WIFUSDT,1d,rsi_divergence,0,0,0,0,,,,
WIFUSDT,1d,bullish_engulfing,0,0,0,0,,,,
WIFUSDT,1d,bollinger_bounce,0,0,0,0,,,,
WIFUSDT,1d,bearish_engulfing,0,0,0,0,,,,
WIFUSDT,1d,golden_cross,0,0,0,0,,,,
WLDUSDT,5m,rsi_ob_os,0,0,0,0,,,,
WLDUSDT,5m,stochastic,0,0,0,0,,,,
WLDUSDT,5m,ema_crossover,0,0,0,0,,,,
WLDUSDT,5m,macd_crossover,0,0,0,0,,,,
WLDUSDT,5m,bollinger_bounce,0,0,0,0,,,,
WLDUSDT,5m,atr_breakout,0,0,0,0,,,,
WLDUSDT,5m,price_channel,0,0,0,0,,,,
WLDUSDT,5m,volume_spike,0,0,0,0,,,,
WLDUSDT,5m,golden_cross,0,0,0,0,,,,
WLDUSDT,5m,bullish_engulfing,0,0,0,0,,,,
WLDUSDT,5m,bearish_engulfing,0,0,0,0,,,,
WLDUSDT,5m,rsi_divergence,0,0,0,0,,,,
WLDUSDT,15m,ema_crossover,0,0,0,0,,,,
WLDUSDT,15m,stochastic,0,0,0,0,,,,
WLDUSDT,15m,macd_crossover,0,0,0,0,,,,
WLDUSDT,15m,rsi_ob_os,0,0,0,0,,,,
WLDUSDT,15m,price_channel,0,0,0,0,,,,
WLDUSDT,15m,atr_breakout,0,0,0,0,,,,
WLDUSDT,15m,bollinger_bounce,0,0,0,0,,,,
WLDUSDT,15m,volume_spike,0,0,0,0,,,,
WLDUSDT,15m,golden_cross,0,0,0,0,,,,
WLDUSDT,15m,rsi_divergence,0,0,0,0,,,,
WLDUSDT,15m,bullish_engulfing,0,0,0,0,,,,
WLDUSDT,15m,bearish_engulfing,0,0,0,0,,,,
WLDUSDT,30m,ema_crossover,0,0,0,0,,,,
WLDUSDT,30m,macd_crossover,0,0,0,0,,,,
WLDUSDT,30m,rsi_ob_os,0,0,0,0,,,,
WLDUSDT,30m,stochastic,0,0,0,0,,,,
WLDUSDT,30m,atr_breakout,0,0,0,0,,,,
WLDUSDT,30m,bollinger_bounce,0,0,0,0,,,,
WLDUSDT,30m,price_channel,0,0,0,0,,,,
WLDUSDT,30m,volume_spike,0,0,0,0,,,,
WLDUSDT,30m,golden_cross,0,0,0,0,,,,
WLDUSDT,30m,rsi_divergence,0,0,0,0,,,,
WLDUSDT,30m,bullish_engulfing,0,0,0,0,,,,
WLDUSDT,30m,bearish_engulfing,0,0,0,0,,,,
WLDUSDT,1h,ema_crossover,0,0,0,0,,,,
WLDUSDT,1h,macd_crossover,0,0,0,0,,,,
WLDUSDT,1h,rsi_ob_os,0,0,0,0,,,,
WLDUSDT,1h,stochastic,0,0,0,0,,,,
WLDUSDT,1h,atr_breakout,0,0,0,0,,,,
WLDUSDT,1h,bollinger_bounce,0,0,0,0,,,,
WLDUSDT,1h,price_channel,0,0,0,0,,,,
WLDUSDT,1h,volume_spike,0,0,0,0,,,,
WLDUSDT,1h,golden_cross,0,0,0,0,,,,
WLDUSDT,1h,rsi_divergence,0,0,0,0,,,,
WLDUSDT,1h,bullish_engulfing,0,0,0,0,,,,
WLDUSDT,1h,bearish_engulfing,0,0,0,0,,,,
WLDUSDT,4h,ema_crossover,0,0,0,0,,,,
WLDUSDT,4h,macd_crossover,0,0,0,0,,,,
WLDUSDT,4h,rsi_ob_os,1,1,0,0,1.23,0.88,19.72,10
WLDUSDT,4h,stochastic,0,0,0,0,,,,
WLDUSDT,4h,atr_breakout,0,0,0,0,,,,
WLDUSDT,4h,bollinger_bounce,0,0,0,0,,,,
WLDUSDT,4h,price_channel,3,3,0,0,1.39,0.71,15.94,14
WLDUSDT,4h,volume_spike,0,0,0,0,,,,
WLDUSDT,4h,bullish_engulfing,0,0,0,0,,,,
WLDUSDT,4h,bearish_engulfing,0,0,0,0,,,,
WLDUSDT,4h,golden_cross,0,0,0,0,,,,
WLDUSDT,4h,rsi_divergence,0,0,0,0,,,,
WLDUSDT,1d,rsi_ob_os,0,0,0,0,,,,
WLDUSDT,1d,stochastic,0,0,0,0,,,,
WLDUSDT,1d,ema_crossover,0,0,0,0,,,,
WLDUSDT,1d,atr_breakout,0,0,0,0,,,,
WLDUSDT,1d,macd_crossover,0,0,0,0,,,,
WLDUSDT,1d,price_channel,0,0,0,0,,,,
WLDUSDT,1d,volume_spike,0,0,0,0,,,,
WLDUSDT,1d,golden_cross,0,0,0,0,,,,
WLDUSDT,1d,rsi_divergence,0,0,0,0,,,,
WLDUSDT,1d,bullish_engulfing,0,0,0,0,,,,
WLDUSDT,1d,bollinger_bounce,0,0,0,0,,,,
WLDUSDT,1d,bearish_engulfing,0,0,0,0,,,,
XRPUSDT,5m,rsi_ob_os,0,0,0,0,,,,
XRPUSDT,5m,stochastic,0,0,0,0,,,,
XRPUSDT,5m,macd_crossover,0,0,0,0,,,,
XRPUSDT,5m,ema_crossover,0,0,0,0,,,,
XRPUSDT,5m,bollinger_bounce,0,0,0,0,,,,
XRPUSDT,5m,atr_breakout,0,0,0,0,,,,
XRPUSDT,5m,price_channel,0,0,0,0,,,,
XRPUSDT,5m,volume_spike,0,0,0,0,,,,
XRPUSDT,5m,golden_cross,0,0,0,0,,,,
XRPUSDT,5m,bullish_engulfing,0,0,0,0,,,,
XRPUSDT,5m,rsi_divergence,0,0,0,0,,,,
XRPUSDT,5m,bearish_engulfing,0,0,0,0,,,,
XRPUSDT,15m,ema_crossover,0,0,0,0,,,,
XRPUSDT,15m,rsi_ob_os,0,0,0,0,,,,
XRPUSDT,15m,stochastic,0,0,0,0,,,,
XRPUSDT,15m,macd_crossover,0,0,0,0,,,,
XRPUSDT,15m,atr_breakout,0,0,0,0,,,,
XRPUSDT,15m,bollinger_bounce,0,0,0,0,,,,
XRPUSDT,15m,price_channel,0,0,0,0,,,,
XRPUSDT,15m,volume_spike,0,0,0,0,,,,
XRPUSDT,15m,golden_cross,0,0,0,0,,,,
XRPUSDT,15m,rsi_divergence,0,0,0,0,,,,
XRPUSDT,15m,bullish_engulfing,0,0,0,0,,,,
XRPUSDT,15m,bearish_engulfing,0,0,0,0,,,,
XRPUSDT,30m,ema_crossover,0,0,0,0,,,,
XRPUSDT,30m,macd_crossover,0,0,0,0,,,,
XRPUSDT,30m,rsi_ob_os,0,0,0,0,,,,
XRPUSDT,30m,stochastic,0,0,0,0,,,,
XRPUSDT,30m,atr_breakout,0,0,0,0,,,,
XRPUSDT,30m,bollinger_bounce,0,0,0,0,,,,
XRPUSDT,30m,price_channel,0,0,0,0,,,,
XRPUSDT,30m,volume_spike,0,0,0,0,,,,
XRPUSDT,30m,golden_cross,0,0,0,0,,,,
XRPUSDT,30m,rsi_divergence,0,0,0,0,,,,
XRPUSDT,30m,bullish_engulfing,0,0,0,0,,,,
XRPUSDT,30m,bearish_engulfing,0,0,0,0,,,,
XRPUSDT,1h,ema_crossover,0,0,0,0,,,,
XRPUSDT,1h,macd_crossover,0,0,0,0,,,,
XRPUSDT,1h,rsi_ob_os,0,0,0,0,,,,
XRPUSDT,1h,stochastic,0,0,0,0,,,,
XRPUSDT,1h,atr_breakout,0,0,0,0,,,,
XRPUSDT,1h,bollinger_bounce,0,0,0,0,,,,
XRPUSDT,1h,price_channel,0,0,0,0,,,,
XRPUSDT,1h,volume_spike,0,0,0,0,,,,
XRPUSDT,1h,golden_cross,0,0,0,0,,,,
XRPUSDT,1h,rsi_divergence,0,0,0,0,,,,
XRPUSDT,1h,bullish_engulfing,0,0,0,0,,,,
XRPUSDT,1h,bearish_engulfing,0,0,0,0,,,,
XRPUSDT,4h,ema_crossover,0,0,0,0,,,,
XRPUSDT,4h,macd_crossover,0,0,0,0,,,,
XRPUSDT,4h,rsi_ob_os,0,0,0,0,,,,
XRPUSDT,4h,stochastic,0,0,0,0,,,,
XRPUSDT,4h,atr_breakout,0,0,0,0,,,,
XRPUSDT,4h,bollinger_bounce,0,0,0,0,,,,
XRPUSDT,4h,price_channel,0,0,0,0,,,,
XRPUSDT,4h,volume_spike,0,0,0,0,,,,
XRPUSDT,4h,golden_cross,0,0,0,0,,,,
XRPUSDT,4h,rsi_divergence,0,0,0,0,,,,
XRPUSDT,4h,bullish_engulfing,0,0,0,0,,,,
XRPUSDT,1d,macd_crossover,0,0,0,0,,,,
XRPUSDT,4h,bearish_engulfing,2,2,0,0,1.475,0.0,44.655,1.0
XRPUSDT,1d,ema_crossover,0,0,0,0,,,,
XRPUSDT,1d,rsi_ob_os,0,0,0,0,,,,
XRPUSDT,1d,stochastic,0,0,0,0,,,,
XRPUSDT,1d,bollinger_bounce,0,0,0,0,,,,
XRPUSDT,1d,price_channel,0,0,0,0,,,,
XRPUSDT,1d,volume_spike,0,0,0,0,,,,
XRPUSDT,1d,golden_cross,0,0,0,0,,,,
XRPUSDT,1d,rsi_divergence,0,0,0,0,,,,
XRPUSDT,1d,atr_breakout,0,0,0,0,,,,
XRPUSDT,1d,bullish_engulfing,0,0,0,0,,,,
XRPUSDT,1d,bearish_engulfing,0,0,0,0,,,,
XTZUSDT,5m,rsi_ob_os,0,0,0,0,,,,
XTZUSDT,5m,stochastic,0,0,0,0,,,,
XTZUSDT,5m,ema_crossover,0,0,0,0,,,,
XTZUSDT,5m,macd_crossover,0,0,0,0,,,,
XTZUSDT,5m,bollinger_bounce,0,0,0,0,,,,
XTZUSDT,5m,atr_breakout,0,0,0,0,,,,
XTZUSDT,5m,price_channel,0,0,0,0,,,,
XTZUSDT,5m,volume_spike,0,0,0,0,,,,
XTZUSDT,5m,golden_cross,0,0,0,0,,,,
XTZUSDT,5m,bullish_engulfing,0,0,0,0,,,,
XTZUSDT,5m,bearish_engulfing,0,0,0,0,,,,
XTZUSDT,5m,rsi_divergence,0,0,0,0,,,,
XTZUSDT,15m,ema_crossover,0,0,0,0,,,,
XTZUSDT,15m,rsi_ob_os,0,0,0,0,,,,
XTZUSDT,15m,macd_crossover,0,0,0,0,,,,
XTZUSDT,15m,stochastic,0,0,0,0,,,,
XTZUSDT,15m,atr_breakout,0,0,0,0,,,,
XTZUSDT,15m,bollinger_bounce,0,0,0,0,,,,
XTZUSDT,15m,price_channel,0,0,0,0,,,,
XTZUSDT,15m,volume_spike,0,0,0,0,,,,
XTZUSDT,15m,bullish_engulfing,0,0,0,0,,,,
XTZUSDT,15m,bearish_engulfing,0,0,0,0,,,,
XTZUSDT,15m,golden_cross,0,0,0,0,,,,
XTZUSDT,15m,rsi_divergence,0,0,0,0,,,,
XTZUSDT,30m,rsi_ob_os,0,0,0,0,,,,
XTZUSDT,30m,ema_crossover,0,0,0,0,,,,
XTZUSDT,30m,stochastic,0,0,0,0,,,,
XTZUSDT,30m,macd_crossover,0,0,0,0,,,,
XTZUSDT,30m,atr_breakout,0,0,0,0,,,,
XTZUSDT,30m,bollinger_bounce,0,0,0,0,,,,
XTZUSDT,30m,price_channel,0,0,0,0,,,,
XTZUSDT,30m,volume_spike,0,0,0,0,,,,
XTZUSDT,30m,golden_cross,0,0,0,0,,,,
XTZUSDT,30m,rsi_divergence,0,0,0,0,,,,
XTZUSDT,30m,bullish_engulfing,0,0,0,0,,,,
XTZUSDT,30m,bearish_engulfing,0,0,0,0,,,,
XTZUSDT,1h,ema_crossover,0,0,0,0,,,,
XTZUSDT,1h,rsi_ob_os,0,0,0,0,,,,
XTZUSDT,1h,macd_crossover,0,0,0,0,,,,
XTZUSDT,1h,stochastic,0,0,0,0,,,,
XTZUSDT,1h,atr_breakout,0,0,0,0,,,,
XTZUSDT,1h,bollinger_bounce,0,0,0,0,,,,
XTZUSDT,1h,price_channel,0,0,0,0,,,,
XTZUSDT,1h,volume_spike,0,0,0,0,,,,
XTZUSDT,1h,golden_cross,0,0,0,0,,,,
XTZUSDT,1h,rsi_divergence,0,0,0,0,,,,
XTZUSDT,1h,bullish_engulfing,0,0,0,0,,,,
XTZUSDT,1h,bearish_engulfing,0,0,0,0,,,,
XTZUSDT,4h,ema_crossover,0,0,0,0,,,,
XTZUSDT,4h,macd_crossover,0,0,0,0,,,,
XTZUSDT,4h,rsi_ob_os,0,0,0,0,,,,
XTZUSDT,4h,stochastic,0,0,0,0,,,,
XTZUSDT,4h,price_channel,0,0,0,0,,,,
XTZUSDT,4h,atr_breakout,0,0,0,0,,,,
XTZUSDT,4h,bollinger_bounce,0,0,0,0,,,,
XTZUSDT,4h,volume_spike,0,0,0,0,,,,
XTZUSDT,4h,bullish_engulfing,0,0,0,0,,,,
XTZUSDT,4h,golden_cross,0,0,0,0,,,,
XTZUSDT,4h,rsi_divergence,0,0,0,0,,,,
XTZUSDT,4h,bearish_engulfing,2,2,0,0,1.78,0.695,16.27,6.0
XTZUSDT,1d,rsi_ob_os,0,0,0,0,,,,
XTZUSDT,1d,ema_crossover,0,0,0,0,,,,
XTZUSDT,1d,macd_crossover,0,0,0,0,,,,
XTZUSDT,1d,stochastic,0,0,0,0,,,,
XTZUSDT,1d,price_channel,0,0,0,0,,,,
XTZUSDT,1d,volume_spike,0,0,0,0,,,,
XTZUSDT,1d,golden_cross,0,0,0,0,,,,
XTZUSDT,1d,atr_breakout,0,0,0,0,,,,
XTZUSDT,1d,rsi_divergence,0,0,0,0,,,,
XTZUSDT,1d,bollinger_bounce,0,0,0,0,,,,
XTZUSDT,1d,bullish_engulfing,0,0,0,0,,,,
XTZUSDT,1d,bearish_engulfing,0,0,0,0,,,,
AAVEUSDT,5m,williams_r,0,0,0,0,,,,
AAVEUSDT,5m,rsi_50_cross,0,0,0,0,,,,
AAVEUSDT,5m,donchian_breakout,0,0,0,0,,,,
AAVEUSDT,5m,super_trend,0,0,0,0,,,,
AAVEUSDT,5m,sma_crossover,0,0,0,0,,,,
AAVEUSDT,5m,cci_breakout,0,0,0,0,,,,
AAVEUSDT,5m,roc_momentum,0,0,0,0,,,,
AAVEUSDT,5m,keltner_breakout,0,0,0,0,,,,
AAVEUSDT,5m,heikin_ashi_ema,0,0,0,0,,,,
AAVEUSDT,15m,rsi_50_cross,0,0,0,0,,,,
AAVEUSDT,5m,obv_slope,0,0,0,0,,,,
AAVEUSDT,15m,sma_crossover,0,0,0,0,,,,
AAVEUSDT,15m,williams_r,0,0,0,0,,,,
AAVEUSDT,15m,donchian_breakout,0,0,0,0,,,,
AAVEUSDT,15m,cci_breakout,0,0,0,0,,,,
AAVEUSDT,15m,super_trend,0,0,0,0,,,,
AAVEUSDT,15m,roc_momentum,0,0,0,0,,,,
AAVEUSDT,15m,keltner_breakout,0,0,0,0,,,,
AAVEUSDT,15m,obv_slope,0,0,0,0,,,,
AAVEUSDT,15m,heikin_ashi_ema,0,0,0,0,,,,
AAVEUSDT,30m,sma_crossover,0,0,0,0,,,,
AAVEUSDT,30m,rsi_50_cross,0,0,0,0,,,,
AAVEUSDT,30m,cci_breakout,0,0,0,0,,,,
AAVEUSDT,30m,williams_r,0,0,0,0,,,,
AAVEUSDT,30m,donchian_breakout,0,0,0,0,,,,
AAVEUSDT,30m,super_trend,0,0,0,0,,,,
AAVEUSDT,30m,keltner_breakout,0,0,0,0,,,,
AAVEUSDT,30m,heikin_ashi_ema,0,0,0,0,,,,
AAVEUSDT,30m,obv_slope,0,0,0,0,,,,
AAVEUSDT,30m,roc_momentum,0,0,0,0,,,,
AAVEUSDT,1h,sma_crossover,2,2,0,0,1.425,0.59,8.99,7.5
AAVEUSDT,1h,rsi_50_cross,0,0,0,0,,,,
AAVEUSDT,1h,williams_r,0,0,0,0,,,,
AAVEUSDT,1h,donchian_breakout,0,0,0,0,,,,
AAVEUSDT,1h,super_trend,0,0,0,0,,,,
AAVEUSDT,1h,cci_breakout,2,1,0,1,1.425,1.07,15.985,36.0
AAVEUSDT,1h,keltner_breakout,0,0,0,0,,,,
AAVEUSDT,1h,heikin_ashi_ema,0,0,0,0,,,,
AAVEUSDT,1h,obv_slope,0,0,0,0,,,,
AAVEUSDT,1h,roc_momentum,0,0,0,0,,,,
AAVEUSDT,4h,sma_crossover,0,0,0,0,,,,
AAVEUSDT,4h,rsi_50_cross,0,0,0,0,,,,
AAVEUSDT,4h,williams_r,0,0,0,0,,,,
AAVEUSDT,4h,donchian_breakout,0,0,0,0,,,,
AAVEUSDT,4h,super_trend,0,0,0,0,,,,
AAVEUSDT,4h,keltner_breakout,0,0,0,0,,,,
AAVEUSDT,4h,heikin_ashi_ema,0,0,0,0,,,,
AAVEUSDT,4h,cci_breakout,4,2,0,2,1.295,1.16,13.4025,7.5
AAVEUSDT,4h,roc_momentum,0,0,0,0,,,,
AAVEUSDT,1d,rsi_50_cross,0,0,0,0,,,,
AAVEUSDT,1d,sma_crossover,0,0,0,0,,,,
AAVEUSDT,4h,obv_slope,1,0,0,1,1.46,1.35,12.11,5.0
AAVEUSDT,1d,williams_r,0,0,0,0,,,,
AAVEUSDT,1d,donchian_breakout,0,0,0,0,,,,
AAVEUSDT,1d,super_trend,0,0,0,0,,,,
AAVEUSDT,1d,keltner_breakout,0,0,0,0,,,,
AAVEUSDT,1d,cci_breakout,0,0,0,0,,,,
AAVEUSDT,1d,heikin_ashi_ema,0,0,0,0,,,,
AAVEUSDT,1d,roc_momentum,0,0,0,0,,,,
AAVEUSDT,1d,obv_slope,0,0,0,0,,,,
ADAUSDT,5m,rsi_50_cross,0,0,0,0,,,,
ADAUSDT,5m,williams_r,0,0,0,0,,,,
ADAUSDT,5m,donchian_breakout,0,0,0,0,,,,
ADAUSDT,5m,sma_crossover,0,0,0,0,,,,
ADAUSDT,5m,super_trend,0,0,0,0,,,,
ADAUSDT,5m,cci_breakout,0,0,0,0,,,,
ADAUSDT,5m,keltner_breakout,0,0,0,0,,,,
ADAUSDT,5m,roc_momentum,0,0,0,0,,,,
ADAUSDT,5m,heikin_ashi_ema,0,0,0,0,,,,
ADAUSDT,15m,rsi_50_cross,0,0,0,0,,,,
ADAUSDT,15m,sma_crossover,0,0,0,0,,,,
ADAUSDT,15m,williams_r,0,0,0,0,,,,
ADAUSDT,15m,donchian_breakout,0,0,0,0,,,,
ADAUSDT,5m,obv_slope,0,0,0,0,,,,
ADAUSDT,15m,super_trend,0,0,0,0,,,,
ADAUSDT,15m,cci_breakout,0,0,0,0,,,,
ADAUSDT,15m,roc_momentum,0,0,0,0,,,,
ADAUSDT,15m,keltner_breakout,0,0,0,0,,,,
ADAUSDT,15m,obv_slope,0,0,0,0,,,,
ADAUSDT,15m,heikin_ashi_ema,0,0,0,0,,,,
ADAUSDT,30m,sma_crossover,0,0,0,0,,,,
ADAUSDT,30m,rsi_50_cross,0,0,0,0,,,,
ADAUSDT,30m,williams_r,0,0,0,0,,,,
ADAUSDT,30m,donchian_breakout,0,0,0,0,,,,
ADAUSDT,30m,cci_breakout,0,0,0,0,,,,
ADAUSDT,30m,super_trend,0,0,0,0,,,,
ADAUSDT,30m,keltner_breakout,1,1,0,0,1.39,0.55,13.38,15.0
ADAUSDT,30m,heikin_ashi_ema,0,0,0,0,,,,
ADAUSDT,30m,obv_slope,0,0,0,0,,,,
ADAUSDT,30m,roc_momentum,0,0,0,0,,,,
ADAUSDT,1h,sma_crossover,0,0,0,0,,,,
ADAUSDT,1h,rsi_50_cross,0,0,0,0,,,,
ADAUSDT,1h,cci_breakout,0,0,0,0,,,,
ADAUSDT,1h,williams_r,0,0,0,0,,,,
ADAUSDT,1h,donchian_breakout,0,0,0,0,,,,
ADAUSDT,1h,super_trend,0,0,0,0,,,,
ADAUSDT,1h,keltner_breakout,0,0,0,0,,,,
ADAUSDT,1h,heikin_ashi_ema,0,0,0,0,,,,
ADAUSDT,1h,obv_slope,0,0,0,0,,,,
ADAUSDT,1h,roc_momentum,0,0,0,0,,,,
ADAUSDT,4h,williams_r,2,0,2,0,1.25,1.065,21.19,20.0
ADAUSDT,4h,sma_crossover,1,0,0,1,1.24,6.36,5.73,6.0
ADAUSDT,4h,rsi_50_cross,1,0,0,1,1.36,4.01,14.92,6.0
ADAUSDT,4h,donchian_breakout,0,0,0,0,,,,
ADAUSDT,4h,super_trend,0,0,0,0,,,,
ADAUSDT,4h,keltner_breakout,1,1,0,0,1.21,0.61,17.14,11.0
ADAUSDT,4h,heikin_ashi_ema,0,0,0,0,,,,
ADAUSDT,4h,obv_slope,0,0,0,0,,,,
ADAUSDT,1d,rsi_50_cross,0,0,0,0,,,,
ADAUSDT,4h,cci_breakout,4,0,1,3,1.415,2.0975,10.825,10.0
ADAUSDT,1d,williams_r,0,0,0,0,,,,
ADAUSDT,1d,sma_crossover,0,0,0,0,,,,
ADAUSDT,1d,donchian_breakout,0,0,0,0,,,,
ADAUSDT,1d,super_trend,0,0,0,0,,,,
ADAUSDT,4h,roc_momentum,1,0,0,1,1.29,3.21,6.78,8.0
ADAUSDT,1d,cci_breakout,0,0,0,0,,,,
ADAUSDT,1d,heikin_ashi_ema,0,0,0,0,,,,
ADAUSDT,1d,obv_slope,0,0,0,0,,,,
ADAUSDT,1d,roc_momentum,0,0,0,0,,,,
ADAUSDT,1d,keltner_breakout,0,0,0,0,,,,
ALGOUSDT,5m,rsi_50_cross,0,0,0,0,,,,
ALGOUSDT,5m,williams_r,0,0,0,0,,,,
ALGOUSDT,5m,donchian_breakout,0,0,0,0,,,,
ALGOUSDT,5m,sma_crossover,0,0,0,0,,,,
ALGOUSDT,5m,super_trend,0,0,0,0,,,,
ALGOUSDT,5m,cci_breakout,0,0,0,0,,,,
ALGOUSDT,5m,roc_momentum,0,0,0,0,,,,
ALGOUSDT,5m,keltner_breakout,0,0,0,0,,,,
ALGOUSDT,15m,rsi_50_cross,0,0,0,0,,,,
ALGOUSDT,5m,heikin_ashi_ema,0,0,0,0,,,,
ALGOUSDT,15m,sma_crossover,0,0,0,0,,,,
ALGOUSDT,15m,williams_r,0,0,0,0,,,,
ALGOUSDT,15m,donchian_breakout,0,0,0,0,,,,
ALGOUSDT,5m,obv_slope,0,0,0,0,,,,
ALGOUSDT,15m,super_trend,0,0,0,0,,,,
ALGOUSDT,15m,cci_breakout,0,0,0,0,,,,
ALGOUSDT,15m,roc_momentum,0,0,0,0,,,,
ALGOUSDT,15m,keltner_breakout,0,0,0,0,,,,
ALGOUSDT,15m,heikin_ashi_ema,0,0,0,0,,,,
ALGOUSDT,30m,rsi_50_cross,0,0,0,0,,,,
ALGOUSDT,15m,obv_slope,0,0,0,0,,,,
ALGOUSDT,30m,cci_breakout,0,0,0,0,,,,
ALGOUSDT,30m,sma_crossover,0,0,0,0,,,,
ALGOUSDT,30m,williams_r,0,0,0,0,,,,
ALGOUSDT,30m,donchian_breakout,0,0,0,0,,,,
ALGOUSDT,30m,super_trend,0,0,0,0,,,,
ALGOUSDT,30m,keltner_breakout,0,0,0,0,,,,
ALGOUSDT,30m,heikin_ashi_ema,0,0,0,0,,,,
ALGOUSDT,30m,roc_momentum,0,0,0,0,,,,
ALGOUSDT,30m,obv_slope,0,0,0,0,,,,
ALGOUSDT,1h,rsi_50_cross,0,0,0,0,,,,
ALGOUSDT,1h,cci_breakout,0,0,0,0,,,,
ALGOUSDT,1h,sma_crossover,4,1,2,1,2.425,1.2725,5.6075,6.5
ALGOUSDT,1h,williams_r,0,0,0,0,,,,
ALGOUSDT,1h,donchian_breakout,0,0,0,0,,,,
ALGOUSDT,1h,super_trend,0,0,0,0,,,,
ALGOUSDT,1h,keltner_breakout,0,0,0,0,,,,
ALGOUSDT,1h,heikin_ashi_ema,0,0,0,0,,,,
ALGOUSDT,1h,obv_slope,0,0,0,0,,,,
ALGOUSDT,1h,roc_momentum,0,0,0,0,,,,
ALGOUSDT,4h,sma_crossover,0,0,0,0,,,,
ALGOUSDT,4h,cci_breakout,0,0,0,0,,,,
ALGOUSDT,4h,williams_r,0,0,0,0,,,,
ALGOUSDT,4h,donchian_breakout,0,0,0,0,,,,
ALGOUSDT,4h,rsi_50_cross,1,0,0,1,2.05,1.97,15.62,8.0
ALGOUSDT,4h,super_trend,0,0,0,0,,,,
ALGOUSDT,4h,keltner_breakout,0,0,0,0,,,,
ALGOUSDT,4h,heikin_ashi_ema,0,0,0,0,,,,
ALGOUSDT,1d,rsi_50_cross,0,0,0,0,,,,
ALGOUSDT,4h,roc_momentum,1,0,0,1,1.76,1.6,15.27,6.0
ALGOUSDT,1d,sma_crossover,0,0,0,0,,,,
ALGOUSDT,1d,williams_r,0,0,0,0,,,,
ALGOUSDT,1d,donchian_breakout,0,0,0,0,,,,
ALGOUSDT,4h,obv_slope,1,0,0,1,1.79,2.41,13.39,5.0
ALGOUSDT,1d,cci_breakout,0,0,0,0,,,,
ALGOUSDT,1d,super_trend,0,0,0,0,,,,
ALGOUSDT,1d,heikin_ashi_ema,0,0,0,0,,,,
ALGOUSDT,1d,obv_slope,0,0,0,0,,,,
ALGOUSDT,1d,roc_momentum,0,0,0,0,,,,
ALGOUSDT,1d,keltner_breakout,0,0,0,0,,,,
APTUSDT,5m,rsi_50_cross,0,0,0,0,,,,
APTUSDT,5m,williams_r,0,0,0,0,,,,
APTUSDT,5m,donchian_breakout,0,0,0,0,,,,
APTUSDT,5m,sma_crossover,0,0,0,0,,,,
APTUSDT,5m,super_trend,0,0,0,0,,,,
APTUSDT,5m,cci_breakout,0,0,0,0,,,,
APTUSDT,5m,keltner_breakout,0,0,0,0,,,,
APTUSDT,5m,roc_momentum,0,0,0,0,,,,
APTUSDT,5m,heikin_ashi_ema,0,0,0,0,,,,
APTUSDT,15m,rsi_50_cross,0,0,0,0,,,,
APTUSDT,15m,sma_crossover,0,0,0,0,,,,
APTUSDT,5m,obv_slope,0,0,0,0,,,,
APTUSDT,15m,williams_r,0,0,0,0,,,,
APTUSDT,15m,donchian_breakout,0,0,0,0,,,,
APTUSDT,15m,cci_breakout,0,0,0,0,,,,
APTUSDT,15m,super_trend,0,0,0,0,,,,
APTUSDT,15m,keltner_breakout,0,0,0,0,,,,
APTUSDT,15m,roc_momentum,0,0,0,0,,,,
APTUSDT,15m,heikin_ashi_ema,0,0,0,0,,,,
APTUSDT,15m,obv_slope,0,0,0,0,,,,
APTUSDT,30m,sma_crossover,0,0,0,0,,,,
APTUSDT,30m,rsi_50_cross,0,0,0,0,,,,
APTUSDT,30m,cci_breakout,0,0,0,0,,,,
APTUSDT,30m,williams_r,0,0,0,0,,,,
APTUSDT,30m,donchian_breakout,0,0,0,0,,,,
APTUSDT,30m,super_trend,0,0,0,0,,,,
APTUSDT,30m,keltner_breakout,0,0,0,0,,,,
APTUSDT,30m,heikin_ashi_ema,0,0,0,0,,,,
APTUSDT,30m,obv_slope,0,0,0,0,,,,
APTUSDT,30m,roc_momentum,0,0,0,0,,,,
APTUSDT,1h,sma_crossover,0,0,0,0,,,,
APTUSDT,1h,rsi_50_cross,0,0,0,0,,,,
APTUSDT,1h,cci_breakout,0,0,0,0,,,,
APTUSDT,1h,williams_r,0,0,0,0,,,,
APTUSDT,1h,donchian_breakout,0,0,0,0,,,,
APTUSDT,1h,super_trend,0,0,0,0,,,,
APTUSDT,1h,keltner_breakout,0,0,0,0,,,,
APTUSDT,1h,heikin_ashi_ema,0,0,0,0,,,,
APTUSDT,1h,obv_slope,0,0,0,0,,,,
APTUSDT,1h,roc_momentum,0,0,0,0,,,,
APTUSDT,4h,sma_crossover,0,0,0,0,,,,
APTUSDT,4h,rsi_50_cross,0,0,0,0,,,,
APTUSDT,4h,cci_breakout,0,0,0,0,,,,
APTUSDT,4h,williams_r,0,0,0,0,,,,
APTUSDT,4h,donchian_breakout,0,0,0,0,,,,
APTUSDT,4h,super_trend,0,0,0,0,,,,
APTUSDT,4h,keltner_breakout,1,1,0,0,1.51,0.59,20.02,9.0
APTUSDT,4h,heikin_ashi_ema,0,0,0,0,,,,
APTUSDT,1d,rsi_50_cross,0,0,0,0,,,,
APTUSDT,4h,obv_slope,0,0,0,0,,,,
APTUSDT,4h,roc_momentum,0,0,0,0,,,,
APTUSDT,1d,williams_r,0,0,0,0,,,,
APTUSDT,1d,sma_crossover,0,0,0,0,,,,
APTUSDT,1d,donchian_breakout,0,0,0,0,,,,
APTUSDT,1d,super_trend,0,0,0,0,,,,
APTUSDT,1d,keltner_breakout,0,0,0,0,,,,
APTUSDT,1d,heikin_ashi_ema,0,0,0,0,,,,
APTUSDT,1d,cci_breakout,0,0,0,0,,,,
APTUSDT,1d,roc_momentum,0,0,0,0,,,,
APTUSDT,1d,obv_slope,0,0,0,0,,,,
ATOMUSDT,5m,rsi_50_cross,0,0,0,0,,,,
ATOMUSDT,5m,williams_r,0,0,0,0,,,,
ATOMUSDT,5m,donchian_breakout,0,0,0,0,,,,
ATOMUSDT,5m,sma_crossover,0,0,0,0,,,,
ATOMUSDT,5m,super_trend,0,0,0,0,,,,
ATOMUSDT,5m,cci_breakout,0,0,0,0,,,,
ATOMUSDT,5m,roc_momentum,0,0,0,0,,,,
ATOMUSDT,5m,keltner_breakout,0,0,0,0,,,,
ATOMUSDT,5m,heikin_ashi_ema,0,0,0,0,,,,
ATOMUSDT,15m,rsi_50_cross,0,0,0,0,,,,
ATOMUSDT,5m,obv_slope,0,0,0,0,,,,
ATOMUSDT,15m,williams_r,0,0,0,0,,,,
ATOMUSDT,15m,sma_crossover,0,0,0,0,,,,
ATOMUSDT,15m,donchian_breakout,0,0,0,0,,,,
ATOMUSDT,15m,cci_breakout,0,0,0,0,,,,
ATOMUSDT,15m,super_trend,0,0,0,0,,,,
ATOMUSDT,15m,keltner_breakout,0,0,0,0,,,,
ATOMUSDT,15m,heikin_ashi_ema,0,0,0,0,,,,
ATOMUSDT,15m,obv_slope,0,0,0,0,,,,
ATOMUSDT,15m,roc_momentum,0,0,0,0,,,,
ATOMUSDT,30m,sma_crossover,1,1,0,0,1.34,0.21,17.06,18.0
ATOMUSDT,30m,rsi_50_cross,0,0,0,0,,,,
ATOMUSDT,30m,williams_r,0,0,0,0,,,,
ATOMUSDT,30m,cci_breakout,0,0,0,0,,,,
ATOMUSDT,30m,donchian_breakout,0,0,0,0,,,,
ATOMUSDT,30m,super_trend,0,0,0,0,,,,
ATOMUSDT,30m,keltner_breakout,0,0,0,0,,,,
ATOMUSDT,30m,heikin_ashi_ema,0,0,0,0,,,,
ATOMUSDT,30m,roc_momentum,0,0,0,0,,,,
ATOMUSDT,1h,sma_crossover,0,0,0,0,,,,
ATOMUSDT,30m,obv_slope,0,0,0,0,,,,
ATOMUSDT,1h,rsi_50_cross,0,0,0,0,,,,
ATOMUSDT,1h,cci_breakout,0,0,0,0,,,,
ATOMUSDT,1h,williams_r,0,0,0,0,,,,
ATOMUSDT,1h,donchian_breakout,0,0,0,0,,,,
ATOMUSDT,1h,super_trend,0,0,0,0,,,,
ATOMUSDT,1h,keltner_breakout,0,0,0,0,,,,
ATOMUSDT,1h,heikin_ashi_ema,0,0,0,0,,,,
ATOMUSDT,1h,obv_slope,0,0,0,0,,,,
ATOMUSDT,1h,roc_momentum,0,0,0,0,,,,
ATOMUSDT,4h,sma_crossover,0,0,0,0,,,,
ATOMUSDT,4h,rsi_50_cross,0,0,0,0,,,,
ATOMUSDT,4h,cci_breakout,0,0,0,0,,,,
ATOMUSDT,4h,williams_r,0,0,0,0,,,,
ATOMUSDT,4h,donchian_breakout,0,0,0,0,,,,
ATOMUSDT,4h,super_trend,0,0,0,0,,,,
ATOMUSDT,4h,keltner_breakout,0,0,0,0,,,,
ATOMUSDT,4h,heikin_ashi_ema,0,0,0,0,,,,
ATOMUSDT,4h,obv_slope,0,0,0,0,,,,
ATOMUSDT,1d,rsi_50_cross,0,0,0,0,,,,
ATOMUSDT,4h,roc_momentum,0,0,0,0,,,,
ATOMUSDT,1d,williams_r,0,0,0,0,,,,
ATOMUSDT,1d,sma_crossover,0,0,0,0,,,,
ATOMUSDT,1d,donchian_breakout,0,0,0,0,,,,
ATOMUSDT,1d,super_trend,0,0,0,0,,,,
ATOMUSDT,1d,heikin_ashi_ema,0,0,0,0,,,,
ATOMUSDT,1d,cci_breakout,0,0,0,0,,,,
ATOMUSDT,1d,obv_slope,0,0,0,0,,,,
ATOMUSDT,1d,roc_momentum,0,0,0,0,,,,
ATOMUSDT,1d,keltner_breakout,0,0,0,0,,,,
AVAXUSDT,5m,rsi_50_cross,0,0,0,0,,,,
AVAXUSDT,5m,williams_r,0,0,0,0,,,,
AVAXUSDT,5m,donchian_breakout,0,0,0,0,,,,
AVAXUSDT,5m,sma_crossover,0,0,0,0,,,,
AVAXUSDT,5m,super_trend,0,0,0,0,,,,
AVAXUSDT,5m,cci_breakout,0,0,0,0,,,,
AVAXUSDT,5m,keltner_breakout,0,0,0,0,,,,
AVAXUSDT,5m,roc_momentum,0,0,0,0,,,,
AVAXUSDT,5m,heikin_ashi_ema,0,0,0,0,,,,
AVAXUSDT,15m,rsi_50_cross,0,0,0,0,,,,
AVAXUSDT,15m,williams_r,0,0,0,0,,,,
AVAXUSDT,5m,obv_slope,0,0,0,0,,,,
AVAXUSDT,15m,sma_crossover,0,0,0,0,,,,
AVAXUSDT,15m,cci_breakout,0,0,0,0,,,,
AVAXUSDT,15m,donchian_breakout,0,0,0,0,,,,
AVAXUSDT,15m,super_trend,0,0,0,0,,,,
AVAXUSDT,15m,keltner_breakout,0,0,0,0,,,,
AVAXUSDT,15m,roc_momentum,0,0,0,0,,,,
AVAXUSDT,15m,heikin_ashi_ema,0,0,0,0,,,,
AVAXUSDT,15m,obv_slope,0,0,0,0,,,,
AVAXUSDT,30m,rsi_50_cross,0,0,0,0,,,,
AVAXUSDT,30m,cci_breakout,0,0,0,0,,,,
AVAXUSDT,30m,sma_crossover,0,0,0,0,,,,
AVAXUSDT,30m,williams_r,0,0,0,0,,,,
AVAXUSDT,30m,donchian_breakout,0,0,0,0,,,,
AVAXUSDT,30m,super_trend,0,0,0,0,,,,
AVAXUSDT,30m,keltner_breakout,0,0,0,0,,,,
AVAXUSDT,30m,heikin_ashi_ema,0,0,0,0,,,,
AVAXUSDT,30m,obv_slope,0,0,0,0,,,,
AVAXUSDT,30m,roc_momentum,0,0,0,0,,,,
AVAXUSDT,1h,sma_crossover,0,0,0,0,,,,
AVAXUSDT,1h,rsi_50_cross,0,0,0,0,,,,
AVAXUSDT,1h,cci_breakout,0,0,0,0,,,,
AVAXUSDT,1h,williams_r,0,0,0,0,,,,
AVAXUSDT,1h,donchian_breakout,0,0,0,0,,,,
AVAXUSDT,1h,super_trend,0,0,0,0,,,,
AVAXUSDT,1h,keltner_breakout,0,0,0,0,,,,
AVAXUSDT,1h,heikin_ashi_ema,0,0,0,0,,,,
AVAXUSDT,1h,obv_slope,0,0,0,0,,,,
AVAXUSDT,1h,roc_momentum,0,0,0,0,,,,
AVAXUSDT,4h,sma_crossover,0,0,0,0,,,,
AVAXUSDT,4h,rsi_50_cross,0,0,0,0,,,,
AVAXUSDT,4h,cci_breakout,0,0,0,0,,,,
AVAXUSDT,4h,williams_r,0,0,0,0,,,,
AVAXUSDT,4h,donchian_breakout,1,1,0,0,1.23,0.93,11.45,9.0
AVAXUSDT,4h,super_trend,0,0,0,0,,,,
AVAXUSDT,4h,keltner_breakout,1,1,0,0,1.25,0.15,25.04,13.0
AVAXUSDT,4h,roc_momentum,0,0,0,0,,,,
AVAXUSDT,4h,heikin_ashi_ema,0,0,0,0,,,,
AVAXUSDT,1d,rsi_50_cross,0,0,0,0,,,,
AVAXUSDT,4h,obv_slope,0,0,0,0,,,,
AVAXUSDT,1d,williams_r,0,0,0,0,,,,
AVAXUSDT,1d,sma_crossover,0,0,0,0,,,,
AVAXUSDT,1d,donchian_breakout,0,0,0,0,,,,
AVAXUSDT,1d,super_trend,0,0,0,0,,,,
AVAXUSDT,1d,keltner_breakout,0,0,0,0,,,,
AVAXUSDT,1d,heikin_ashi_ema,0,0,0,0,,,,
AVAXUSDT,1d,cci_breakout,0,0,0,0,,,,
AVAXUSDT,1d,roc_momentum,0,0,0,0,,,,
AVAXUSDT,1d,obv_slope,0,0,0,0,,,,
AXSUSDT,5m,rsi_50_cross,0,0,0,0,,,,
AXSUSDT,5m,williams_r,0,0,0,0,,,,
AXSUSDT,5m,donchian_breakout,0,0,0,0,,,,
AXSUSDT,5m,sma_crossover,0,0,0,0,,,,
AXSUSDT,5m,super_trend,0,0,0,0,,,,
AXSUSDT,5m,cci_breakout,0,0,0,0,,,,
AXSUSDT,5m,keltner_breakout,0,0,0,0,,,,
AXSUSDT,5m,roc_momentum,0,0,0,0,,,,
AXSUSDT,5m,heikin_ashi_ema,0,0,0,0,,,,
AXSUSDT,15m,rsi_50_cross,0,0,0,0,,,,
AXSUSDT,15m,sma_crossover,0,0,0,0,,,,
AXSUSDT,15m,williams_r,0,0,0,0,,,,
AXSUSDT,5m,obv_slope,0,0,0,0,,,,
AXSUSDT,15m,donchian_breakout,0,0,0,0,,,,
AXSUSDT,15m,cci_breakout,0,0,0,0,,,,
AXSUSDT,15m,super_trend,0,0,0,0,,,,
AXSUSDT,15m,roc_momentum,0,0,0,0,,,,
AXSUSDT,15m,keltner_breakout,0,0,0,0,,,,
AXSUSDT,30m,sma_crossover,0,0,0,0,,,,
AXSUSDT,15m,heikin_ashi_ema,0,0,0,0,,,,
AXSUSDT,15m,obv_slope,0,0,0,0,,,,
AXSUSDT,30m,rsi_50_cross,0,0,0,0,,,,
AXSUSDT,30m,cci_breakout,0,0,0,0,,,,
AXSUSDT,30m,donchian_breakout,0,0,0,0,,,,
AXSUSDT,30m,williams_r,0,0,0,0,,,,
AXSUSDT,30m,super_trend,0,0,0,0,,,,
AXSUSDT,30m,keltner_breakout,0,0,0,0,,,,
AXSUSDT,30m,heikin_ashi_ema,0,0,0,0,,,,
AXSUSDT,30m,obv_slope,0,0,0,0,,,,
AXSUSDT,30m,roc_momentum,0,0,0,0,,,,
AXSUSDT,1h,sma_crossover,2,1,1,0,1.32,0.96,5.975,9.0
AXSUSDT,1h,rsi_50_cross,0,0,0,0,,,,
AXSUSDT,1h,cci_breakout,0,0,0,0,,,,
AXSUSDT,1h,williams_r,0,0,0,0,,,,
AXSUSDT,1h,donchian_breakout,0,0,0,0,,,,
AXSUSDT,1h,super_trend,0,0,0,0,,,,
AXSUSDT,1h,keltner_breakout,0,0,0,0,,,,
AXSUSDT,1h,heikin_ashi_ema,0,0,0,0,,,,
AXSUSDT,1h,obv_slope,0,0,0,0,,,,
AXSUSDT,1h,roc_momentum,1,1,0,0,1.21,0.0,29.48,1.0
AXSUSDT,4h,sma_crossover,0,0,0,0,,,,
AXSUSDT,4h,williams_r,0,0,0,0,,,,
AXSUSDT,4h,rsi_50_cross,0,0,0,0,,,,
AXSUSDT,4h,cci_breakout,0,0,0,0,,,,
AXSUSDT,4h,donchian_breakout,1,1,0,0,1.59,0.79,7.67,8.0
AXSUSDT,4h,super_trend,0,0,0,0,,,,
AXSUSDT,4h,keltner_breakout,0,0,0,0,,,,
AXSUSDT,4h,heikin_ashi_ema,0,0,0,0,,,,
AXSUSDT,4h,obv_slope,0,0,0,0,,,,
AXSUSDT,1d,rsi_50_cross,0,0,0,0,,,,
AXSUSDT,4h,roc_momentum,0,0,0,0,,,,
AXSUSDT,1d,williams_r,0,0,0,0,,,,
AXSUSDT,1d,sma_crossover,0,0,0,0,,,,
AXSUSDT,1d,donchian_breakout,0,0,0,0,,,,
AXSUSDT,1d,super_trend,0,0,0,0,,,,
AXSUSDT,1d,keltner_breakout,0,0,0,0,,,,
AXSUSDT,1d,cci_breakout,0,0,0,0,,,,
AXSUSDT,1d,heikin_ashi_ema,0,0,0,0,,,,
AXSUSDT,1d,roc_momentum,0,0,0,0,,,,
AXSUSDT,1d,obv_slope,0,0,0,0,,,,
BNBUSDT,5m,rsi_50_cross,0,0,0,0,,,,
BNBUSDT,5m,williams_r,0,0,0,0,,,,
BNBUSDT,5m,donchian_breakout,0,0,0,0,,,,
BNBUSDT,5m,sma_crossover,0,0,0,0,,,,
BNBUSDT,5m,super_trend,0,0,0,0,,,,
BNBUSDT,5m,cci_breakout,0,0,0,0,,,,
BNBUSDT,5m,roc_momentum,0,0,0,0,,,,
BNBUSDT,5m,keltner_breakout,0,0,0,0,,,,
BNBUSDT,5m,heikin_ashi_ema,0,0,0,0,,,,
BNBUSDT,15m,rsi_50_cross,0,0,0,0,,,,
BNBUSDT,15m,williams_r,0,0,0,0,,,,
BNBUSDT,5m,obv_slope,0,0,0,0,,,,
BNBUSDT,15m,sma_crossover,0,0,0,0,,,,
BNBUSDT,15m,cci_breakout,0,0,0,0,,,,
BNBUSDT,15m,donchian_breakout,0,0,0,0,,,,
BNBUSDT,15m,super_trend,0,0,0,0,,,,
BNBUSDT,15m,keltner_breakout,0,0,0,0,,,,
BNBUSDT,15m,heikin_ashi_ema,0,0,0,0,,,,
BNBUSDT,15m,obv_slope,0,0,0,0,,,,
BNBUSDT,15m,roc_momentum,0,0,0,0,,,,
BNBUSDT,30m,rsi_50_cross,0,0,0,0,,,,
BNBUSDT,30m,cci_breakout,0,0,0,0,,,,
BNBUSDT,30m,williams_r,0,0,0,0,,,,
BNBUSDT,30m,sma_crossover,0,0,0,0,,,,
BNBUSDT,30m,donchian_breakout,0,0,0,0,,,,
BNBUSDT,30m,super_trend,0,0,0,0,,,,
BNBUSDT,30m,keltner_breakout,0,0,0,0,,,,
BNBUSDT,30m,heikin_ashi_ema,0,0,0,0,,,,
BNBUSDT,30m,obv_slope,0,0,0,0,,,,
BNBUSDT,30m,roc_momentum,0,0,0,0,,,,
BNBUSDT,1h,sma_crossover,1,1,0,0,1.55,0.5,3.47,8.0
BNBUSDT,1h,rsi_50_cross,0,0,0,0,,,,
BNBUSDT,1h,cci_breakout,0,0,0,0,,,,
BNBUSDT,1h,williams_r,0,0,0,0,,,,
BNBUSDT,1h,donchian_breakout,0,0,0,0,,,,
BNBUSDT,1h,super_trend,0,0,0,0,,,,
BNBUSDT,1h,keltner_breakout,0,0,0,0,,,,
BNBUSDT,1h,heikin_ashi_ema,0,0,0,0,,,,
BNBUSDT,1h,obv_slope,0,0,0,0,,,,
BNBUSDT,1h,roc_momentum,0,0,0,0,,,,
BNBUSDT,4h,sma_crossover,1,1,0,0,2.01,0.33,6.22,5.0
BNBUSDT,4h,williams_r,0,0,0,0,,,,
BNBUSDT,4h,donchian_breakout,0,0,0,0,,,,
BNBUSDT,4h,rsi_50_cross,1,0,0,1,1.27,,8.47,1.0
BNBUSDT,4h,cci_breakout,1,0,0,1,1.26,1.32,8.36,10.0
BNBUSDT,4h,super_trend,0,0,0,0,,,,
BNBUSDT,4h,keltner_breakout,0,0,0,0,,,,
BNBUSDT,4h,heikin_ashi_ema,0,0,0,0,,,,
BNBUSDT,4h,obv_slope,1,1,0,0,1.22,0.82,6.34,10.0
BNBUSDT,4h,roc_momentum,1,1,0,0,1.23,0.11,16.47,13.0
BNBUSDT,1d,rsi_50_cross,0,0,0,0,,,,
BNBUSDT,1d,williams_r,0,0,0,0,,,,
BNBUSDT,1d,donchian_breakout,0,0,0,0,,,,
BNBUSDT,1d,sma_crossover,0,0,0,0,,,,
BNBUSDT,1d,super_trend,0,0,0,0,,,,
BNBUSDT,1d,heikin_ashi_ema,0,0,0,0,,,,
BNBUSDT,1d,cci_breakout,0,0,0,0,,,,
BNBUSDT,1d,obv_slope,0,0,0,0,,,,
BNBUSDT,1d,roc_momentum,0,0,0,0,,,,
BNBUSDT,1d,keltner_breakout,0,0,0,0,,,,
BONKUSDT,5m,rsi_50_cross,0,0,0,0,,,,
BONKUSDT,5m,williams_r,0,0,0,0,,,,
BONKUSDT,5m,donchian_breakout,0,0,0,0,,,,
BONKUSDT,5m,sma_crossover,0,0,0,0,,,,
BONKUSDT,5m,super_trend,0,0,0,0,,,,
BONKUSDT,5m,cci_breakout,0,0,0,0,,,,
BONKUSDT,5m,roc_momentum,0,0,0,0,,,,
BONKUSDT,5m,keltner_breakout,0,0,0,0,,,,
BONKUSDT,5m,heikin_ashi_ema,0,0,0,0,,,,
BONKUSDT,15m,rsi_50_cross,0,0,0,0,,,,
BONKUSDT,15m,sma_crossover,0,0,0,0,,,,
BONKUSDT,15m,williams_r,0,0,0,0,,,,
BONKUSDT,5m,obv_slope,0,0,0,0,,,,
BONKUSDT,15m,cci_breakout,0,0,0,0,,,,
BONKUSDT,15m,donchian_breakout,0,0,0,0,,,,
BONKUSDT,15m,super_trend,0,0,0,0,,,,
BONKUSDT,15m,keltner_breakout,0,0,0,0,,,,
BONKUSDT,15m,roc_momentum,0,0,0,0,,,,
BONKUSDT,15m,heikin_ashi_ema,0,0,0,0,,,,
BONKUSDT,30m,sma_crossover,0,0,0,0,,,,
BONKUSDT,30m,rsi_50_cross,0,0,0,0,,,,
BONKUSDT,15m,obv_slope,0,0,0,0,,,,
BONKUSDT,30m,williams_r,0,0,0,0,,,,
BONKUSDT,30m,donchian_breakout,0,0,0,0,,,,
BONKUSDT,30m,super_trend,0,0,0,0,,,,
BONKUSDT,30m,cci_breakout,0,0,0,0,,,,
BONKUSDT,30m,keltner_breakout,0,0,0,0,,,,
BONKUSDT,30m,heikin_ashi_ema,0,0,0,0,,,,
BONKUSDT,30m,obv_slope,0,0,0,0,,,,
BONKUSDT,30m,roc_momentum,0,0,0,0,,,,
BONKUSDT,1h,sma_crossover,0,0,0,0,,,,
BONKUSDT,1h,rsi_50_cross,0,0,0,0,,,,
BONKUSDT,1h,cci_breakout,0,0,0,0,,,,
BONKUSDT,1h,williams_r,0,0,0,0,,,,
BONKUSDT,1h,donchian_breakout,0,0,0,0,,,,
BONKUSDT,1h,super_trend,0,0,0,0,,,,
BONKUSDT,1h,keltner_breakout,0,0,0,0,,,,
BONKUSDT,1h,heikin_ashi_ema,0,0,0,0,,,,
BONKUSDT,1h,obv_slope,0,0,0,0,,,,
BONKUSDT,1h,roc_momentum,0,0,0,0,,,,
BONKUSDT,4h,sma_crossover,0,0,0,0,,,,
BONKUSDT,4h,williams_r,0,0,0,0,,,,
BONKUSDT,4h,donchian_breakout,0,0,0,0,,,,
BONKUSDT,4h,rsi_50_cross,2,1,0,1,1.355,1.085,20.03,9.0
BONKUSDT,4h,super_trend,0,0,0,0,,,,
BONKUSDT,4h,heikin_ashi_ema,0,0,0,0,,,,
BONKUSDT,4h,keltner_breakout,1,0,0,1,1.27,2.89,5.22,5.0
BONKUSDT,4h,roc_momentum,0,0,0,0,,,,
BONKUSDT,1d,rsi_50_cross,0,0,0,0,,,,
BONKUSDT,4h,obv_slope,1,0,0,1,1.78,,33.3,1.0
BONKUSDT,1d,sma_crossover,0,0,0,0,,,,
BONKUSDT,1d,williams_r,0,0,0,0,,,,
BONKUSDT,1d,donchian_breakout,0,0,0,0,,,,
BONKUSDT,1d,super_trend,0,0,0,0,,,,
BONKUSDT,1d,cci_breakout,0,0,0,0,,,,
BONKUSDT,1d,heikin_ashi_ema,0,0,0,0,,,,
BONKUSDT,1d,obv_slope,0,0,0,0,,,,
BONKUSDT,1d,roc_momentum,0,0,0,0,,,,
BONKUSDT,1d,keltner_breakout,0,0,0,0,,,,
BONKUSDT,4h,cci_breakout,10,4,1,5,1.773,1.196,20.624,9.5
BTCUSDT,5m,rsi_50_cross,0,0,0,0,,,,
BTCUSDT,5m,williams_r,0,0,0,0,,,,
BTCUSDT,5m,donchian_breakout,0,0,0,0,,,,
BTCUSDT,5m,sma_crossover,0,0,0,0,,,,
BTCUSDT,5m,super_trend,0,0,0,0,,,,
BTCUSDT,5m,cci_breakout,0,0,0,0,,,,
BTCUSDT,5m,roc_momentum,0,0,0,0,,,,
BTCUSDT,5m,keltner_breakout,0,0,0,0,,,,
BTCUSDT,5m,heikin_ashi_ema,0,0,0,0,,,,
BTCUSDT,15m,rsi_50_cross,0,0,0,0,,,,
BTCUSDT,15m,williams_r,0,0,0,0,,,,
BTCUSDT,5m,obv_slope,0,0,0,0,,,,
BTCUSDT,15m,sma_crossover,0,0,0,0,,,,
BTCUSDT,15m,cci_breakout,0,0,0,0,,,,
BTCUSDT,15m,donchian_breakout,0,0,0,0,,,,
BTCUSDT,15m,super_trend,0,0,0,0,,,,
BTCUSDT,15m,roc_momentum,0,0,0,0,,,,
BTCUSDT,15m,keltner_breakout,0,0,0,0,,,,
BTCUSDT,15m,obv_slope,0,0,0,0,,,,
BTCUSDT,15m,heikin_ashi_ema,0,0,0,0,,,,
BTCUSDT,30m,sma_crossover,0,0,0,0,,,,
BTCUSDT,30m,rsi_50_cross,0,0,0,0,,,,
BTCUSDT,30m,cci_breakout,0,0,0,0,,,,
BTCUSDT,30m,williams_r,0,0,0,0,,,,
BTCUSDT,30m,donchian_breakout,0,0,0,0,,,,
BTCUSDT,30m,super_trend,0,0,0,0,,,,
BTCUSDT,30m,keltner_breakout,0,0,0,0,,,,
BTCUSDT,30m,heikin_ashi_ema,0,0,0,0,,,,
BTCUSDT,30m,obv_slope,0,0,0,0,,,,
BTCUSDT,30m,roc_momentum,0,0,0,0,,,,
BTCUSDT,1h,sma_crossover,0,0,0,0,,,,
BTCUSDT,1h,rsi_50_cross,0,0,0,0,,,,
BTCUSDT,1h,cci_breakout,0,0,0,0,,,,
BTCUSDT,1h,williams_r,0,0,0,0,,,,
BTCUSDT,1h,donchian_breakout,0,0,0,0,,,,
BTCUSDT,1h,super_trend,0,0,0,0,,,,
BTCUSDT,1h,keltner_breakout,0,0,0,0,,,,
BTCUSDT,1h,heikin_ashi_ema,0,0,0,0,,,,
BTCUSDT,1h,obv_slope,0,0,0,0,,,,
BTCUSDT,1h,roc_momentum,0,0,0,0,,,,
BTCUSDT,4h,sma_crossover,0,0,0,0,,,,
BTCUSDT,4h,rsi_50_cross,0,0,0,0,,,,
BTCUSDT,4h,cci_breakout,2,2,0,0,1.355,0.64,9.545,13.0
BTCUSDT,4h,williams_r,0,0,0,0,,,,
BTCUSDT,4h,donchian_breakout,0,0,0,0,,,,
BTCUSDT,4h,super_trend,0,0,0,0,,,,
BTCUSDT,4h,keltner_breakout,0,0,0,0,,,,
BTCUSDT,4h,heikin_ashi_ema,0,0,0,0,,,,
BTCUSDT,4h,obv_slope,1,1,0,0,1.21,0.0,6.84,5.0
BTCUSDT,1d,rsi_50_cross,0,0,0,0,,,,
BTCUSDT,4h,roc_momentum,0,0,0,0,,,,
BTCUSDT,1d,williams_r,0,0,0,0,,,,
BTCUSDT,1d,sma_crossover,0,0,0,0,,,,
BTCUSDT,1d,donchian_breakout,0,0,0,0,,,,
BTCUSDT,1d,super_trend,0,0,0,0,,,,
BTCUSDT,1d,cci_breakout,0,0,0,0,,,,
BTCUSDT,1d,heikin_ashi_ema,0,0,0,0,,,,
BTCUSDT,1d,obv_slope,0,0,0,0,,,,
BTCUSDT,1d,roc_momentum,0,0,0,0,,,,
BTCUSDT,1d,keltner_breakout,0,0,0,0,,,,
DOTUSDT,5m,rsi_50_cross,0,0,0,0,,,,
DOTUSDT,5m,williams_r,0,0,0,0,,,,
DOTUSDT,5m,donchian_breakout,0,0,0,0,,,,
DOTUSDT,5m,sma_crossover,0,0,0,0,,,,
DOTUSDT,5m,super_trend,0,0,0,0,,,,
DOTUSDT,5m,cci_breakout,0,0,0,0,,,,
DOTUSDT,5m,roc_momentum,0,0,0,0,,,,
DOTUSDT,5m,keltner_breakout,0,0,0,0,,,,
DOTUSDT,5m,heikin_ashi_ema,0,0,0,0,,,,
DOTUSDT,15m,rsi_50_cross,0,0,0,0,,,,
DOTUSDT,5m,obv_slope,0,0,0,0,,,,
DOTUSDT,15m,williams_r,0,0,0,0,,,,
DOTUSDT,15m,sma_crossover,0,0,0,0,,,,
DOTUSDT,15m,donchian_breakout,0,0,0,0,,,,
DOTUSDT,15m,cci_breakout,0,0,0,0,,,,
DOTUSDT,15m,super_trend,0,0,0,0,,,,
DOTUSDT,15m,keltner_breakout,0,0,0,0,,,,
DOTUSDT,15m,heikin_ashi_ema,0,0,0,0,,,,
DOTUSDT,15m,roc_momentum,0,0,0,0,,,,
DOTUSDT,15m,obv_slope,0,0,0,0,,,,
DOTUSDT,30m,rsi_50_cross,0,0,0,0,,,,
DOTUSDT,30m,williams_r,0,0,0,0,,,,
DOTUSDT,30m,sma_crossover,0,0,0,0,,,,
DOTUSDT,30m,cci_breakout,0,0,0,0,,,,
DOTUSDT,30m,donchian_breakout,0,0,0,0,,,,
DOTUSDT,30m,super_trend,0,0,0,0,,,,
DOTUSDT,30m,keltner_breakout,0,0,0,0,,,,
DOTUSDT,30m,heikin_ashi_ema,0,0,0,0,,,,
DOTUSDT,30m,obv_slope,0,0,0,0,,,,
DOTUSDT,30m,roc_momentum,0,0,0,0,,,,
DOTUSDT,1h,sma_crossover,0,0,0,0,,,,
DOTUSDT,1h,rsi_50_cross,0,0,0,0,,,,
DOTUSDT,1h,cci_breakout,0,0,0,0,,,,
DOTUSDT,1h,williams_r,0,0,0,0,,,,
DOTUSDT,1h,donchian_breakout,0,0,0,0,,,,
DOTUSDT,1h,super_trend,0,0,0,0,,,,
DOTUSDT,1h,keltner_breakout,0,0,0,0,,,,
DOTUSDT,1h,heikin_ashi_ema,0,0,0,0,,,,
DOTUSDT,1h,obv_slope,0,0,0,0,,,,
DOTUSDT,1h,roc_momentum,0,0,0,0,,,,
DOTUSDT,4h,sma_crossover,1,1,0,0,1.65,0.96,9.1,6.0
DOTUSDT,4h,rsi_50_cross,1,1,0,0,1.46,0.57,19.35,10.0
DOTUSDT,4h,williams_r,0,0,0,0,,,,
DOTUSDT,4h,cci_breakout,1,0,0,1,1.42,5.61,5.81,5.0
DOTUSDT,4h,donchian_breakout,0,0,0,0,,,,
DOTUSDT,4h,super_trend,0,0,0,0,,,,
DOTUSDT,4h,keltner_breakout,0,0,0,0,,,,
DOTUSDT,4h,heikin_ashi_ema,0,0,0,0,,,,
DOTUSDT,4h,obv_slope,0,0,0,0,,,,
DOTUSDT,1d,rsi_50_cross,0,0,0,0,,,,
DOTUSDT,4h,roc_momentum,0,0,0,0,,,,
DOTUSDT,1d,williams_r,0,0,0,0,,,,
DOTUSDT,1d,donchian_breakout,0,0,0,0,,,,
DOTUSDT,1d,sma_crossover,0,0,0,0,,,,
DOTUSDT,1d,super_trend,0,0,0,0,,,,
DOTUSDT,1d,keltner_breakout,0,0,0,0,,,,
DOTUSDT,1d,heikin_ashi_ema,0,0,0,0,,,,
DOTUSDT,1d,cci_breakout,0,0,0,0,,,,
DOTUSDT,1d,obv_slope,0,0,0,0,,,,
DOTUSDT,1d,roc_momentum,0,0,0,0,,,,
EGLDUSDT,5m,rsi_50_cross,0,0,0,0,,,,
EGLDUSDT,5m,williams_r,0,0,0,0,,,,
EGLDUSDT,5m,donchian_breakout,0,0,0,0,,,,
EGLDUSDT,5m,super_trend,0,0,0,0,,,,
EGLDUSDT,5m,sma_crossover,0,0,0,0,,,,
EGLDUSDT,5m,cci_breakout,0,0,0,0,,,,
EGLDUSDT,5m,keltner_breakout,0,0,0,0,,,,
EGLDUSDT,5m,roc_momentum,0,0,0,0,,,,
EGLDUSDT,5m,heikin_ashi_ema,0,0,0,0,,,,
EGLDUSDT,15m,rsi_50_cross,0,0,0,0,,,,
EGLDUSDT,15m,sma_crossover,0,0,0,0,,,,
EGLDUSDT,15m,williams_r,0,0,0,0,,,,
EGLDUSDT,15m,donchian_breakout,0,0,0,0,,,,
EGLDUSDT,15m,cci_breakout,0,0,0,0,,,,
EGLDUSDT,5m,obv_slope,0,0,0,0,,,,
EGLDUSDT,15m,super_trend,0,0,0,0,,,,
EGLDUSDT,15m,keltner_breakout,0,0,0,0,,,,
EGLDUSDT,15m,roc_momentum,0,0,0,0,,,,
EGLDUSDT,15m,heikin_ashi_ema,0,0,0,0,,,,
EGLDUSDT,30m,rsi_50_cross,0,0,0,0,,,,
EGLDUSDT,15m,obv_slope,0,0,0,0,,,,
EGLDUSDT,30m,cci_breakout,0,0,0,0,,,,
EGLDUSDT,30m,sma_crossover,0,0,0,0,,,,
EGLDUSDT,30m,williams_r,0,0,0,0,,,,
EGLDUSDT,30m,donchian_breakout,0,0,0,0,,,,
EGLDUSDT,30m,super_trend,0,0,0,0,,,,
EGLDUSDT,30m,keltner_breakout,0,0,0,0,,,,
EGLDUSDT,30m,heikin_ashi_ema,0,0,0,0,,,,
EGLDUSDT,30m,roc_momentum,0,0,0,0,,,,
EGLDUSDT,1h,sma_crossover,0,0,0,0,,,,
EGLDUSDT,30m,obv_slope,0,0,0,0,,,,
EGLDUSDT,1h,rsi_50_cross,0,0,0,0,,,,
EGLDUSDT,1h,cci_breakout,0,0,0,0,,,,
EGLDUSDT,1h,williams_r,0,0,0,0,,,,
EGLDUSDT,1h,donchian_breakout,0,0,0,0,,,,
EGLDUSDT,1h,super_trend,0,0,0,0,,,,
EGLDUSDT,1h,keltner_breakout,0,0,0,0,,,,
EGLDUSDT,1h,heikin_ashi_ema,0,0,0,0,,,,
EGLDUSDT,1h,obv_slope,0,0,0,0,,,,
EGLDUSDT,1h,roc_momentum,0,0,0,0,,,,
EGLDUSDT,4h,sma_crossover,0,0,0,0,,,,
EGLDUSDT,4h,rsi_50_cross,0,0,0,0,,,,
EGLDUSDT,4h,williams_r,0,0,0,0,,,,
EGLDUSDT,4h,donchian_breakout,0,0,0,0,,,,
EGLDUSDT,4h,super_trend,0,0,0,0,,,,
EGLDUSDT,4h,keltner_breakout,0,0,0,0,,,,
EGLDUSDT,4h,heikin_ashi_ema,0,0,0,0,,,,
EGLDUSDT,4h,obv_slope,1,1,0,0,1.71,0.14,27.43,8.0
EGLDUSDT,1d,rsi_50_cross,0,0,0,0,,,,
EGLDUSDT,4h,roc_momentum,0,0,0,0,,,,
EGLDUSDT,1d,sma_crossover,0,0,0,0,,,,
EGLDUSDT,1d,williams_r,0,0,0,0,,,,
EGLDUSDT,1d,donchian_breakout,0,0,0,0,,,,
EGLDUSDT,1d,super_trend,0,0,0,0,,,,
EGLDUSDT,1d,cci_breakout,0,0,0,0,,,,
EGLDUSDT,1d,obv_slope,0,0,0,0,,,,
EGLDUSDT,1d,roc_momentum,0,0,0,0,,,,
EGLDUSDT,4h,cci_breakout,5,1,0,4,1.592,2.374,11.26,8.0
EGLDUSDT,1d,keltner_breakout,0,0,0,0,,,,
EGLDUSDT,1d,heikin_ashi_ema,0,0,0,0,,,,
ENSUSDT,5m,williams_r,0,0,0,0,,,,
ENSUSDT,5m,rsi_50_cross,0,0,0,0,,,,
ENSUSDT,5m,donchian_breakout,0,0,0,0,,,,
ENSUSDT,5m,sma_crossover,0,0,0,0,,,,
ENSUSDT,5m,super_trend,0,0,0,0,,,,
ENSUSDT,5m,cci_breakout,0,0,0,0,,,,
ENSUSDT,5m,roc_momentum,0,0,0,0,,,,
ENSUSDT,5m,keltner_breakout,0,0,0,0,,,,
ENSUSDT,5m,heikin_ashi_ema,0,0,0,0,,,,
ENSUSDT,15m,rsi_50_cross,0,0,0,0,,,,
ENSUSDT,15m,sma_crossover,0,0,0,0,,,,
ENSUSDT,5m,obv_slope,0,0,0,0,,,,
ENSUSDT,15m,williams_r,0,0,0,0,,,,
ENSUSDT,15m,donchian_breakout,0,0,0,0,,,,
ENSUSDT,15m,super_trend,0,0,0,0,,,,
ENSUSDT,15m,cci_breakout,0,0,0,0,,,,
ENSUSDT,15m,keltner_breakout,0,0,0,0,,,,
ENSUSDT,15m,roc_momentum,0,0,0,0,,,,
ENSUSDT,15m,heikin_ashi_ema,0,0,0,0,,,,
ENSUSDT,30m,sma_crossover,0,0,0,0,,,,
ENSUSDT,15m,obv_slope,0,0,0,0,,,,
ENSUSDT,30m,rsi_50_cross,0,0,0,0,,,,
ENSUSDT,30m,williams_r,0,0,0,0,,,,
ENSUSDT,30m,donchian_breakout,0,0,0,0,,,,
ENSUSDT,30m,super_trend,0,0,0,0,,,,
ENSUSDT,30m,cci_breakout,0,0,0,0,,,,
ENSUSDT,30m,keltner_breakout,0,0,0,0,,,,
ENSUSDT,30m,heikin_ashi_ema,0,0,0,0,,,,
ENSUSDT,30m,obv_slope,0,0,0,0,,,,
ENSUSDT,30m,roc_momentum,0,0,0,0,,,,
ENSUSDT,1h,sma_crossover,2,1,1,0,1.665,0.925,8.98,8.0
ENSUSDT,1h,rsi_50_cross,0,0,0,0,,,,
ENSUSDT,1h,cci_breakout,0,0,0,0,,,,
ENSUSDT,1h,williams_r,0,0,0,0,,,,
ENSUSDT,1h,donchian_breakout,0,0,0,0,,,,
ENSUSDT,1h,super_trend,0,0,0,0,,,,
ENSUSDT,1h,keltner_breakout,0,0,0,0,,,,
ENSUSDT,1h,heikin_ashi_ema,0,0,0,0,,,,
ENSUSDT,1h,obv_slope,0,0,0,0,,,,
ENSUSDT,1h,roc_momentum,0,0,0,0,,,,
ENSUSDT,4h,sma_crossover,0,0,0,0,,,,
ENSUSDT,4h,rsi_50_cross,0,0,0,0,,,,
ENSUSDT,4h,cci_breakout,2,2,0,0,1.545,0.355,19.035,9.5
ENSUSDT,4h,williams_r,0,0,0,0,,,,
ENSUSDT,4h,donchian_breakout,0,0,0,0,,,,
ENSUSDT,4h,super_trend,0,0,0,0,,,,
ENSUSDT,4h,keltner_breakout,0,0,0,0,,,,
ENSUSDT,4h,heikin_ashi_ema,0,0,0,0,,,,
ENSUSDT,4h,obv_slope,1,1,0,0,1.23,0.62,24.3,9.0
ENSUSDT,1d,rsi_50_cross,0,0,0,0,,,,
ENSUSDT,4h,roc_momentum,0,0,0,0,,,,
ENSUSDT,1d,williams_r,0,0,0,0,,,,
ENSUSDT,1d,sma_crossover,0,0,0,0,,,,
ENSUSDT,1d,donchian_breakout,0,0,0,0,,,,
ENSUSDT,1d,super_trend,0,0,0,0,,,,
ENSUSDT,1d,keltner_breakout,0,0,0,0,,,,
ENSUSDT,1d,heikin_ashi_ema,0,0,0,0,,,,
ENSUSDT,1d,cci_breakout,0,0,0,0,,,,
ENSUSDT,1d,roc_momentum,0,0,0,0,,,,
ENSUSDT,1d,obv_slope,0,0,0,0,,,,
ETHUSDT,5m,rsi_50_cross,0,0,0,0,,,,
ETHUSDT,5m,williams_r,0,0,0,0,,,,
ETHUSDT,5m,donchian_breakout,0,0,0,0,,,,
ETHUSDT,5m,sma_crossover,0,0,0,0,,,,
ETHUSDT,5m,super_trend,0,0,0,0,,,,
ETHUSDT,5m,cci_breakout,0,0,0,0,,,,
ETHUSDT,5m,keltner_breakout,0,0,0,0,,,,
ETHUSDT,5m,roc_momentum,0,0,0,0,,,,
ETHUSDT,5m,heikin_ashi_ema,0,0,0,0,,,,
ETHUSDT,15m,rsi_50_cross,0,0,0,0,,,,
ETHUSDT,15m,sma_crossover,0,0,0,0,,,,
ETHUSDT,5m,obv_slope,0,0,0,0,,,,
ETHUSDT,15m,williams_r,0,0,0,0,,,,
ETHUSDT,15m,cci_breakout,0,0,0,0,,,,
ETHUSDT,15m,donchian_breakout,0,0,0,0,,,,
ETHUSDT,15m,super_trend,0,0,0,0,,,,
ETHUSDT,15m,roc_momentum,0,0,0,0,,,,
ETHUSDT,15m,keltner_breakout,0,0,0,0,,,,
ETHUSDT,15m,heikin_ashi_ema,0,0,0,0,,,,
ETHUSDT,15m,obv_slope,0,0,0,0,,,,
ETHUSDT,30m,sma_crossover,0,0,0,0,,,,
ETHUSDT,30m,rsi_50_cross,0,0,0,0,,,,
ETHUSDT,30m,cci_breakout,0,0,0,0,,,,
ETHUSDT,30m,williams_r,0,0,0,0,,,,
ETHUSDT,30m,donchian_breakout,0,0,0,0,,,,
ETHUSDT,30m,super_trend,0,0,0,0,,,,
ETHUSDT,30m,keltner_breakout,0,0,0,0,,,,
ETHUSDT,30m,heikin_ashi_ema,0,0,0,0,,,,
ETHUSDT,30m,obv_slope,0,0,0,0,,,,
ETHUSDT,30m,roc_momentum,0,0,0,0,,,,
ETHUSDT,1h,sma_crossover,0,0,0,0,,,,
ETHUSDT,1h,rsi_50_cross,0,0,0,0,,,,
ETHUSDT,1h,cci_breakout,0,0,0,0,,,,
ETHUSDT,1h,williams_r,0,0,0,0,,,,
ETHUSDT,1h,donchian_breakout,0,0,0,0,,,,
ETHUSDT,1h,super_trend,0,0,0,0,,,,
ETHUSDT,1h,keltner_breakout,0,0,0,0,,,,
ETHUSDT,1h,heikin_ashi_ema,0,0,0,0,,,,
ETHUSDT,1h,obv_slope,0,0,0,0,,,,
ETHUSDT,1h,roc_momentum,0,0,0,0,,,,
ETHUSDT,4h,sma_crossover,0,0,0,0,,,,
ETHUSDT,4h,rsi_50_cross,0,0,0,0,,,,
ETHUSDT,4h,cci_breakout,2,2,0,0,1.335,0.33,14.295,10.0
ETHUSDT,4h,williams_r,0,0,0,0,,,,
ETHUSDT,4h,donchian_breakout,0,0,0,0,,,,
ETHUSDT,4h,super_trend,0,0,0,0,,,,
ETHUSDT,4h,keltner_breakout,0,0,0,0,,,,
ETHUSDT,4h,heikin_ashi_ema,0,0,0,0,,,,
ETHUSDT,4h,obv_slope,0,0,0,0,,,,
ETHUSDT,1d,rsi_50_cross,0,0,0,0,,,,
ETHUSDT,4h,roc_momentum,0,0,0,0,,,,
ETHUSDT,1d,williams_r,0,0,0,0,,,,
ETHUSDT,1d,sma_crossover,0,0,0,0,,,,
ETHUSDT,1d,donchian_breakout,0,0,0,0,,,,
ETHUSDT,1d,super_trend,0,0,0,0,,,,
ETHUSDT,1d,cci_breakout,0,0,0,0,,,,
ETHUSDT,1d,heikin_ashi_ema,0,0,0,0,,,,
ETHUSDT,1d,roc_momentum,0,0,0,0,,,,
ETHUSDT,1d,keltner_breakout,0,0,0,0,,,,
ETHUSDT,1d,obv_slope,0,0,0,0,,,,
FILUSDT,5m,rsi_50_cross,0,0,0,0,,,,
FILUSDT,5m,williams_r,0,0,0,0,,,,
FILUSDT,5m,donchian_breakout,0,0,0,0,,,,
FILUSDT,5m,sma_crossover,0,0,0,0,,,,
FILUSDT,5m,super_trend,0,0,0,0,,,,
FILUSDT,5m,cci_breakout,0,0,0,0,,,,
FILUSDT,5m,roc_momentum,0,0,0,0,,,,
FILUSDT,5m,keltner_breakout,0,0,0,0,,,,
FILUSDT,5m,heikin_ashi_ema,0,0,0,0,,,,
FILUSDT,15m,sma_crossover,0,0,0,0,,,,
FILUSDT,15m,rsi_50_cross,0,0,0,0,,,,
FILUSDT,15m,williams_r,0,0,0,0,,,,
FILUSDT,15m,cci_breakout,0,0,0,0,,,,
FILUSDT,5m,obv_slope,0,0,0,0,,,,
FILUSDT,15m,donchian_breakout,0,0,0,0,,,,
FILUSDT,15m,super_trend,0,0,0,0,,,,
FILUSDT,15m,obv_slope,0,0,0,0,,,,
FILUSDT,15m,keltner_breakout,0,0,0,0,,,,
FILUSDT,15m,heikin_ashi_ema,0,0,0,0,,,,
FILUSDT,15m,roc_momentum,0,0,0,0,,,,
FILUSDT,30m,rsi_50_cross,0,0,0,0,,,,
FILUSDT,30m,williams_r,0,0,0,0,,,,
FILUSDT,30m,sma_crossover,0,0,0,0,,,,
FILUSDT,30m,cci_breakout,0,0,0,0,,,,
FILUSDT,30m,donchian_breakout,0,0,0,0,,,,
FILUSDT,30m,super_trend,0,0,0,0,,,,
FILUSDT,30m,keltner_breakout,0,0,0,0,,,,
FILUSDT,30m,heikin_ashi_ema,0,0,0,0,,,,
FILUSDT,30m,obv_slope,0,0,0,0,,,,
FILUSDT,30m,roc_momentum,0,0,0,0,,,,
FILUSDT,1h,sma_crossover,0,0,0,0,,,,
FILUSDT,1h,rsi_50_cross,0,0,0,0,,,,
FILUSDT,1h,cci_breakout,0,0,0,0,,,,
FILUSDT,1h,williams_r,1,1,0,0,1.24,0.82,30.17,64.0
FILUSDT,1h,donchian_breakout,0,0,0,0,,,,
FILUSDT,1h,super_trend,0,0,0,0,,,,
FILUSDT,1h,keltner_breakout,0,0,0,0,,,,
FILUSDT,1h,heikin_ashi_ema,0,0,0,0,,,,
FILUSDT,1h,obv_slope,1,1,0,0,1.22,0.63,25.85,46.0
FILUSDT,1h,roc_momentum,1,1,0,0,1.27,0.88,14.76,50.0
FILUSDT,4h,sma_crossover,1,1,0,0,1.86,0.28,17.6,7.0
FILUSDT,4h,rsi_50_cross,1,1,0,0,1.88,0.15,31.09,10.0
FILUSDT,4h,williams_r,0,0,0,0,,,,
FILUSDT,4h,donchian_breakout,0,0,0,0,,,,
FILUSDT,4h,super_trend,0,0,0,0,,,,
FILUSDT,4h,cci_breakout,1,0,0,1,1.53,1.37,15.07,15.0
FILUSDT,4h,keltner_breakout,0,0,0,0,,,,
FILUSDT,4h,heikin_ashi_ema,0,0,0,0,,,,
FILUSDT,4h,obv_slope,2,2,0,0,1.8,0.205,17.205,8.5
FILUSDT,1d,rsi_50_cross,0,0,0,0,,,,
FILUSDT,4h,roc_momentum,0,0,0,0,,,,
FILUSDT,1d,sma_crossover,0,0,0,0,,,,
FILUSDT,1d,williams_r,0,0,0,0,,,,
FILUSDT,1d,donchian_breakout,0,0,0,0,,,,
FILUSDT,1d,super_trend,0,0,0,0,,,,
FILUSDT,1d,heikin_ashi_ema,0,0,0,0,,,,
FILUSDT,1d,cci_breakout,0,0,0,0,,,,
FILUSDT,1d,obv_slope,0,0,0,0,,,,
FILUSDT,1d,roc_momentum,0,0,0,0,,,,
FILUSDT,1d,keltner_breakout,0,0,0,0,,,,
FLOKIUSDT,5m,rsi_50_cross,0,0,0,0,,,,
FLOKIUSDT,5m,williams_r,0,0,0,0,,,,
FLOKIUSDT,5m,donchian_breakout,0,0,0,0,,,,
FLOKIUSDT,5m,sma_crossover,0,0,0,0,,,,
FLOKIUSDT,5m,super_trend,0,0,0,0,,,,
FLOKIUSDT,5m,cci_breakout,0,0,0,0,,,,
FLOKIUSDT,5m,roc_momentum,0,0,0,0,,,,
FLOKIUSDT,5m,keltner_breakout,0,0,0,0,,,,
FLOKIUSDT,15m,rsi_50_cross,0,0,0,0,,,,
FLOKIUSDT,5m,heikin_ashi_ema,0,0,0,0,,,,
FLOKIUSDT,5m,obv_slope,0,0,0,0,,,,
FLOKIUSDT,15m,williams_r,0,0,0,0,,,,
FLOKIUSDT,15m,sma_crossover,0,0,0,0,,,,
FLOKIUSDT,15m,donchian_breakout,0,0,0,0,,,,
FLOKIUSDT,15m,super_trend,0,0,0,0,,,,
FLOKIUSDT,15m,cci_breakout,0,0,0,0,,,,
FLOKIUSDT,15m,roc_momentum,0,0,0,0,,,,
FLOKIUSDT,15m,keltner_breakout,0,0,0,0,,,,
FLOKIUSDT,15m,obv_slope,0,0,0,0,,,,
FLOKIUSDT,15m,heikin_ashi_ema,0,0,0,0,,,,
FLOKIUSDT,30m,sma_crossover,0,0,0,0,,,,
FLOKIUSDT,30m,rsi_50_cross,0,0,0,0,,,,
FLOKIUSDT,30m,cci_breakout,0,0,0,0,,,,
FLOKIUSDT,30m,williams_r,0,0,0,0,,,,
FLOKIUSDT,30m,donchian_breakout,0,0,0,0,,,,
FLOKIUSDT,30m,super_trend,0,0,0,0,,,,
FLOKIUSDT,30m,heikin_ashi_ema,0,0,0,0,,,,
FLOKIUSDT,30m,obv_slope,0,0,0,0,,,,
FLOKIUSDT,30m,keltner_breakout,0,0,0,0,,,,
FLOKIUSDT,30m,roc_momentum,0,0,0,0,,,,
FLOKIUSDT,1h,sma_crossover,0,0,0,0,,,,
FLOKIUSDT,1h,rsi_50_cross,0,0,0,0,,,,
FLOKIUSDT,1h,cci_breakout,0,0,0,0,,,,
FLOKIUSDT,1h,williams_r,0,0,0,0,,,,
FLOKIUSDT,1h,donchian_breakout,0,0,0,0,,,,
FLOKIUSDT,1h,super_trend,0,0,0,0,,,,
FLOKIUSDT,1h,keltner_breakout,0,0,0,0,,,,
FLOKIUSDT,1h,heikin_ashi_ema,0,0,0,0,,,,
FLOKIUSDT,1h,obv_slope,0,0,0,0,,,,
FLOKIUSDT,1h,roc_momentum,0,0,0,0,,,,
FLOKIUSDT,4h,sma_crossover,0,0,0,0,,,,
FLOKIUSDT,4h,cci_breakout,0,0,0,0,,,,
FLOKIUSDT,4h,williams_r,0,0,0,0,,,,
FLOKIUSDT,4h,donchian_breakout,0,0,0,0,,,,
FLOKIUSDT,4h,super_trend,0,0,0,0,,,,
FLOKIUSDT,4h,keltner_breakout,0,0,0,0,,,,
FLOKIUSDT,4h,heikin_ashi_ema,0,0,0,0,,,,
FLOKIUSDT,4h,rsi_50_cross,2,0,0,2,1.305,5.005,8.795,6.5
FLOKIUSDT,4h,obv_slope,0,0,0,0,,,,
FLOKIUSDT,1d,rsi_50_cross,0,0,0,0,,,,
FLOKIUSDT,4h,roc_momentum,0,0,0,0,,,,
FLOKIUSDT,1d,williams_r,0,0,0,0,,,,
FLOKIUSDT,1d,sma_crossover,0,0,0,0,,,,
FLOKIUSDT,1d,donchian_breakout,0,0,0,0,,,,
FLOKIUSDT,1d,super_trend,0,0,0,0,,,,
FLOKIUSDT,1d,cci_breakout,0,0,0,0,,,,
FLOKIUSDT,1d,obv_slope,0,0,0,0,,,,
FLOKIUSDT,1d,roc_momentum,0,0,0,0,,,,
FLOKIUSDT,1d,keltner_breakout,0,0,0,0,,,,
FLOKIUSDT,1d,heikin_ashi_ema,0,0,0,0,,,,
FLOWUSDT,5m,rsi_50_cross,0,0,0,0,,,,
FLOWUSDT,5m,williams_r,0,0,0,0,,,,
FLOWUSDT,5m,donchian_breakout,0,0,0,0,,,,
FLOWUSDT,5m,sma_crossover,0,0,0,0,,,,
FLOWUSDT,5m,super_trend,0,0,0,0,,,,
FLOWUSDT,5m,cci_breakout,0,0,0,0,,,,
FLOWUSDT,5m,roc_momentum,0,0,0,0,,,,
FLOWUSDT,5m,heikin_ashi_ema,0,0,0,0,,,,
FLOWUSDT,5m,keltner_breakout,0,0,0,0,,,,
FLOWUSDT,15m,rsi_50_cross,0,0,0,0,,,,
FLOWUSDT,15m,sma_crossover,0,0,0,0,,,,
FLOWUSDT,5m,obv_slope,0,0,0,0,,,,
FLOWUSDT,15m,donchian_breakout,0,0,0,0,,,,
FLOWUSDT,15m,williams_r,0,0,0,0,,,,
FLOWUSDT,15m,cci_breakout,0,0,0,0,,,,
FLOWUSDT,15m,super_trend,0,0,0,0,,,,
FLOWUSDT,15m,roc_momentum,0,0,0,0,,,,
FLOWUSDT,15m,keltner_breakout,0,0,0,0,,,,
FLOWUSDT,15m,heikin_ashi_ema,0,0,0,0,,,,
FLOWUSDT,15m,obv_slope,0,0,0,0,,,,
FLOWUSDT,30m,sma_crossover,0,0,0,0,,,,
FLOWUSDT,30m,rsi_50_cross,0,0,0,0,,,,
FLOWUSDT,30m,cci_breakout,0,0,0,0,,,,
FLOWUSDT,30m,williams_r,0,0,0,0,,,,
FLOWUSDT,30m,donchian_breakout,0,0,0,0,,,,
FLOWUSDT,30m,super_trend,0,0,0,0,,,,
FLOWUSDT,30m,keltner_breakout,0,0,0,0,,,,
FLOWUSDT,30m,heikin_ashi_ema,0,0,0,0,,,,
FLOWUSDT,30m,obv_slope,0,0,0,0,,,,
FLOWUSDT,30m,roc_momentum,0,0,0,0,,,,
FLOWUSDT,1h,rsi_50_cross,0,0,0,0,,,,
FLOWUSDT,1h,cci_breakout,0,0,0,0,,,,
FLOWUSDT,1h,williams_r,0,0,0,0,,,,
FLOWUSDT,1h,donchian_breakout,0,0,0,0,,,,
FLOWUSDT,1h,super_trend,0,0,0,0,,,,
FLOWUSDT,1h,keltner_breakout,0,0,0,0,,,,
FLOWUSDT,1h,sma_crossover,3,1,0,2,1.4433,1.3567,9.53,8.0
FLOWUSDT,1h,heikin_ashi_ema,0,0,0,0,,,,
FLOWUSDT,1h,obv_slope,0,0,0,0,,,,
FLOWUSDT,1h,roc_momentum,0,0,0,0,,,,
FLOWUSDT,4h,sma_crossover,0,0,0,0,,,,
FLOWUSDT,4h,rsi_50_cross,0,0,0,0,,,,
FLOWUSDT,4h,cci_breakout,2,2,0,0,1.54,0.72,15.745,10.5
FLOWUSDT,4h,williams_r,0,0,0,0,,,,
FLOWUSDT,4h,donchian_breakout,0,0,0,0,,,,
FLOWUSDT,4h,super_trend,0,0,0,0,,,,
FLOWUSDT,4h,keltner_breakout,0,0,0,0,,,,
FLOWUSDT,4h,heikin_ashi_ema,0,0,0,0,,,,
FLOWUSDT,4h,roc_momentum,0,0,0,0,,,,
FLOWUSDT,1d,rsi_50_cross,0,0,0,0,,,,
FLOWUSDT,1d,sma_crossover,0,0,0,0,,,,
FLOWUSDT,1d,williams_r,0,0,0,0,,,,
FLOWUSDT,1d,donchian_breakout,0,0,0,0,,,,
FLOWUSDT,1d,super_trend,0,0,0,0,,,,
FLOWUSDT,4h,obv_slope,1,0,0,1,1.41,2.2,18.91,10.0
FLOWUSDT,1d,cci_breakout,0,0,0,0,,,,
FLOWUSDT,1d,heikin_ashi_ema,0,0,0,0,,,,
FLOWUSDT,1d,obv_slope,0,0,0,0,,,,
FLOWUSDT,1d,roc_momentum,0,0,0,0,,,,
FLOWUSDT,1d,keltner_breakout,0,0,0,0,,,,
GRTUSDT,5m,rsi_50_cross,0,0,0,0,,,,
GRTUSDT,5m,williams_r,0,0,0,0,,,,
GRTUSDT,5m,donchian_breakout,0,0,0,0,,,,
GRTUSDT,5m,sma_crossover,0,0,0,0,,,,
GRTUSDT,5m,super_trend,0,0,0,0,,,,
GRTUSDT,5m,cci_breakout,0,0,0,0,,,,
GRTUSDT,5m,keltner_breakout,0,0,0,0,,,,
GRTUSDT,5m,roc_momentum,0,0,0,0,,,,
GRTUSDT,5m,heikin_ashi_ema,0,0,0,0,,,,
GRTUSDT,15m,rsi_50_cross,0,0,0,0,,,,
GRTUSDT,15m,sma_crossover,0,0,0,0,,,,
GRTUSDT,5m,obv_slope,0,0,0,0,,,,
GRTUSDT,15m,williams_r,0,0,0,0,,,,
GRTUSDT,15m,donchian_breakout,0,0,0,0,,,,
GRTUSDT,15m,cci_breakout,0,0,0,0,,,,
GRTUSDT,15m,super_trend,0,0,0,0,,,,
GRTUSDT,15m,roc_momentum,0,0,0,0,,,,
GRTUSDT,15m,keltner_breakout,0,0,0,0,,,,
GRTUSDT,15m,heikin_ashi_ema,0,0,0,0,,,,
GRTUSDT,15m,obv_slope,0,0,0,0,,,,
GRTUSDT,30m,sma_crossover,0,0,0,0,,,,
GRTUSDT,30m,rsi_50_cross,0,0,0,0,,,,
GRTUSDT,30m,cci_breakout,0,0,0,0,,,,
GRTUSDT,30m,williams_r,0,0,0,0,,,,
GRTUSDT,30m,donchian_breakout,0,0,0,0,,,,
GRTUSDT,30m,super_trend,0,0,0,0,,,,
GRTUSDT,30m,keltner_breakout,0,0,0,0,,,,
GRTUSDT,30m,heikin_ashi_ema,0,0,0,0,,,,
GRTUSDT,30m,obv_slope,0,0,0,0,,,,
GRTUSDT,30m,roc_momentum,0,0,0,0,,,,
GRTUSDT,1h,sma_crossover,0,0,0,0,,,,
GRTUSDT,1h,rsi_50_cross,0,0,0,0,,,,
GRTUSDT,1h,cci_breakout,0,0,0,0,,,,
GRTUSDT,1h,williams_r,0,0,0,0,,,,
GRTUSDT,1h,donchian_breakout,0,0,0,0,,,,
GRTUSDT,1h,super_trend,0,0,0,0,,,,
GRTUSDT,1h,keltner_breakout,0,0,0,0,,,,
GRTUSDT,1h,heikin_ashi_ema,0,0,0,0,,,,
GRTUSDT,1h,obv_slope,0,0,0,0,,,,
GRTUSDT,1h,roc_momentum,0,0,0,0,,,,
GRTUSDT,4h,sma_crossover,0,0,0,0,,,,
GRTUSDT,4h,rsi_50_cross,1,1,0,0,1.24,0.68,13.48,11.0
GRTUSDT,4h,cci_breakout,0,0,0,0,,,,
GRTUSDT,4h,williams_r,0,0,0,0,,,,
GRTUSDT,4h,donchian_breakout,0,0,0,0,,,,
GRTUSDT,4h,super_trend,0,0,0,0,,,,
GRTUSDT,4h,keltner_breakout,0,0,0,0,,,,
GRTUSDT,4h,roc_momentum,0,0,0,0,,,,
GRTUSDT,4h,heikin_ashi_ema,0,0,0,0,,,,
GRTUSDT,1d,rsi_50_cross,0,0,0,0,,,,
GRTUSDT,1d,williams_r,0,0,0,0,,,,
GRTUSDT,1d,sma_crossover,0,0,0,0,,,,
GRTUSDT,1d,donchian_breakout,0,0,0,0,,,,
GRTUSDT,1d,cci_breakout,0,0,0,0,,,,
GRTUSDT,1d,super_trend,0,0,0,0,,,,
GRTUSDT,4h,obv_slope,1,0,0,1,1.28,1.59,12.2,9.0
GRTUSDT,1d,heikin_ashi_ema,0,0,0,0,,,,
GRTUSDT,1d,roc_momentum,0,0,0,0,,,,
GRTUSDT,1d,keltner_breakout,0,0,0,0,,,,
GRTUSDT,1d,obv_slope,0,0,0,0,,,,
HBARUSDT,5m,rsi_50_cross,0,0,0,0,,,,
HBARUSDT,5m,williams_r,0,0,0,0,,,,
HBARUSDT,5m,donchian_breakout,0,0,0,0,,,,
HBARUSDT,5m,sma_crossover,0,0,0,0,,,,
HBARUSDT,5m,super_trend,0,0,0,0,,,,
HBARUSDT,5m,cci_breakout,0,0,0,0,,,,
HBARUSDT,5m,keltner_breakout,0,0,0,0,,,,
HBARUSDT,5m,roc_momentum,0,0,0,0,,,,
HBARUSDT,5m,heikin_ashi_ema,0,0,0,0,,,,
HBARUSDT,15m,rsi_50_cross,0,0,0,0,,,,
HBARUSDT,15m,sma_crossover,0,0,0,0,,,,
HBARUSDT,5m,obv_slope,0,0,0,0,,,,
HBARUSDT,15m,williams_r,0,0,0,0,,,,
HBARUSDT,15m,donchian_breakout,0,0,0,0,,,,
HBARUSDT,15m,cci_breakout,0,0,0,0,,,,
HBARUSDT,15m,super_trend,0,0,0,0,,,,
HBARUSDT,15m,keltner_breakout,0,0,0,0,,,,
HBARUSDT,15m,obv_slope,0,0,0,0,,,,
HBARUSDT,15m,heikin_ashi_ema,0,0,0,0,,,,
HBARUSDT,15m,roc_momentum,0,0,0,0,,,,
HBARUSDT,30m,sma_crossover,0,0,0,0,,,,
HBARUSDT,30m,rsi_50_cross,0,0,0,0,,,,
HBARUSDT,30m,cci_breakout,0,0,0,0,,,,
HBARUSDT,30m,williams_r,0,0,0,0,,,,
HBARUSDT,30m,donchian_breakout,0,0,0,0,,,,
HBARUSDT,30m,super_trend,0,0,0,0,,,,
HBARUSDT,30m,keltner_breakout,0,0,0,0,,,,
HBARUSDT,30m,heikin_ashi_ema,0,0,0,0,,,,
HBARUSDT,30m,obv_slope,0,0,0,0,,,,
HBARUSDT,30m,roc_momentum,0,0,0,0,,,,
HBARUSDT,1h,rsi_50_cross,0,0,0,0,,,,
HBARUSDT,1h,cci_breakout,0,0,0,0,,,,
HBARUSDT,1h,williams_r,0,0,0,0,,,,
HBARUSDT,1h,sma_crossover,2,1,0,1,1.53,1.295,3.98,7.0
HBARUSDT,1h,donchian_breakout,0,0,0,0,,,,
HBARUSDT,1h,super_trend,0,0,0,0,,,,
HBARUSDT,1h,keltner_breakout,0,0,0,0,,,,
HBARUSDT,1h,heikin_ashi_ema,0,0,0,0,,,,
HBARUSDT,1h,obv_slope,0,0,0,0,,,,
HBARUSDT,1h,roc_momentum,0,0,0,0,,,,
HBARUSDT,4h,sma_crossover,1,1,0,0,1.52,0.23,12.01,6.0
HBARUSDT,4h,rsi_50_cross,0,0,0,0,,,,
HBARUSDT,4h,cci_breakout,2,2,0,0,1.35,0.465,8.79,8.0
HBARUSDT,4h,williams_r,0,0,0,0,,,,
HBARUSDT,4h,donchian_breakout,0,0,0,0,,,,
HBARUSDT,4h,super_trend,0,0,0,0,,,,
HBARUSDT,4h,keltner_breakout,0,0,0,0,,,,
HBARUSDT,4h,heikin_ashi_ema,0,0,0,0,,,,
HBARUSDT,4h,obv_slope,1,1,0,0,1.24,0.72,6.08,8.0
HBARUSDT,1d,rsi_50_cross,0,0,0,0,,,,
HBARUSDT,1d,sma_crossover,0,0,0,0,,,,
HBARUSDT,1d,williams_r,0,0,0,0,,,,
HBARUSDT,1d,donchian_breakout,0,0,0,0,,,,
HBARUSDT,1d,super_trend,0,0,0,0,,,,
HBARUSDT,1d,cci_breakout,0,0,0,0,,,,
HBARUSDT,4h,roc_momentum,1,0,0,1,1.34,2.09,6.85,10.0
HBARUSDT,1d,heikin_ashi_ema,0,0,0,0,,,,
HBARUSDT,1d,roc_momentum,0,0,0,0,,,,
HBARUSDT,1d,keltner_breakout,0,0,0,0,,,,
HBARUSDT,1d,obv_slope,0,0,0,0,,,,
ICPUSDT,5m,rsi_50_cross,0,0,0,0,,,,
ICPUSDT,5m,williams_r,0,0,0,0,,,,
ICPUSDT,5m,donchian_breakout,0,0,0,0,,,,
ICPUSDT,5m,sma_crossover,0,0,0,0,,,,
ICPUSDT,5m,super_trend,0,0,0,0,,,,
ICPUSDT,5m,cci_breakout,0,0,0,0,,,,
ICPUSDT,5m,keltner_breakout,0,0,0,0,,,,
ICPUSDT,5m,roc_momentum,0,0,0,0,,,,
ICPUSDT,5m,heikin_ashi_ema,0,0,0,0,,,,
ICPUSDT,15m,rsi_50_cross,0,0,0,0,,,,
ICPUSDT,15m,sma_crossover,0,0,0,0,,,,
ICPUSDT,5m,obv_slope,0,0,0,0,,,,
ICPUSDT,15m,williams_r,0,0,0,0,,,,
ICPUSDT,15m,donchian_breakout,0,0,0,0,,,,
ICPUSDT,15m,cci_breakout,0,0,0,0,,,,
ICPUSDT,15m,super_trend,0,0,0,0,,,,
ICPUSDT,15m,heikin_ashi_ema,0,0,0,0,,,,
ICPUSDT,15m,roc_momentum,0,0,0,0,,,,
ICPUSDT,15m,keltner_breakout,0,0,0,0,,,,
ICPUSDT,15m,obv_slope,0,0,0,0,,,,
ICPUSDT,30m,sma_crossover,0,0,0,0,,,,
ICPUSDT,30m,rsi_50_cross,0,0,0,0,,,,
ICPUSDT,30m,cci_breakout,0,0,0,0,,,,
ICPUSDT,30m,williams_r,0,0,0,0,,,,
ICPUSDT,30m,donchian_breakout,0,0,0,0,,,,
ICPUSDT,30m,super_trend,0,0,0,0,,,,
ICPUSDT,30m,keltner_breakout,0,0,0,0,,,,
ICPUSDT,30m,heikin_ashi_ema,0,0,0,0,,,,
ICPUSDT,30m,obv_slope,0,0,0,0,,,,
ICPUSDT,30m,roc_momentum,0,0,0,0,,,,
ICPUSDT,1h,sma_crossover,2,2,0,0,1.855,0.595,13.125,13.0
ICPUSDT,1h,rsi_50_cross,0,0,0,0,,,,
ICPUSDT,1h,cci_breakout,0,0,0,0,,,,
ICPUSDT,1h,williams_r,0,0,0,0,,,,
ICPUSDT,1h,donchian_breakout,0,0,0,0,,,,
ICPUSDT,1h,super_trend,0,0,0,0,,,,
ICPUSDT,1h,keltner_breakout,0,0,0,0,,,,
ICPUSDT,1h,heikin_ashi_ema,0,0,0,0,,,,
ICPUSDT,1h,obv_slope,0,0,0,0,,,,
ICPUSDT,1h,roc_momentum,0,0,0,0,,,,
ICPUSDT,4h,sma_crossover,0,0,0,0,,,,
ICPUSDT,4h,rsi_50_cross,2,2,0,0,1.895,0.315,23.41,11.0
ICPUSDT,4h,cci_breakout,0,0,0,0,,,,
ICPUSDT,4h,williams_r,0,0,0,0,,,,
ICPUSDT,4h,donchian_breakout,2,1,1,0,2.115,0.98,9.525,7.5
ICPUSDT,4h,super_trend,0,0,0,0,,,,
ICPUSDT,4h,keltner_breakout,1,1,0,0,1.54,0.83,11.0,7.0
ICPUSDT,4h,heikin_ashi_ema,0,0,0,0,,,,
ICPUSDT,4h,obv_slope,0,0,0,0,,,,
ICPUSDT,1d,rsi_50_cross,0,0,0,0,,,,
ICPUSDT,4h,roc_momentum,1,1,0,0,1.3,0.77,18.65,10.0
ICPUSDT,1d,williams_r,0,0,0,0,,,,
ICPUSDT,1d,sma_crossover,0,0,0,0,,,,
ICPUSDT,1d,donchian_breakout,0,0,0,0,,,,
ICPUSDT,1d,super_trend,0,0,0,0,,,,
ICPUSDT,1d,heikin_ashi_ema,0,0,0,0,,,,
ICPUSDT,1d,cci_breakout,0,0,0,0,,,,
ICPUSDT,1d,obv_slope,0,0,0,0,,,,
ICPUSDT,1d,roc_momentum,0,0,0,0,,,,
ICPUSDT,1d,keltner_breakout,0,0,0,0,,,,
JUPUSDT,5m,rsi_50_cross,0,0,0,0,,,,
JUPUSDT,5m,williams_r,0,0,0,0,,,,
JUPUSDT,5m,donchian_breakout,0,0,0,0,,,,
JUPUSDT,5m,super_trend,0,0,0,0,,,,
JUPUSDT,5m,sma_crossover,0,0,0,0,,,,
JUPUSDT,5m,cci_breakout,0,0,0,0,,,,
JUPUSDT,5m,roc_momentum,0,0,0,0,,,,
JUPUSDT,5m,keltner_breakout,0,0,0,0,,,,
JUPUSDT,15m,rsi_50_cross,0,0,0,0,,,,
JUPUSDT,5m,obv_slope,0,0,0,0,,,,
JUPUSDT,5m,heikin_ashi_ema,0,0,0,0,,,,
JUPUSDT,15m,sma_crossover,0,0,0,0,,,,
JUPUSDT,15m,williams_r,0,0,0,0,,,,
JUPUSDT,15m,donchian_breakout,0,0,0,0,,,,
JUPUSDT,15m,super_trend,0,0,0,0,,,,
JUPUSDT,15m,cci_breakout,0,0,0,0,,,,
JUPUSDT,15m,roc_momentum,0,0,0,0,,,,
JUPUSDT,15m,obv_slope,0,0,0,0,,,,
JUPUSDT,15m,keltner_breakout,0,0,0,0,,,,
JUPUSDT,15m,heikin_ashi_ema,0,0,0,0,,,,
JUPUSDT,30m,sma_crossover,0,0,0,0,,,,
JUPUSDT,30m,rsi_50_cross,0,0,0,0,,,,
JUPUSDT,30m,cci_breakout,0,0,0,0,,,,
JUPUSDT,30m,williams_r,0,0,0,0,,,,
JUPUSDT,30m,donchian_breakout,0,0,0,0,,,,
JUPUSDT,30m,super_trend,0,0,0,0,,,,
JUPUSDT,30m,heikin_ashi_ema,0,0,0,0,,,,
JUPUSDT,30m,obv_slope,0,0,0,0,,,,
JUPUSDT,30m,keltner_breakout,1,1,0,0,1.27,0.33,28.82,33.0
JUPUSDT,30m,roc_momentum,0,0,0,0,,,,
JUPUSDT,1h,sma_crossover,3,3,0,0,1.4767,0.63,12.1733,13.0
JUPUSDT,1h,rsi_50_cross,0,0,0,0,,,,
JUPUSDT,1h,cci_breakout,0,0,0,0,,,,
JUPUSDT,1h,williams_r,0,0,0,0,,,,
JUPUSDT,1h,donchian_breakout,0,0,0,0,,,,
JUPUSDT,1h,super_trend,0,0,0,0,,,,
JUPUSDT,1h,keltner_breakout,0,0,0,0,,,,
JUPUSDT,1h,heikin_ashi_ema,0,0,0,0,,,,
JUPUSDT,1h,obv_slope,0,0,0,0,,,,
JUPUSDT,1h,roc_momentum,0,0,0,0,,,,
JUPUSDT,4h,rsi_50_cross,0,0,0,0,,,,
JUPUSDT,4h,cci_breakout,2,1,1,0,1.565,1.025,17.335,10.5
JUPUSDT,4h,williams_r,0,0,0,0,,,,
JUPUSDT,4h,sma_crossover,1,0,0,1,1.55,1.92,6.29,6.0
JUPUSDT,4h,donchian_breakout,0,0,0,0,,,,
JUPUSDT,4h,super_trend,0,0,0,0,,,,
JUPUSDT,4h,keltner_breakout,0,0,0,0,,,,
JUPUSDT,4h,heikin_ashi_ema,0,0,0,0,,,,
JUPUSDT,4h,obv_slope,0,0,0,0,,,,
JUPUSDT,1d,rsi_50_cross,0,0,0,0,,,,
JUPUSDT,4h,roc_momentum,1,1,0,0,1.25,0.32,31.81,13.0
JUPUSDT,1d,williams_r,0,0,0,0,,,,
JUPUSDT,1d,donchian_breakout,0,0,0,0,,,,
JUPUSDT,1d,sma_crossover,0,0,0,0,,,,
JUPUSDT,1d,super_trend,0,0,0,0,,,,
JUPUSDT,1d,cci_breakout,0,0,0,0,,,,
JUPUSDT,1d,roc_momentum,0,0,0,0,,,,
JUPUSDT,1d,keltner_breakout,0,0,0,0,,,,
JUPUSDT,1d,heikin_ashi_ema,0,0,0,0,,,,
JUPUSDT,1d,obv_slope,0,0,0,0,,,,
LRCUSDT,5m,sma_crossover,0,0,0,0,,,,
LRCUSDT,5m,rsi_50_cross,0,0,0,0,,,,
LRCUSDT,5m,cci_breakout,0,0,0,0,,,,
LRCUSDT,5m,williams_r,0,0,0,0,,,,
LRCUSDT,5m,donchian_breakout,0,0,0,0,,,,
LRCUSDT,5m,super_trend,0,0,0,0,,,,
LRCUSDT,5m,keltner_breakout,1,1,0,0,1.26,0.0,5.31,2.0
LRCUSDT,5m,heikin_ashi_ema,0,0,0,0,,,,
LRCUSDT,5m,obv_slope,0,0,0,0,,,,
LRCUSDT,5m,roc_momentum,0,0,0,0,,,,
LRCUSDT,15m,sma_crossover,0,0,0,0,,,,
LRCUSDT,15m,rsi_50_cross,0,0,0,0,,,,
LRCUSDT,15m,cci_breakout,0,0,0,0,,,,
LRCUSDT,15m,williams_r,0,0,0,0,,,,
LRCUSDT,15m,donchian_breakout,0,0,0,0,,,,
LRCUSDT,15m,super_trend,0,0,0,0,,,,
LRCUSDT,15m,keltner_breakout,0,0,0,0,,,,
LRCUSDT,15m,heikin_ashi_ema,0,0,0,0,,,,
LRCUSDT,15m,obv_slope,0,0,0,0,,,,
LRCUSDT,15m,roc_momentum,0,0,0,0,,,,
LRCUSDT,30m,sma_crossover,0,0,0,0,,,,
LRCUSDT,30m,rsi_50_cross,0,0,0,0,,,,
LRCUSDT,30m,cci_breakout,0,0,0,0,,,,
LRCUSDT,30m,williams_r,0,0,0,0,,,,
LRCUSDT,30m,donchian_breakout,0,0,0,0,,,,
LRCUSDT,30m,super_trend,0,0,0,0,,,,
LRCUSDT,30m,keltner_breakout,0,0,0,0,,,,
LRCUSDT,30m,heikin_ashi_ema,0,0,0,0,,,,
LRCUSDT,30m,obv_slope,0,0,0,0,,,,
LRCUSDT,30m,roc_momentum,0,0,0,0,,,,
LRCUSDT,1h,sma_crossover,0,0,0,0,,,,
LRCUSDT,1h,rsi_50_cross,0,0,0,0,,,,
LRCUSDT,1h,donchian_breakout,0,0,0,0,,,,
LRCUSDT,1h,cci_breakout,0,0,0,0,,,,
LRCUSDT,1h,williams_r,0,0,0,0,,,,
LRCUSDT,1h,super_trend,0,0,0,0,,,,
LRCUSDT,1h,keltner_breakout,0,0,0,0,,,,
LRCUSDT,1h,roc_momentum,0,0,0,0,,,,
LRCUSDT,1h,heikin_ashi_ema,0,0,0,0,,,,
LRCUSDT,1h,obv_slope,0,0,0,0,,,,
LRCUSDT,4h,rsi_50_cross,0,0,0,0,,,,
LRCUSDT,4h,williams_r,0,0,0,0,,,,
LRCUSDT,4h,donchian_breakout,0,0,0,0,,,,
LRCUSDT,4h,sma_crossover,0,0,0,0,,,,
LRCUSDT,4h,super_trend,0,0,0,0,,,,
LRCUSDT,4h,cci_breakout,0,0,0,0,,,,
LRCUSDT,4h,obv_slope,0,0,0,0,,,,
LRCUSDT,4h,roc_momentum,0,0,0,0,,,,
LRCUSDT,4h,keltner_breakout,0,0,0,0,,,,
LRCUSDT,1d,rsi_50_cross,0,0,0,0,,,,
LRCUSDT,4h,heikin_ashi_ema,0,0,0,0,,,,
LRCUSDT,1d,williams_r,0,0,0,0,,,,
LRCUSDT,1d,donchian_breakout,0,0,0,0,,,,
LRCUSDT,1d,sma_crossover,0,0,0,0,,,,
LRCUSDT,1d,super_trend,0,0,0,0,,,,
LRCUSDT,1d,heikin_ashi_ema,0,0,0,0,,,,
LRCUSDT,1d,cci_breakout,0,0,0,0,,,,
LRCUSDT,1d,obv_slope,0,0,0,0,,,,
LRCUSDT,1d,roc_momentum,0,0,0,0,,,,
LRCUSDT,1d,keltner_breakout,0,0,0,0,,,,
LTCUSDT,5m,rsi_50_cross,0,0,0,0,,,,
LTCUSDT,5m,williams_r,0,0,0,0,,,,
LTCUSDT,5m,donchian_breakout,0,0,0,0,,,,
LTCUSDT,5m,super_trend,0,0,0,0,,,,
LTCUSDT,5m,sma_crossover,0,0,0,0,,,,
LTCUSDT,5m,cci_breakout,0,0,0,0,,,,
LTCUSDT,5m,roc_momentum,0,0,0,0,,,,
LTCUSDT,5m,keltner_breakout,0,0,0,0,,,,
LTCUSDT,5m,heikin_ashi_ema,0,0,0,0,,,,
LTCUSDT,15m,rsi_50_cross,0,0,0,0,,,,
LTCUSDT,15m,sma_crossover,0,0,0,0,,,,
LTCUSDT,5m,obv_slope,0,0,0,0,,,,
LTCUSDT,15m,williams_r,0,0,0,0,,,,
LTCUSDT,15m,donchian_breakout,0,0,0,0,,,,
LTCUSDT,15m,super_trend,0,0,0,0,,,,
LTCUSDT,15m,cci_breakout,0,0,0,0,,,,
LTCUSDT,15m,roc_momentum,0,0,0,0,,,,
LTCUSDT,15m,keltner_breakout,0,0,0,0,,,,
LTCUSDT,15m,obv_slope,0,0,0,0,,,,
LTCUSDT,15m,heikin_ashi_ema,0,0,0,0,,,,
LTCUSDT,30m,sma_crossover,0,0,0,0,,,,
LTCUSDT,30m,rsi_50_cross,0,0,0,0,,,,
LTCUSDT,30m,cci_breakout,0,0,0,0,,,,
LTCUSDT,30m,williams_r,0,0,0,0,,,,
LTCUSDT,30m,donchian_breakout,0,0,0,0,,,,
LTCUSDT,30m,super_trend,0,0,0,0,,,,
LTCUSDT,30m,heikin_ashi_ema,0,0,0,0,,,,
LTCUSDT,30m,obv_slope,0,0,0,0,,,,
LTCUSDT,30m,keltner_breakout,0,0,0,0,,,,
LTCUSDT,30m,roc_momentum,0,0,0,0,,,,
LTCUSDT,1h,sma_crossover,0,0,0,0,,,,
LTCUSDT,1h,rsi_50_cross,0,0,0,0,,,,
LTCUSDT,1h,cci_breakout,0,0,0,0,,,,
LTCUSDT,1h,williams_r,0,0,0,0,,,,
LTCUSDT,1h,donchian_breakout,0,0,0,0,,,,
LTCUSDT,1h,super_trend,0,0,0,0,,,,
LTCUSDT,1h,keltner_breakout,0,0,0,0,,,,
LTCUSDT,1h,heikin_ashi_ema,0,0,0,0,,,,
LTCUSDT,1h,obv_slope,0,0,0,0,,,,
LTCUSDT,1h,roc_momentum,0,0,0,0,,,,
LTCUSDT,4h,sma_crossover,0,0,0,0,,,,
LTCUSDT,4h,rsi_50_cross,0,0,0,0,,,,
LTCUSDT,4h,williams_r,0,0,0,0,,,,
LTCUSDT,4h,donchian_breakout,0,0,0,0,,,,
LTCUSDT,4h,super_trend,0,0,0,0,,,,
LTCUSDT,4h,cci_breakout,1,0,0,1,1.34,2.32,4.5,6.0
LTCUSDT,4h,keltner_breakout,0,0,0,0,,,,
LTCUSDT,4h,heikin_ashi_ema,0,0,0,0,,,,
LTCUSDT,4h,obv_slope,0,0,0,0,,,,
LTCUSDT,4h,roc_momentum,0,0,0,0,,,,
LTCUSDT,1d,rsi_50_cross,0,0,0,0,,,,
LTCUSDT,1d,williams_r,0,0,0,0,,,,
LTCUSDT,1d,donchian_breakout,0,0,0,0,,,,
LTCUSDT,1d,sma_crossover,0,0,0,0,,,,
LTCUSDT,1d,super_trend,0,0,0,0,,,,
LTCUSDT,1d,cci_breakout,0,0,0,0,,,,
LTCUSDT,1d,heikin_ashi_ema,0,0,0,0,,,,
LTCUSDT,1d,obv_slope,0,0,0,0,,,,
LTCUSDT,1d,roc_momentum,0,0,0,0,,,,
LTCUSDT,1d,keltner_breakout,0,0,0,0,,,,
MAGICUSDT,5m,rsi_50_cross,0,0,0,0,,,,
MAGICUSDT,5m,williams_r,0,0,0,0,,,,
MAGICUSDT,5m,donchian_breakout,0,0,0,0,,,,
MAGICUSDT,5m,sma_crossover,0,0,0,0,,,,
MAGICUSDT,5m,super_trend,0,0,0,0,,,,
MAGICUSDT,5m,cci_breakout,0,0,0,0,,,,
MAGICUSDT,5m,roc_momentum,0,0,0,0,,,,
MAGICUSDT,5m,keltner_breakout,0,0,0,0,,,,
MAGICUSDT,5m,heikin_ashi_ema,0,0,0,0,,,,
MAGICUSDT,15m,rsi_50_cross,0,0,0,0,,,,
MAGICUSDT,15m,sma_crossover,0,0,0,0,,,,
MAGICUSDT,5m,obv_slope,0,0,0,0,,,,
MAGICUSDT,15m,williams_r,0,0,0,0,,,,
MAGICUSDT,15m,donchian_breakout,0,0,0,0,,,,
MAGICUSDT,15m,cci_breakout,0,0,0,0,,,,
MAGICUSDT,15m,super_trend,0,0,0,0,,,,
MAGICUSDT,15m,keltner_breakout,0,0,0,0,,,,
MAGICUSDT,15m,heikin_ashi_ema,0,0,0,0,,,,
MAGICUSDT,15m,roc_momentum,0,0,0,0,,,,
MAGICUSDT,15m,obv_slope,0,0,0,0,,,,
MAGICUSDT,30m,rsi_50_cross,0,0,0,0,,,,
MAGICUSDT,30m,sma_crossover,0,0,0,0,,,,
MAGICUSDT,30m,cci_breakout,0,0,0,0,,,,
MAGICUSDT,30m,williams_r,0,0,0,0,,,,
MAGICUSDT,30m,donchian_breakout,0,0,0,0,,,,
MAGICUSDT,30m,super_trend,0,0,0,0,,,,
MAGICUSDT,30m,keltner_breakout,0,0,0,0,,,,
MAGICUSDT,30m,heikin_ashi_ema,0,0,0,0,,,,
MAGICUSDT,30m,obv_slope,0,0,0,0,,,,
MAGICUSDT,30m,roc_momentum,0,0,0,0,,,,
MAGICUSDT,1h,sma_crossover,0,0,0,0,,,,
MAGICUSDT,1h,rsi_50_cross,0,0,0,0,,,,
MAGICUSDT,1h,cci_breakout,0,0,0,0,,,,
MAGICUSDT,1h,williams_r,0,0,0,0,,,,
MAGICUSDT,1h,donchian_breakout,0,0,0,0,,,,
MAGICUSDT,1h,super_trend,0,0,0,0,,,,
MAGICUSDT,1h,keltner_breakout,0,0,0,0,,,,
MAGICUSDT,1h,heikin_ashi_ema,0,0,0,0,,,,
MAGICUSDT,1h,obv_slope,0,0,0,0,,,,
MAGICUSDT,1h,roc_momentum,0,0,0,0,,,,
MAGICUSDT,4h,sma_crossover,0,0,0,0,,,,
MAGICUSDT,4h,rsi_50_cross,0,0,0,0,,,,
MAGICUSDT,4h,cci_breakout,0,0,0,0,,,,
MAGICUSDT,4h,williams_r,0,0,0,0,,,,
MAGICUSDT,4h,donchian_breakout,0,0,0,0,,,,
MAGICUSDT,4h,super_trend,0,0,0,0,,,,
MAGICUSDT,4h,keltner_breakout,0,0,0,0,,,,
MAGICUSDT,4h,heikin_ashi_ema,0,0,0,0,,,,
MAGICUSDT,1d,rsi_50_cross,0,0,0,0,,,,
MAGICUSDT,4h,obv_slope,0,0,0,0,,,,
MAGICUSDT,4h,roc_momentum,1,1,0,0,1.23,0.39,20.75,8.0
MAGICUSDT,1d,sma_crossover,0,0,0,0,,,,
MAGICUSDT,1d,williams_r,0,0,0,0,,,,
MAGICUSDT,1d,donchian_breakout,0,0,0,0,,,,
MAGICUSDT,1d,super_trend,0,0,0,0,,,,
MAGICUSDT,1d,heikin_ashi_ema,0,0,0,0,,,,
MAGICUSDT,1d,obv_slope,0,0,0,0,,,,
MAGICUSDT,1d,cci_breakout,0,0,0,0,,,,
MAGICUSDT,1d,roc_momentum,0,0,0,0,,,,
MAGICUSDT,1d,keltner_breakout,0,0,0,0,,,,
NEARUSDT,5m,rsi_50_cross,0,0,0,0,,,,
NEARUSDT,5m,williams_r,0,0,0,0,,,,
NEARUSDT,5m,donchian_breakout,0,0,0,0,,,,
NEARUSDT,5m,super_trend,0,0,0,0,,,,
NEARUSDT,5m,sma_crossover,0,0,0,0,,,,
NEARUSDT,5m,cci_breakout,0,0,0,0,,,,
NEARUSDT,5m,keltner_breakout,0,0,0,0,,,,
NEARUSDT,5m,roc_momentum,0,0,0,0,,,,
NEARUSDT,15m,rsi_50_cross,0,0,0,0,,,,
NEARUSDT,5m,heikin_ashi_ema,0,0,0,0,,,,
NEARUSDT,15m,sma_crossover,0,0,0,0,,,,
NEARUSDT,5m,obv_slope,0,0,0,0,,,,
NEARUSDT,15m,williams_r,0,0,0,0,,,,
NEARUSDT,15m,donchian_breakout,0,0,0,0,,,,
NEARUSDT,15m,super_trend,0,0,0,0,,,,
NEARUSDT,15m,cci_breakout,0,0,0,0,,,,
NEARUSDT,15m,roc_momentum,0,0,0,0,,,,
NEARUSDT,15m,keltner_breakout,0,0,0,0,,,,
NEARUSDT,15m,heikin_ashi_ema,0,0,0,0,,,,
NEARUSDT,15m,obv_slope,0,0,0,0,,,,
NEARUSDT,30m,sma_crossover,0,0,0,0,,,,
NEARUSDT,30m,rsi_50_cross,0,0,0,0,,,,
NEARUSDT,30m,cci_breakout,0,0,0,0,,,,
NEARUSDT,30m,williams_r,0,0,0,0,,,,
NEARUSDT,30m,donchian_breakout,0,0,0,0,,,,
NEARUSDT,30m,super_trend,0,0,0,0,,,,
NEARUSDT,30m,keltner_breakout,1,1,0,0,1.38,0.06,21.51,16.0
NEARUSDT,30m,heikin_ashi_ema,0,0,0,0,,,,
NEARUSDT,30m,obv_slope,0,0,0,0,,,,
NEARUSDT,30m,roc_momentum,0,0,0,0,,,,
NEARUSDT,1h,sma_crossover,1,1,0,0,1.92,0.79,16.26,17.0
NEARUSDT,1h,rsi_50_cross,0,0,0,0,,,,
NEARUSDT,1h,cci_breakout,1,0,1,0,1.21,1.03,13.54,29.0
NEARUSDT,1h,williams_r,0,0,0,0,,,,
NEARUSDT,1h,donchian_breakout,0,0,0,0,,,,
NEARUSDT,1h,super_trend,0,0,0,0,,,,
NEARUSDT,1h,keltner_breakout,0,0,0,0,,,,
NEARUSDT,1h,heikin_ashi_ema,0,0,0,0,,,,
NEARUSDT,1h,obv_slope,0,0,0,0,,,,
NEARUSDT,1h,roc_momentum,0,0,0,0,,,,
NEARUSDT,4h,sma_crossover,0,0,0,0,,,,
NEARUSDT,4h,rsi_50_cross,0,0,0,0,,,,
NEARUSDT,4h,cci_breakout,3,3,0,0,1.6333,0.59,24.4767,10.0
NEARUSDT,4h,williams_r,0,0,0,0,,,,
NEARUSDT,4h,donchian_breakout,0,0,0,0,,,,
NEARUSDT,4h,super_trend,0,0,0,0,,,,
NEARUSDT,4h,heikin_ashi_ema,0,0,0,0,,,,
NEARUSDT,4h,obv_slope,1,1,0,0,1.38,0.32,45.9,15.0
NEARUSDT,4h,roc_momentum,0,0,0,0,,,,
NEARUSDT,1d,rsi_50_cross,0,0,0,0,,,,
NEARUSDT,4h,keltner_breakout,1,0,0,1,1.54,1.32,9.36,7.0
NEARUSDT,1d,williams_r,0,0,0,0,,,,
NEARUSDT,1d,donchian_breakout,0,0,0,0,,,,
NEARUSDT,1d,sma_crossover,0,0,0,0,,,,
NEARUSDT,1d,super_trend,0,0,0,0,,,,
NEARUSDT,1d,cci_breakout,0,0,0,0,,,,
NEARUSDT,1d,roc_momentum,0,0,0,0,,,,
NEARUSDT,1d,keltner_breakout,0,0,0,0,,,,
NEARUSDT,1d,heikin_ashi_ema,0,0,0,0,,,,
NEARUSDT,1d,obv_slope,0,0,0,0,,,,
ONDOUSDT,5m,rsi_50_cross,0,0,0,0,,,,
ONDOUSDT,5m,williams_r,0,0,0,0,,,,
ONDOUSDT,5m,sma_crossover,0,0,0,0,,,,
ONDOUSDT,5m,donchian_breakout,0,0,0,0,,,,
ONDOUSDT,5m,super_trend,0,0,0,0,,,,
ONDOUSDT,5m,cci_breakout,0,0,0,0,,,,
ONDOUSDT,5m,roc_momentum,0,0,0,0,,,,
ONDOUSDT,5m,keltner_breakout,0,0,0,0,,,,
ONDOUSDT,5m,heikin_ashi_ema,0,0,0,0,,,,
ONDOUSDT,15m,rsi_50_cross,0,0,0,0,,,,
ONDOUSDT,5m,obv_slope,0,0,0,0,,,,
ONDOUSDT,15m,sma_crossover,0,0,0,0,,,,
ONDOUSDT,15m,williams_r,0,0,0,0,,,,
ONDOUSDT,15m,donchian_breakout,0,0,0,0,,,,
ONDOUSDT,15m,cci_breakout,0,0,0,0,,,,
ONDOUSDT,15m,super_trend,0,0,0,0,,,,
ONDOUSDT,15m,keltner_breakout,1,1,0,0,1.85,0.0,12.61,10.0
ONDOUSDT,15m,obv_slope,0,0,0,0,,,,
ONDOUSDT,15m,roc_momentum,0,0,0,0,,,,
ONDOUSDT,15m,heikin_ashi_ema,0,0,0,0,,,,
ONDOUSDT,30m,rsi_50_cross,0,0,0,0,,,,
ONDOUSDT,30m,williams_r,0,0,0,0,,,,
ONDOUSDT,30m,sma_crossover,0,0,0,0,,,,
ONDOUSDT,30m,cci_breakout,0,0,0,0,,,,
ONDOUSDT,30m,donchian_breakout,0,0,0,0,,,,
ONDOUSDT,30m,super_trend,0,0,0,0,,,,
ONDOUSDT,30m,keltner_breakout,0,0,0,0,,,,
ONDOUSDT,30m,heikin_ashi_ema,0,0,0,0,,,,
ONDOUSDT,30m,obv_slope,0,0,0,0,,,,
ONDOUSDT,30m,roc_momentum,0,0,0,0,,,,
ONDOUSDT,1h,sma_crossover,1,1,0,0,2.05,0.92,6.37,9.0
ONDOUSDT,1h,rsi_50_cross,0,0,0,0,,,,
ONDOUSDT,1h,cci_breakout,0,0,0,0,,,,
ONDOUSDT,1h,williams_r,0,0,0,0,,,,
ONDOUSDT,1h,donchian_breakout,0,0,0,0,,,,
ONDOUSDT,1h,super_trend,0,0,0,0,,,,
ONDOUSDT,1h,keltner_breakout,0,0,0,0,,,,
ONDOUSDT,1h,heikin_ashi_ema,0,0,0,0,,,,
ONDOUSDT,1h,obv_slope,0,0,0,0,,,,
ONDOUSDT,1h,roc_momentum,0,0,0,0,,,,
ONDOUSDT,4h,sma_crossover,0,0,0,0,,,,
ONDOUSDT,4h,rsi_50_cross,0,0,0,0,,,,
ONDOUSDT,4h,cci_breakout,2,1,1,0,1.455,0.875,12.59,6.5
ONDOUSDT,4h,williams_r,0,0,0,0,,,,
ONDOUSDT,4h,donchian_breakout,0,0,0,0,,,,
ONDOUSDT,4h,super_trend,0,0,0,0,,,,
ONDOUSDT,4h,keltner_breakout,0,0,0,0,,,,
ONDOUSDT,4h,heikin_ashi_ema,0,0,0,0,,,,
ONDOUSDT,4h,obv_slope,0,0,0,0,,,,
ONDOUSDT,1d,rsi_50_cross,0,0,0,0,,,,
ONDOUSDT,4h,roc_momentum,1,1,0,0,1.76,0.99,15.39,9.0
ONDOUSDT,1d,williams_r,0,0,0,0,,,,
ONDOUSDT,1d,sma_crossover,0,0,0,0,,,,
ONDOUSDT,1d,donchian_breakout,0,0,0,0,,,,
ONDOUSDT,1d,super_trend,0,0,0,0,,,,
ONDOUSDT,1d,keltner_breakout,0,0,0,0,,,,
ONDOUSDT,1d,cci_breakout,0,0,0,0,,,,
ONDOUSDT,1d,obv_slope,0,0,0,0,,,,
ONDOUSDT,1d,roc_momentum,0,0,0,0,,,,
ONDOUSDT,1d,heikin_ashi_ema,0,0,0,0,,,,
PEPEUSDT,5m,rsi_50_cross,0,0,0,0,,,,
PEPEUSDT,5m,williams_r,0,0,0,0,,,,
PEPEUSDT,5m,donchian_breakout,0,0,0,0,,,,
PEPEUSDT,5m,sma_crossover,0,0,0,0,,,,
PEPEUSDT,5m,super_trend,0,0,0,0,,,,
PEPEUSDT,5m,cci_breakout,0,0,0,0,,,,
PEPEUSDT,5m,roc_momentum,0,0,0,0,,,,
PEPEUSDT,5m,keltner_breakout,0,0,0,0,,,,
PEPEUSDT,5m,heikin_ashi_ema,0,0,0,0,,,,
PEPEUSDT,15m,rsi_50_cross,0,0,0,0,,,,
PEPEUSDT,15m,sma_crossover,0,0,0,0,,,,
PEPEUSDT,5m,obv_slope,0,0,0,0,,,,
PEPEUSDT,15m,williams_r,0,0,0,0,,,,
PEPEUSDT,15m,donchian_breakout,0,0,0,0,,,,
PEPEUSDT,15m,cci_breakout,0,0,0,0,,,,
PEPEUSDT,15m,super_trend,0,0,0,0,,,,
PEPEUSDT,15m,keltner_breakout,0,0,0,0,,,,
PEPEUSDT,15m,roc_momentum,0,0,0,0,,,,
PEPEUSDT,15m,heikin_ashi_ema,0,0,0,0,,,,
PEPEUSDT,30m,sma_crossover,0,0,0,0,,,,
PEPEUSDT,30m,rsi_50_cross,0,0,0,0,,,,
PEPEUSDT,15m,obv_slope,0,0,0,0,,,,
PEPEUSDT,30m,cci_breakout,0,0,0,0,,,,
PEPEUSDT,30m,williams_r,0,0,0,0,,,,
PEPEUSDT,30m,donchian_breakout,0,0,0,0,,,,
PEPEUSDT,30m,super_trend,0,0,0,0,,,,
PEPEUSDT,30m,keltner_breakout,0,0,0,0,,,,
PEPEUSDT,30m,heikin_ashi_ema,0,0,0,0,,,,
PEPEUSDT,30m,obv_slope,0,0,0,0,,,,
PEPEUSDT,30m,roc_momentum,0,0,0,0,,,,
PEPEUSDT,1h,sma_crossover,0,0,0,0,,,,
PEPEUSDT,1h,rsi_50_cross,0,0,0,0,,,,
PEPEUSDT,1h,cci_breakout,0,0,0,0,,,,
PEPEUSDT,1h,williams_r,0,0,0,0,,,,
PEPEUSDT,1h,donchian_breakout,0,0,0,0,,,,
PEPEUSDT,1h,super_trend,0,0,0,0,,,,
PEPEUSDT,1h,keltner_breakout,0,0,0,0,,,,
PEPEUSDT,1h,heikin_ashi_ema,0,0,0,0,,,,
PEPEUSDT,1h,obv_slope,0,0,0,0,,,,
PEPEUSDT,1h,roc_momentum,0,0,0,0,,,,
PEPEUSDT,4h,sma_crossover,0,0,0,0,,,,
PEPEUSDT,4h,rsi_50_cross,0,0,0,0,,,,
PEPEUSDT,4h,williams_r,0,0,0,0,,,,
PEPEUSDT,4h,donchian_breakout,0,0,0,0,,,,
PEPEUSDT,4h,super_trend,0,0,0,0,,,,
PEPEUSDT,4h,keltner_breakout,0,0,0,0,,,,
PEPEUSDT,4h,heikin_ashi_ema,0,0,0,0,,,,
PEPEUSDT,4h,obv_slope,0,0,0,0,,,,
PEPEUSDT,4h,cci_breakout,4,2,0,2,1.7225,1.4175,10.5575,6.0
PEPEUSDT,1d,rsi_50_cross,0,0,0,0,,,,
PEPEUSDT,4h,roc_momentum,0,0,0,0,,,,
PEPEUSDT,1d,williams_r,0,0,0,0,,,,
PEPEUSDT,1d,sma_crossover,0,0,0,0,,,,
PEPEUSDT,1d,donchian_breakout,0,0,0,0,,,,
PEPEUSDT,1d,super_trend,0,0,0,0,,,,
PEPEUSDT,1d,cci_breakout,0,0,0,0,,,,
PEPEUSDT,1d,keltner_breakout,0,0,0,0,,,,
PEPEUSDT,1d,heikin_ashi_ema,0,0,0,0,,,,
PEPEUSDT,1d,roc_momentum,0,0,0,0,,,,
PEPEUSDT,1d,obv_slope,0,0,0,0,,,,
RAYUSDT,5m,rsi_50_cross,0,0,0,0,,,,
RAYUSDT,5m,williams_r,0,0,0,0,,,,
RAYUSDT,5m,donchian_breakout,0,0,0,0,,,,
RAYUSDT,5m,sma_crossover,0,0,0,0,,,,
RAYUSDT,5m,super_trend,0,0,0,0,,,,
RAYUSDT,5m,cci_breakout,0,0,0,0,,,,
RAYUSDT,5m,keltner_breakout,0,0,0,0,,,,
RAYUSDT,5m,roc_momentum,0,0,0,0,,,,
RAYUSDT,15m,rsi_50_cross,0,0,0,0,,,,
RAYUSDT,5m,heikin_ashi_ema,0,0,0,0,,,,
RAYUSDT,15m,sma_crossover,0,0,0,0,,,,
RAYUSDT,5m,obv_slope,0,0,0,0,,,,
RAYUSDT,15m,williams_r,0,0,0,0,,,,
RAYUSDT,15m,donchian_breakout,0,0,0,0,,,,
RAYUSDT,15m,cci_breakout,0,0,0,0,,,,
RAYUSDT,15m,super_trend,0,0,0,0,,,,
RAYUSDT,15m,keltner_breakout,0,0,0,0,,,,
RAYUSDT,15m,roc_momentum,0,0,0,0,,,,
RAYUSDT,15m,heikin_ashi_ema,0,0,0,0,,,,
RAYUSDT,15m,obv_slope,0,0,0,0,,,,
RAYUSDT,30m,sma_crossover,0,0,0,0,,,,
RAYUSDT,30m,rsi_50_cross,0,0,0,0,,,,
RAYUSDT,30m,cci_breakout,0,0,0,0,,,,
RAYUSDT,30m,williams_r,0,0,0,0,,,,
RAYUSDT,30m,donchian_breakout,0,0,0,0,,,,
RAYUSDT,30m,super_trend,0,0,0,0,,,,
RAYUSDT,30m,keltner_breakout,0,0,0,0,,,,
RAYUSDT,30m,heikin_ashi_ema,0,0,0,0,,,,
RAYUSDT,30m,obv_slope,0,0,0,0,,,,
RAYUSDT,30m,roc_momentum,0,0,0,0,,,,
RAYUSDT,1h,rsi_50_cross,0,0,0,0,,,,
RAYUSDT,1h,cci_breakout,0,0,0,0,,,,
RAYUSDT,1h,williams_r,0,0,0,0,,,,
RAYUSDT,1h,sma_crossover,2,0,1,1,1.305,3.42,2.645,4.0
RAYUSDT,1h,donchian_breakout,0,0,0,0,,,,
RAYUSDT,1h,super_trend,0,0,0,0,,,,
RAYUSDT,1h,keltner_breakout,0,0,0,0,,,,
RAYUSDT,1h,heikin_ashi_ema,0,0,0,0,,,,
RAYUSDT,1h,obv_slope,0,0,0,0,,,,
RAYUSDT,1h,roc_momentum,0,0,0,0,,,,
RAYUSDT,4h,sma_crossover,0,0,0,0,,,,
RAYUSDT,4h,rsi_50_cross,0,0,0,0,,,,
RAYUSDT,4h,williams_r,0,0,0,0,,,,
RAYUSDT,4h,donchian_breakout,0,0,0,0,,,,
RAYUSDT,4h,super_trend,0,0,0,0,,,,
RAYUSDT,4h,obv_slope,0,0,0,0,,,,
RAYUSDT,4h,keltner_breakout,0,0,0,0,,,,
RAYUSDT,4h,heikin_ashi_ema,0,0,0,0,,,,
RAYUSDT,1d,rsi_50_cross,0,0,0,0,,,,
RAYUSDT,4h,roc_momentum,1,1,0,0,1.2,0.3,25.04,10.0
RAYUSDT,1d,sma_crossover,0,0,0,0,,,,
RAYUSDT,1d,williams_r,0,0,0,0,,,,
RAYUSDT,1d,donchian_breakout,0,0,0,0,,,,
RAYUSDT,1d,super_trend,0,0,0,0,,,,
RAYUSDT,1d,cci_breakout,0,0,0,0,,,,
RAYUSDT,4h,cci_breakout,4,1,0,3,1.5875,2.62,15.7425,7.5
RAYUSDT,1d,heikin_ashi_ema,0,0,0,0,,,,
RAYUSDT,1d,obv_slope,0,0,0,0,,,,
RAYUSDT,1d,roc_momentum,0,0,0,0,,,,
RAYUSDT,1d,keltner_breakout,0,0,0,0,,,,
RENDERUSDT,5m,rsi_50_cross,0,0,0,0,,,,
RENDERUSDT,5m,williams_r,0,0,0,0,,,,
RENDERUSDT,5m,donchian_breakout,0,0,0,0,,,,
RENDERUSDT,5m,sma_crossover,0,0,0,0,,,,
RENDERUSDT,5m,super_trend,0,0,0,0,,,,
RENDERUSDT,5m,cci_breakout,0,0,0,0,,,,
RENDERUSDT,5m,roc_momentum,0,0,0,0,,,,
RENDERUSDT,5m,keltner_breakout,0,0,0,0,,,,
RENDERUSDT,5m,heikin_ashi_ema,0,0,0,0,,,,
RENDERUSDT,15m,rsi_50_cross,0,0,0,0,,,,
RENDERUSDT,15m,sma_crossover,0,0,0,0,,,,
RENDERUSDT,5m,obv_slope,0,0,0,0,,,,
RENDERUSDT,15m,williams_r,0,0,0,0,,,,
RENDERUSDT,15m,donchian_breakout,0,0,0,0,,,,
RENDERUSDT,15m,super_trend,0,0,0,0,,,,
RENDERUSDT,15m,cci_breakout,0,0,0,0,,,,
RENDERUSDT,15m,keltner_breakout,0,0,0,0,,,,
RENDERUSDT,15m,heikin_ashi_ema,0,0,0,0,,,,
RENDERUSDT,15m,roc_momentum,0,0,0,0,,,,
RENDERUSDT,30m,sma_crossover,0,0,0,0,,,,
RENDERUSDT,15m,obv_slope,0,0,0,0,,,,
RENDERUSDT,30m,rsi_50_cross,0,0,0,0,,,,
RENDERUSDT,30m,cci_breakout,0,0,0,0,,,,
RENDERUSDT,30m,williams_r,0,0,0,0,,,,
RENDERUSDT,30m,donchian_breakout,0,0,0,0,,,,
RENDERUSDT,30m,super_trend,0,0,0,0,,,,
RENDERUSDT,30m,keltner_breakout,0,0,0,0,,,,
RENDERUSDT,30m,heikin_ashi_ema,0,0,0,0,,,,
RENDERUSDT,30m,obv_slope,0,0,0,0,,,,
RENDERUSDT,30m,roc_momentum,0,0,0,0,,,,
RENDERUSDT,1h,sma_crossover,3,2,1,0,1.3267,0.7367,8.5967,7.0
RENDERUSDT,1h,rsi_50_cross,0,0,0,0,,,,
RENDERUSDT,1h,cci_breakout,0,0,0,0,,,,
RENDERUSDT,1h,williams_r,0,0,0,0,,,,
RENDERUSDT,1h,donchian_breakout,0,0,0,0,,,,
RENDERUSDT,1h,super_trend,0,0,0,0,,,,
RENDERUSDT,1h,keltner_breakout,0,0,0,0,,,,
RENDERUSDT,1h,heikin_ashi_ema,0,0,0,0,,,,
RENDERUSDT,1h,obv_slope,0,0,0,0,,,,
RENDERUSDT,1h,roc_momentum,0,0,0,0,,,,
RENDERUSDT,4h,sma_crossover,0,0,0,0,,,,
RENDERUSDT,4h,rsi_50_cross,0,0,0,0,,,,
RENDERUSDT,4h,cci_breakout,0,0,0,0,,,,
RENDERUSDT,4h,williams_r,0,0,0,0,,,,
RENDERUSDT,4h,super_trend,0,0,0,0,,,,
RENDERUSDT,4h,keltner_breakout,0,0,0,0,,,,
RENDERUSDT,4h,heikin_ashi_ema,0,0,0,0,,,,
RENDERUSDT,4h,donchian_breakout,1,0,0,1,1.39,1.2,16.12,9.0
RENDERUSDT,4h,obv_slope,1,1,0,0,1.21,0.22,37.8,17.0
RENDERUSDT,4h,roc_momentum,1,1,0,0,1.79,0.81,14.02,8.0
RENDERUSDT,1d,rsi_50_cross,0,0,0,0,,,,
RENDERUSDT,1d,williams_r,0,0,0,0,,,,
RENDERUSDT,1d,donchian_breakout,0,0,0,0,,,,
RENDERUSDT,1d,sma_crossover,0,0,0,0,,,,
RENDERUSDT,1d,super_trend,0,0,0,0,,,,
RENDERUSDT,1d,cci_breakout,0,0,0,0,,,,
RENDERUSDT,1d,roc_momentum,0,0,0,0,,,,
RENDERUSDT,1d,keltner_breakout,0,0,0,0,,,,
RENDERUSDT,1d,heikin_ashi_ema,0,0,0,0,,,,
RENDERUSDT,1d,obv_slope,0,0,0,0,,,,
SANDUSDT,5m,rsi_50_cross,0,0,0,0,,,,
SANDUSDT,5m,williams_r,0,0,0,0,,,,
SANDUSDT,5m,donchian_breakout,0,0,0,0,,,,
SANDUSDT,5m,sma_crossover,0,0,0,0,,,,
SANDUSDT,5m,super_trend,0,0,0,0,,,,
SANDUSDT,5m,cci_breakout,0,0,0,0,,,,
SANDUSDT,5m,roc_momentum,0,0,0,0,,,,
SANDUSDT,5m,keltner_breakout,0,0,0,0,,,,
SANDUSDT,5m,heikin_ashi_ema,0,0,0,0,,,,
SANDUSDT,15m,rsi_50_cross,0,0,0,0,,,,
SANDUSDT,15m,sma_crossover,0,0,0,0,,,,
SANDUSDT,5m,obv_slope,0,0,0,0,,,,
SANDUSDT,15m,williams_r,0,0,0,0,,,,
SANDUSDT,15m,cci_breakout,0,0,0,0,,,,
SANDUSDT,15m,donchian_breakout,0,0,0,0,,,,
SANDUSDT,15m,super_trend,0,0,0,0,,,,
SANDUSDT,15m,keltner_breakout,0,0,0,0,,,,
SANDUSDT,15m,obv_slope,0,0,0,0,,,,
SANDUSDT,15m,roc_momentum,0,0,0,0,,,,
SANDUSDT,15m,heikin_ashi_ema,0,0,0,0,,,,
SANDUSDT,30m,sma_crossover,0,0,0,0,,,,
SANDUSDT,30m,rsi_50_cross,0,0,0,0,,,,
SANDUSDT,30m,cci_breakout,0,0,0,0,,,,
SANDUSDT,30m,williams_r,0,0,0,0,,,,
SANDUSDT,30m,donchian_breakout,0,0,0,0,,,,
SANDUSDT,30m,super_trend,0,0,0,0,,,,
SANDUSDT,30m,keltner_breakout,0,0,0,0,,,,
SANDUSDT,30m,heikin_ashi_ema,0,0,0,0,,,,
SANDUSDT,30m,obv_slope,0,0,0,0,,,,
SANDUSDT,30m,roc_momentum,0,0,0,0,,,,
SANDUSDT,1h,sma_crossover,0,0,0,0,,,,
SANDUSDT,1h,rsi_50_cross,0,0,0,0,,,,
SANDUSDT,1h,cci_breakout,0,0,0,0,,,,
SANDUSDT,1h,williams_r,0,0,0,0,,,,
SANDUSDT,1h,donchian_breakout,0,0,0,0,,,,
SANDUSDT,1h,super_trend,0,0,0,0,,,,
SANDUSDT,1h,keltner_breakout,0,0,0,0,,,,
SANDUSDT,1h,heikin_ashi_ema,0,0,0,0,,,,
SANDUSDT,1h,obv_slope,0,0,0,0,,,,
SANDUSDT,1h,roc_momentum,0,0,0,0,,,,
SANDUSDT,4h,sma_crossover,0,0,0,0,,,,
SANDUSDT,4h,rsi_50_cross,0,0,0,0,,,,
SANDUSDT,4h,williams_r,0,0,0,0,,,,
SANDUSDT,4h,donchian_breakout,0,0,0,0,,,,
SANDUSDT,4h,super_trend,0,0,0,0,,,,
SANDUSDT,4h,cci_breakout,1,0,0,1,1.38,,1.26,3.0
SANDUSDT,4h,keltner_breakout,0,0,0,0,,,,
SANDUSDT,4h,heikin_ashi_ema,0,0,0,0,,,,
SANDUSDT,4h,obv_slope,0,0,0,0,,,,
SANDUSDT,1d,rsi_50_cross,0,0,0,0,,,,
SANDUSDT,4h,roc_momentum,0,0,0,0,,,,
SANDUSDT,1d,sma_crossover,0,0,0,0,,,,
SANDUSDT,1d,donchian_breakout,0,0,0,0,,,,
SANDUSDT,1d,super_trend,0,0,0,0,,,,
SANDUSDT,1d,keltner_breakout,0,0,0,0,,,,
SANDUSDT,1d,cci_breakout,0,0,0,0,,,,
SANDUSDT,1d,heikin_ashi_ema,0,0,0,0,,,,
SANDUSDT,1d,williams_r,0,0,0,0,,,,
SANDUSDT,1d,obv_slope,0,0,0,0,,,,
SANDUSDT,1d,roc_momentum,0,0,0,0,,,,
SEIUSDT,5m,rsi_50_cross,0,0,0,0,,,,
SEIUSDT,5m,williams_r,0,0,0,0,,,,
SEIUSDT,5m,donchian_breakout,0,0,0,0,,,,
SEIUSDT,5m,sma_crossover,0,0,0,0,,,,
SEIUSDT,5m,super_trend,0,0,0,0,,,,
SEIUSDT,5m,cci_breakout,0,0,0,0,,,,
SEIUSDT,5m,roc_momentum,0,0,0,0,,,,
SEIUSDT,5m,keltner_breakout,0,0,0,0,,,,
SEIUSDT,5m,heikin_ashi_ema,0,0,0,0,,,,
SEIUSDT,15m,rsi_50_cross,0,0,0,0,,,,
SEIUSDT,15m,sma_crossover,0,0,0,0,,,,
SEIUSDT,5m,obv_slope,0,0,0,0,,,,
SEIUSDT,15m,williams_r,0,0,0,0,,,,
SEIUSDT,15m,donchian_breakout,0,0,0,0,,,,
SEIUSDT,15m,super_trend,0,0,0,0,,,,
SEIUSDT,15m,cci_breakout,0,0,0,0,,,,
SEIUSDT,15m,roc_momentum,0,0,0,0,,,,
SEIUSDT,15m,keltner_breakout,0,0,0,0,,,,
SEIUSDT,15m,heikin_ashi_ema,0,0,0,0,,,,
SEIUSDT,15m,obv_slope,0,0,0,0,,,,
SEIUSDT,30m,sma_crossover,0,0,0,0,,,,
SEIUSDT,30m,rsi_50_cross,0,0,0,0,,,,
SEIUSDT,30m,cci_breakout,0,0,0,0,,,,
SEIUSDT,30m,williams_r,0,0,0,0,,,,
SEIUSDT,30m,donchian_breakout,0,0,0,0,,,,
SEIUSDT,30m,super_trend,0,0,0,0,,,,
SEIUSDT,30m,heikin_ashi_ema,0,0,0,0,,,,
SEIUSDT,30m,obv_slope,0,0,0,0,,,,
SEIUSDT,30m,roc_momentum,0,0,0,0,,,,
SEIUSDT,1h,sma_crossover,0,0,0,0,,,,
SEIUSDT,1h,rsi_50_cross,0,0,0,0,,,,
SEIUSDT,30m,keltner_breakout,1,0,0,1,1.84,1.48,4.38,7.0
SEIUSDT,1h,cci_breakout,0,0,0,0,,,,
SEIUSDT,1h,williams_r,0,0,0,0,,,,
SEIUSDT,1h,donchian_breakout,0,0,0,0,,,,
SEIUSDT,1h,super_trend,0,0,0,0,,,,
SEIUSDT,1h,keltner_breakout,0,0,0,0,,,,
SEIUSDT,1h,heikin_ashi_ema,0,0,0,0,,,,
SEIUSDT,1h,obv_slope,0,0,0,0,,,,
SEIUSDT,1h,roc_momentum,0,0,0,0,,,,
SEIUSDT,4h,sma_crossover,0,0,0,0,,,,
SEIUSDT,4h,rsi_50_cross,2,2,0,0,1.29,0.075,25.175,7.5
SEIUSDT,4h,cci_breakout,1,1,0,0,1.44,0.39,13.03,8.0
SEIUSDT,4h,williams_r,2,2,0,0,1.54,0.51,23.85,13.5
SEIUSDT,4h,donchian_breakout,2,2,0,0,1.9,0.7,12.565,11.0
SEIUSDT,4h,super_trend,0,0,0,0,,,,
SEIUSDT,4h,keltner_breakout,3,3,0,0,1.8433,0.4467,11.0067,7.0
SEIUSDT,4h,heikin_ashi_ema,0,0,0,0,,,,
SEIUSDT,4h,obv_slope,1,1,0,0,1.3,0.47,19.51,11.0
SEIUSDT,1d,rsi_50_cross,0,0,0,0,,,,
SEIUSDT,4h,roc_momentum,0,0,0,0,,,,
SEIUSDT,1d,williams_r,0,0,0,0,,,,
SEIUSDT,1d,donchian_breakout,0,0,0,0,,,,
SEIUSDT,1d,sma_crossover,0,0,0,0,,,,
SEIUSDT,1d,super_trend,0,0,0,0,,,,
SEIUSDT,1d,cci_breakout,0,0,0,0,,,,
SEIUSDT,1d,heikin_ashi_ema,0,0,0,0,,,,
SEIUSDT,1d,roc_momentum,0,0,0,0,,,,
SEIUSDT,1d,keltner_breakout,0,0,0,0,,,,
SEIUSDT,1d,obv_slope,0,0,0,0,,,,
SHIBUSDT,5m,rsi_50_cross,0,0,0,0,,,,
SHIBUSDT,5m,williams_r,0,0,0,0,,,,
SHIBUSDT,5m,donchian_breakout,0,0,0,0,,,,
SHIBUSDT,5m,sma_crossover,0,0,0,0,,,,
SHIBUSDT,5m,super_trend,0,0,0,0,,,,
SHIBUSDT,5m,cci_breakout,0,0,0,0,,,,
SHIBUSDT,5m,keltner_breakout,0,0,0,0,,,,
SHIBUSDT,5m,roc_momentum,0,0,0,0,,,,
SHIBUSDT,5m,heikin_ashi_ema,0,0,0,0,,,,
SHIBUSDT,15m,rsi_50_cross,0,0,0,0,,,,
SHIBUSDT,15m,williams_r,0,0,0,0,,,,
SHIBUSDT,5m,obv_slope,0,0,0,0,,,,
SHIBUSDT,15m,sma_crossover,0,0,0,0,,,,
SHIBUSDT,15m,cci_breakout,0,0,0,0,,,,
SHIBUSDT,15m,donchian_breakout,0,0,0,0,,,,
SHIBUSDT,15m,super_trend,0,0,0,0,,,,
SHIBUSDT,15m,obv_slope,0,0,0,0,,,,
SHIBUSDT,15m,roc_momentum,0,0,0,0,,,,
SHIBUSDT,15m,keltner_breakout,0,0,0,0,,,,
SHIBUSDT,15m,heikin_ashi_ema,0,0,0,0,,,,
SHIBUSDT,30m,rsi_50_cross,0,0,0,0,,,,
SHIBUSDT,30m,williams_r,0,0,0,0,,,,
SHIBUSDT,30m,sma_crossover,0,0,0,0,,,,
SHIBUSDT,30m,cci_breakout,0,0,0,0,,,,
SHIBUSDT,30m,donchian_breakout,0,0,0,0,,,,
SHIBUSDT,30m,super_trend,0,0,0,0,,,,
SHIBUSDT,30m,keltner_breakout,0,0,0,0,,,,
SHIBUSDT,30m,heikin_ashi_ema,0,0,0,0,,,,
SHIBUSDT,30m,obv_slope,0,0,0,0,,,,
SHIBUSDT,30m,roc_momentum,0,0,0,0,,,,
SHIBUSDT,1h,sma_crossover,0,0,0,0,,,,
SHIBUSDT,1h,rsi_50_cross,0,0,0,0,,,,
SHIBUSDT,1h,cci_breakout,0,0,0,0,,,,
SHIBUSDT,1h,williams_r,0,0,0,0,,,,
SHIBUSDT,1h,donchian_breakout,0,0,0,0,,,,
SHIBUSDT,1h,super_trend,0,0,0,0,,,,
SHIBUSDT,1h,keltner_breakout,0,0,0,0,,,,
SHIBUSDT,1h,heikin_ashi_ema,0,0,0,0,,,,
SHIBUSDT,1h,obv_slope,0,0,0,0,,,,
SHIBUSDT,1h,roc_momentum,0,0,0,0,,,,
SHIBUSDT,4h,sma_crossover,0,0,0,0,,,,
SHIBUSDT,4h,rsi_50_cross,0,0,0,0,,,,
SHIBUSDT,4h,cci_breakout,0,0,0,0,,,,
SHIBUSDT,4h,williams_r,0,0,0,0,,,,
SHIBUSDT,4h,donchian_breakout,0,0,0,0,,,,
SHIBUSDT,4h,super_trend,0,0,0,0,,,,
SHIBUSDT,4h,obv_slope,0,0,0,0,,,,
SHIBUSDT,4h,keltner_breakout,0,0,0,0,,,,
SHIBUSDT,4h,heikin_ashi_ema,0,0,0,0,,,,
SHIBUSDT,1d,rsi_50_cross,0,0,0,0,,,,
SHIBUSDT,1d,williams_r,0,0,0,0,,,,
SHIBUSDT,4h,roc_momentum,0,0,0,0,,,,
SHIBUSDT,1d,sma_crossover,0,0,0,0,,,,
SHIBUSDT,1d,donchian_breakout,0,0,0,0,,,,
SHIBUSDT,1d,super_trend,0,0,0,0,,,,
SHIBUSDT,1d,cci_breakout,0,0,0,0,,,,
SHIBUSDT,1d,keltner_breakout,0,0,0,0,,,,
SHIBUSDT,1d,heikin_ashi_ema,0,0,0,0,,,,
SHIBUSDT,1d,obv_slope,0,0,0,0,,,,
SHIBUSDT,1d,roc_momentum,0,0,0,0,,,,
SLPUSDT,5m,rsi_50_cross,0,0,0,0,,,,
SLPUSDT,5m,williams_r,0,0,0,0,,,,
SLPUSDT,5m,donchian_breakout,0,0,0,0,,,,
SLPUSDT,5m,sma_crossover,0,0,0,0,,,,
SLPUSDT,5m,super_trend,0,0,0,0,,,,
SLPUSDT,5m,cci_breakout,0,0,0,0,,,,
SLPUSDT,5m,roc_momentum,0,0,0,0,,,,
SLPUSDT,5m,keltner_breakout,0,0,0,0,,,,
SLPUSDT,5m,heikin_ashi_ema,0,0,0,0,,,,
SLPUSDT,15m,rsi_50_cross,0,0,0,0,,,,
SLPUSDT,15m,sma_crossover,0,0,0,0,,,,
SLPUSDT,5m,obv_slope,0,0,0,0,,,,
SLPUSDT,15m,williams_r,0,0,0,0,,,,
SLPUSDT,15m,donchian_breakout,0,0,0,0,,,,
SLPUSDT,15m,super_trend,0,0,0,0,,,,
SLPUSDT,15m,cci_breakout,0,0,0,0,,,,
SLPUSDT,15m,roc_momentum,0,0,0,0,,,,
SLPUSDT,15m,keltner_breakout,0,0,0,0,,,,
SLPUSDT,15m,heikin_ashi_ema,0,0,0,0,,,,
SLPUSDT,30m,sma_crossover,0,0,0,0,,,,
SLPUSDT,15m,obv_slope,0,0,0,0,,,,
SLPUSDT,30m,rsi_50_cross,0,0,0,0,,,,
SLPUSDT,30m,cci_breakout,0,0,0,0,,,,
SLPUSDT,30m,williams_r,0,0,0,0,,,,
SLPUSDT,30m,donchian_breakout,0,0,0,0,,,,
SLPUSDT,30m,super_trend,0,0,0,0,,,,
SLPUSDT,30m,keltner_breakout,0,0,0,0,,,,
SLPUSDT,30m,heikin_ashi_ema,0,0,0,0,,,,
SLPUSDT,30m,obv_slope,0,0,0,0,,,,
SLPUSDT,30m,roc_momentum,0,0,0,0,,,,
SLPUSDT,1h,sma_crossover,0,0,0,0,,,,
SLPUSDT,1h,rsi_50_cross,0,0,0,0,,,,
SLPUSDT,1h,cci_breakout,0,0,0,0,,,,
SLPUSDT,1h,williams_r,0,0,0,0,,,,
SLPUSDT,1h,donchian_breakout,0,0,0,0,,,,
SLPUSDT,1h,super_trend,0,0,0,0,,,,
SLPUSDT,1h,keltner_breakout,0,0,0,0,,,,
SLPUSDT,1h,heikin_ashi_ema,0,0,0,0,,,,
SLPUSDT,1h,obv_slope,0,0,0,0,,,,
SLPUSDT,1h,roc_momentum,0,0,0,0,,,,
SLPUSDT,4h,sma_crossover,0,0,0,0,,,,
SLPUSDT,4h,rsi_50_cross,0,0,0,0,,,,
SLPUSDT,4h,williams_r,0,0,0,0,,,,
SLPUSDT,4h,donchian_breakout,0,0,0,0,,,,
SLPUSDT,4h,super_trend,0,0,0,0,,,,
SLPUSDT,4h,cci_breakout,4,3,0,1,1.4375,0.935,11.2825,6.5
SLPUSDT,4h,keltner_breakout,0,0,0,0,,,,
SLPUSDT,4h,heikin_ashi_ema,0,0,0,0,,,,
SLPUSDT,1d,rsi_50_cross,0,0,0,0,,,,
SLPUSDT,4h,obv_slope,0,0,0,0,,,,
SLPUSDT,4h,roc_momentum,0,0,0,0,,,,
SLPUSDT,1d,williams_r,0,0,0,0,,,,
SLPUSDT,1d,sma_crossover,0,0,0,0,,,,
SLPUSDT,1d,donchian_breakout,0,0,0,0,,,,
SLPUSDT,1d,super_trend,0,0,0,0,,,,
SLPUSDT,1d,cci_breakout,0,0,0,0,,,,
SLPUSDT,1d,obv_slope,0,0,0,0,,,,
SLPUSDT,1d,roc_momentum,0,0,0,0,,,,
SLPUSDT,1d,keltner_breakout,0,0,0,0,,,,
SLPUSDT,1d,heikin_ashi_ema,0,0,0,0,,,,
SOLUSDT,5m,rsi_50_cross,0,0,0,0,,,,
SOLUSDT,5m,williams_r,0,0,0,0,,,,
SOLUSDT,5m,donchian_breakout,0,0,0,0,,,,
SOLUSDT,5m,sma_crossover,0,0,0,0,,,,
SOLUSDT,5m,super_trend,0,0,0,0,,,,
SOLUSDT,5m,cci_breakout,0,0,0,0,,,,
SOLUSDT,5m,keltner_breakout,0,0,0,0,,,,
SOLUSDT,5m,roc_momentum,0,0,0,0,,,,
SOLUSDT,5m,heikin_ashi_ema,0,0,0,0,,,,
SOLUSDT,15m,rsi_50_cross,0,0,0,0,,,,
SOLUSDT,5m,obv_slope,0,0,0,0,,,,
SOLUSDT,15m,sma_crossover,0,0,0,0,,,,
SOLUSDT,15m,williams_r,0,0,0,0,,,,
SOLUSDT,15m,cci_breakout,0,0,0,0,,,,
SOLUSDT,15m,donchian_breakout,0,0,0,0,,,,
SOLUSDT,15m,super_trend,0,0,0,0,,,,
SOLUSDT,15m,keltner_breakout,0,0,0,0,,,,
SOLUSDT,15m,roc_momentum,0,0,0,0,,,,
SOLUSDT,15m,heikin_ashi_ema,0,0,0,0,,,,
SOLUSDT,15m,obv_slope,0,0,0,0,,,,
SOLUSDT,30m,rsi_50_cross,0,0,0,0,,,,
SOLUSDT,30m,cci_breakout,0,0,0,0,,,,
SOLUSDT,30m,sma_crossover,0,0,0,0,,,,
SOLUSDT,30m,williams_r,0,0,0,0,,,,
SOLUSDT,30m,donchian_breakout,0,0,0,0,,,,
SOLUSDT,30m,super_trend,0,0,0,0,,,,
SOLUSDT,30m,heikin_ashi_ema,0,0,0,0,,,,
SOLUSDT,30m,keltner_breakout,0,0,0,0,,,,
SOLUSDT,30m,obv_slope,0,0,0,0,,,,
SOLUSDT,30m,roc_momentum,0,0,0,0,,,,
SOLUSDT,1h,sma_crossover,0,0,0,0,,,,
SOLUSDT,1h,rsi_50_cross,0,0,0,0,,,,
SOLUSDT,1h,cci_breakout,0,0,0,0,,,,
SOLUSDT,1h,williams_r,0,0,0,0,,,,
SOLUSDT,1h,donchian_breakout,0,0,0,0,,,,
SOLUSDT,1h,super_trend,0,0,0,0,,,,
SOLUSDT,1h,keltner_breakout,0,0,0,0,,,,
SOLUSDT,1h,heikin_ashi_ema,0,0,0,0,,,,
SOLUSDT,1h,obv_slope,0,0,0,0,,,,
SOLUSDT,1h,roc_momentum,0,0,0,0,,,,
SOLUSDT,4h,sma_crossover,0,0,0,0,,,,
SOLUSDT,4h,rsi_50_cross,1,1,0,0,1.34,0.0,45.5,1.0
SOLUSDT,4h,cci_breakout,2,2,0,0,1.715,0.41,14.58,12.0
SOLUSDT,4h,williams_r,1,0,1,0,1.3,1.05,16.56,14.0
SOLUSDT,4h,donchian_breakout,0,0,0,0,,,,
SOLUSDT,4h,super_trend,0,0,0,0,,,,
SOLUSDT,4h,keltner_breakout,1,1,0,0,1.31,0.19,15.0,8.0
SOLUSDT,4h,heikin_ashi_ema,0,0,0,0,,,,
SOLUSDT,4h,obv_slope,1,1,0,0,1.63,0.75,13.44,6.0
SOLUSDT,4h,roc_momentum,1,1,0,0,1.3,0.45,18.44,11.0
SOLUSDT,1d,rsi_50_cross,0,0,0,0,,,,
SOLUSDT,1d,sma_crossover,0,0,0,0,,,,
SOLUSDT,1d,williams_r,0,0,0,0,,,,
SOLUSDT,1d,donchian_breakout,0,0,0,0,,,,
SOLUSDT,1d,super_trend,0,0,0,0,,,,
SOLUSDT,1d,cci_breakout,0,0,0,0,,,,
SOLUSDT,1d,heikin_ashi_ema,0,0,0,0,,,,
SOLUSDT,1d,obv_slope,0,0,0,0,,,,
SOLUSDT,1d,roc_momentum,0,0,0,0,,,,
SOLUSDT,1d,keltner_breakout,0,0,0,0,,,,
SUIUSDT,5m,rsi_50_cross,0,0,0,0,,,,
SUIUSDT,5m,williams_r,0,0,0,0,,,,
SUIUSDT,5m,donchian_breakout,0,0,0,0,,,,
SUIUSDT,5m,sma_crossover,0,0,0,0,,,,
SUIUSDT,5m,super_trend,0,0,0,0,,,,
SUIUSDT,5m,cci_breakout,0,0,0,0,,,,
SUIUSDT,5m,keltner_breakout,0,0,0,0,,,,
SUIUSDT,5m,roc_momentum,0,0,0,0,,,,
SUIUSDT,5m,heikin_ashi_ema,0,0,0,0,,,,
SUIUSDT,15m,rsi_50_cross,0,0,0,0,,,,
SUIUSDT,5m,obv_slope,0,0,0,0,,,,
SUIUSDT,15m,sma_crossover,0,0,0,0,,,,
SUIUSDT,15m,williams_r,0,0,0,0,,,,
SUIUSDT,15m,donchian_breakout,0,0,0,0,,,,
SUIUSDT,15m,cci_breakout,0,0,0,0,,,,
SUIUSDT,15m,super_trend,0,0,0,0,,,,
SUIUSDT,15m,keltner_breakout,0,0,0,0,,,,
SUIUSDT,15m,heikin_ashi_ema,0,0,0,0,,,,
SUIUSDT,15m,roc_momentum,0,0,0,0,,,,
SUIUSDT,15m,obv_slope,0,0,0,0,,,,
SUIUSDT,30m,sma_crossover,0,0,0,0,,,,
SUIUSDT,30m,rsi_50_cross,0,0,0,0,,,,
SUIUSDT,30m,cci_breakout,0,0,0,0,,,,
SUIUSDT,30m,williams_r,0,0,0,0,,,,
SUIUSDT,30m,donchian_breakout,0,0,0,0,,,,
SUIUSDT,30m,super_trend,0,0,0,0,,,,
SUIUSDT,30m,keltner_breakout,0,0,0,0,,,,
SUIUSDT,30m,heikin_ashi_ema,0,0,0,0,,,,
SUIUSDT,30m,obv_slope,0,0,0,0,,,,
SUIUSDT,30m,roc_momentum,0,0,0,0,,,,
SUIUSDT,1h,sma_crossover,0,0,0,0,,,,
SUIUSDT,1h,rsi_50_cross,0,0,0,0,,,,
SUIUSDT,1h,cci_breakout,0,0,0,0,,,,
SUIUSDT,1h,williams_r,0,0,0,0,,,,
SUIUSDT,1h,donchian_breakout,0,0,0,0,,,,
SUIUSDT,1h,super_trend,0,0,0,0,,,,
SUIUSDT,1h,keltner_breakout,0,0,0,0,,,,
SUIUSDT,1h,heikin_ashi_ema,0,0,0,0,,,,
SUIUSDT,1h,obv_slope,0,0,0,0,,,,
SUIUSDT,1h,roc_momentum,0,0,0,0,,,,
SUIUSDT,4h,sma_crossover,0,0,0,0,,,,
SUIUSDT,4h,williams_r,0,0,0,0,,,,
SUIUSDT,4h,donchian_breakout,0,0,0,0,,,,
SUIUSDT,4h,rsi_50_cross,1,0,0,1,1.7,4.45,9.11,9.0
SUIUSDT,4h,cci_breakout,3,1,0,2,1.5,1.7033,13.8533,12.0
SUIUSDT,4h,super_trend,0,0,0,0,,,,
SUIUSDT,4h,keltner_breakout,0,0,0,0,,,,
SUIUSDT,4h,heikin_ashi_ema,0,0,0,0,,,,
SUIUSDT,1d,rsi_50_cross,0,0,0,0,,,,
SUIUSDT,4h,obv_slope,0,0,0,0,,,,
SUIUSDT,1d,sma_crossover,0,0,0,0,,,,
SUIUSDT,1d,williams_r,0,0,0,0,,,,
SUIUSDT,1d,donchian_breakout,0,0,0,0,,,,
SUIUSDT,1d,super_trend,0,0,0,0,,,,
SUIUSDT,1d,cci_breakout,0,0,0,0,,,,
SUIUSDT,1d,heikin_ashi_ema,0,0,0,0,,,,
SUIUSDT,1d,obv_slope,0,0,0,0,,,,
SUIUSDT,4h,roc_momentum,1,0,0,1,2.11,2.27,8.39,9.0
SUIUSDT,1d,roc_momentum,0,0,0,0,,,,
SUIUSDT,1d,keltner_breakout,0,0,0,0,,,,
TAOUSDT,5m,rsi_50_cross,0,0,0,0,,,,
TAOUSDT,5m,williams_r,0,0,0,0,,,,
TAOUSDT,5m,donchian_breakout,0,0,0,0,,,,
TAOUSDT,5m,super_trend,0,0,0,0,,,,
TAOUSDT,5m,sma_crossover,0,0,0,0,,,,
TAOUSDT,5m,cci_breakout,0,0,0,0,,,,
TAOUSDT,5m,roc_momentum,0,0,0,0,,,,
TAOUSDT,5m,keltner_breakout,0,0,0,0,,,,
TAOUSDT,5m,heikin_ashi_ema,0,0,0,0,,,,
TAOUSDT,15m,rsi_50_cross,0,0,0,0,,,,
TAOUSDT,15m,sma_crossover,0,0,0,0,,,,
TAOUSDT,5m,obv_slope,0,0,0,0,,,,
TAOUSDT,15m,williams_r,0,0,0,0,,,,
TAOUSDT,15m,cci_breakout,0,0,0,0,,,,
TAOUSDT,15m,donchian_breakout,0,0,0,0,,,,
TAOUSDT,15m,super_trend,0,0,0,0,,,,
TAOUSDT,15m,roc_momentum,0,0,0,0,,,,
TAOUSDT,15m,obv_slope,0,0,0,0,,,,
TAOUSDT,15m,keltner_breakout,0,0,0,0,,,,
TAOUSDT,15m,heikin_ashi_ema,0,0,0,0,,,,
TAOUSDT,30m,sma_crossover,0,0,0,0,,,,
TAOUSDT,30m,rsi_50_cross,0,0,0,0,,,,
TAOUSDT,30m,cci_breakout,0,0,0,0,,,,
TAOUSDT,30m,williams_r,0,0,0,0,,,,
TAOUSDT,30m,donchian_breakout,0,0,0,0,,,,
TAOUSDT,30m,super_trend,0,0,0,0,,,,
TAOUSDT,30m,heikin_ashi_ema,0,0,0,0,,,,
TAOUSDT,30m,keltner_breakout,0,0,0,0,,,,
TAOUSDT,30m,obv_slope,0,0,0,0,,,,
TAOUSDT,30m,roc_momentum,0,0,0,0,,,,
TAOUSDT,1h,sma_crossover,0,0,0,0,,,,
TAOUSDT,1h,rsi_50_cross,0,0,0,0,,,,
TAOUSDT,1h,cci_breakout,0,0,0,0,,,,
TAOUSDT,1h,williams_r,0,0,0,0,,,,
TAOUSDT,1h,donchian_breakout,0,0,0,0,,,,
TAOUSDT,1h,super_trend,0,0,0,0,,,,
TAOUSDT,1h,keltner_breakout,0,0,0,0,,,,
TAOUSDT,1h,heikin_ashi_ema,0,0,0,0,,,,
TAOUSDT,1h,obv_slope,0,0,0,0,,,,
TAOUSDT,1h,roc_momentum,0,0,0,0,,,,
TAOUSDT,4h,sma_crossover,0,0,0,0,,,,
TAOUSDT,4h,rsi_50_cross,1,1,0,0,1.3,0.3,26.09,11.0
TAOUSDT,4h,cci_breakout,3,3,0,0,1.4667,0.3867,29.9967,15.0
TAOUSDT,4h,williams_r,0,0,0,0,,,,
TAOUSDT,4h,donchian_breakout,1,1,0,0,1.34,0.0,41.46,1.0
TAOUSDT,4h,super_trend,0,0,0,0,,,,
TAOUSDT,4h,keltner_breakout,0,0,0,0,,,,
TAOUSDT,1d,sma_crossover,0,0,0,0,,,,
TAOUSDT,4h,heikin_ashi_ema,0,0,0,0,,,,
TAOUSDT,4h,obv_slope,0,0,0,0,,,,
TAOUSDT,1d,rsi_50_cross,0,0,0,0,,,,
TAOUSDT,4h,roc_momentum,0,0,0,0,,,,
TAOUSDT,1d,williams_r,0,0,0,0,,,,
TAOUSDT,1d,donchian_breakout,0,0,0,0,,,,
TAOUSDT,1d,super_trend,0,0,0,0,,,,
TAOUSDT,1d,keltner_breakout,0,0,0,0,,,,
TAOUSDT,1d,cci_breakout,0,0,0,0,,,,
TAOUSDT,1d,roc_momentum,0,0,0,0,,,,
TAOUSDT,1d,heikin_ashi_ema,0,0,0,0,,,,
TAOUSDT,1d,obv_slope,0,0,0,0,,,,
THETAUSDT,5m,rsi_50_cross,0,0,0,0,,,,
THETAUSDT,5m,williams_r,0,0,0,0,,,,
THETAUSDT,5m,donchian_breakout,0,0,0,0,,,,
THETAUSDT,5m,sma_crossover,0,0,0,0,,,,
THETAUSDT,5m,super_trend,0,0,0,0,,,,
THETAUSDT,5m,cci_breakout,0,0,0,0,,,,
THETAUSDT,5m,roc_momentum,0,0,0,0,,,,
THETAUSDT,5m,keltner_breakout,0,0,0,0,,,,
THETAUSDT,5m,heikin_ashi_ema,0,0,0,0,,,,
THETAUSDT,15m,rsi_50_cross,0,0,0,0,,,,
THETAUSDT,5m,obv_slope,0,0,0,0,,,,
THETAUSDT,15m,sma_crossover,0,0,0,0,,,,
THETAUSDT,15m,williams_r,0,0,0,0,,,,
THETAUSDT,15m,cci_breakout,0,0,0,0,,,,
THETAUSDT,15m,donchian_breakout,0,0,0,0,,,,
THETAUSDT,15m,super_trend,0,0,0,0,,,,
THETAUSDT,15m,keltner_breakout,0,0,0,0,,,,
THETAUSDT,15m,heikin_ashi_ema,0,0,0,0,,,,
THETAUSDT,15m,roc_momentum,0,0,0,0,,,,
THETAUSDT,15m,obv_slope,0,0,0,0,,,,
THETAUSDT,30m,sma_crossover,0,0,0,0,,,,
THETAUSDT,30m,rsi_50_cross,0,0,0,0,,,,
THETAUSDT,30m,cci_breakout,0,0,0,0,,,,
THETAUSDT,30m,williams_r,0,0,0,0,,,,
THETAUSDT,30m,donchian_breakout,0,0,0,0,,,,
THETAUSDT,30m,super_trend,0,0,0,0,,,,
THETAUSDT,30m,keltner_breakout,0,0,0,0,,,,
THETAUSDT,30m,heikin_ashi_ema,0,0,0,0,,,,
THETAUSDT,30m,obv_slope,0,0,0,0,,,,
THETAUSDT,30m,roc_momentum,0,0,0,0,,,,
THETAUSDT,1h,rsi_50_cross,0,0,0,0,,,,
THETAUSDT,1h,cci_breakout,0,0,0,0,,,,
THETAUSDT,1h,williams_r,0,0,0,0,,,,
THETAUSDT,1h,sma_crossover,1,0,0,1,1.34,1.79,10.41,13.0
THETAUSDT,1h,donchian_breakout,0,0,0,0,,,,
THETAUSDT,1h,super_trend,0,0,0,0,,,,
THETAUSDT,1h,keltner_breakout,0,0,0,0,,,,
THETAUSDT,1h,heikin_ashi_ema,0,0,0,0,,,,
THETAUSDT,1h,obv_slope,0,0,0,0,,,,
THETAUSDT,1h,roc_momentum,0,0,0,0,,,,
THETAUSDT,4h,sma_crossover,0,0,0,0,,,,
THETAUSDT,4h,rsi_50_cross,0,0,0,0,,,,
THETAUSDT,4h,williams_r,0,0,0,0,,,,
THETAUSDT,4h,donchian_breakout,0,0,0,0,,,,
THETAUSDT,4h,super_trend,0,0,0,0,,,,
THETAUSDT,4h,cci_breakout,2,0,1,1,3.02,2.48,5.935,7.5
THETAUSDT,4h,keltner_breakout,0,0,0,0,,,,
THETAUSDT,4h,heikin_ashi_ema,0,0,0,0,,,,
THETAUSDT,1d,rsi_50_cross,0,0,0,0,,,,
THETAUSDT,4h,roc_momentum,0,0,0,0,,,,
THETAUSDT,1d,williams_r,0,0,0,0,,,,
THETAUSDT,1d,sma_crossover,0,0,0,0,,,,
THETAUSDT,1d,donchian_breakout,0,0,0,0,,,,
THETAUSDT,4h,obv_slope,1,0,0,1,1.87,2.82,8.97,9.0
THETAUSDT,1d,super_trend,0,0,0,0,,,,
THETAUSDT,1d,cci_breakout,0,0,0,0,,,,
THETAUSDT,1d,roc_momentum,0,0,0,0,,,,
THETAUSDT,1d,keltner_breakout,0,0,0,0,,,,
THETAUSDT,1d,heikin_ashi_ema,0,0,0,0,,,,
THETAUSDT,1d,obv_slope,0,0,0,0,,,,
TIAUSDT,5m,rsi_50_cross,0,0,0,0,,,,
TIAUSDT,5m,williams_r,0,0,0,0,,,,
TIAUSDT,5m,sma_crossover,0,0,0,0,,,,
TIAUSDT,5m,donchian_breakout,0,0,0,0,,,,
TIAUSDT,5m,super_trend,0,0,0,0,,,,
TIAUSDT,5m,cci_breakout,0,0,0,0,,,,
TIAUSDT,5m,roc_momentum,0,0,0,0,,,,
TIAUSDT,5m,keltner_breakout,0,0,0,0,,,,
TIAUSDT,5m,heikin_ashi_ema,0,0,0,0,,,,
TIAUSDT,15m,rsi_50_cross,0,0,0,0,,,,
TIAUSDT,15m,sma_crossover,0,0,0,0,,,,
TIAUSDT,5m,obv_slope,0,0,0,0,,,,
TIAUSDT,15m,williams_r,0,0,0,0,,,,
TIAUSDT,15m,donchian_breakout,0,0,0,0,,,,
TIAUSDT,15m,cci_breakout,0,0,0,0,,,,
TIAUSDT,15m,super_trend,0,0,0,0,,,,
TIAUSDT,15m,roc_momentum,0,0,0,0,,,,
TIAUSDT,15m,keltner_breakout,0,0,0,0,,,,
TIAUSDT,15m,obv_slope,0,0,0,0,,,,
TIAUSDT,15m,heikin_ashi_ema,0,0,0,0,,,,
TIAUSDT,30m,sma_crossover,0,0,0,0,,,,
TIAUSDT,30m,rsi_50_cross,0,0,0,0,,,,
TIAUSDT,30m,cci_breakout,0,0,0,0,,,,
TIAUSDT,30m,williams_r,0,0,0,0,,,,
TIAUSDT,30m,donchian_breakout,0,0,0,0,,,,
TIAUSDT,30m,super_trend,0,0,0,0,,,,
TIAUSDT,30m,keltner_breakout,0,0,0,0,,,,
TIAUSDT,30m,heikin_ashi_ema,0,0,0,0,,,,
TIAUSDT,30m,obv_slope,0,0,0,0,,,,
TIAUSDT,30m,roc_momentum,0,0,0,0,,,,
TIAUSDT,1h,sma_crossover,0,0,0,0,,,,
TIAUSDT,1h,rsi_50_cross,0,0,0,0,,,,
TIAUSDT,1h,cci_breakout,0,0,0,0,,,,
TIAUSDT,1h,williams_r,0,0,0,0,,,,
TIAUSDT,1h,donchian_breakout,0,0,0,0,,,,
TIAUSDT,1h,super_trend,0,0,0,0,,,,
TIAUSDT,1h,keltner_breakout,0,0,0,0,,,,
TIAUSDT,1h,heikin_ashi_ema,0,0,0,0,,,,
TIAUSDT,1h,obv_slope,0,0,0,0,,,,
TIAUSDT,1h,roc_momentum,0,0,0,0,,,,
TIAUSDT,4h,sma_crossover,0,0,0,0,,,,
TIAUSDT,4h,rsi_50_cross,0,0,0,0,,,,
TIAUSDT,4h,cci_breakout,0,0,0,0,,,,
TIAUSDT,4h,williams_r,1,1,0,0,1.21,0.59,22.06,14.0
TIAUSDT,4h,donchian_breakout,0,0,0,0,,,,
TIAUSDT,4h,super_trend,0,0,0,0,,,,
TIAUSDT,4h,keltner_breakout,0,0,0,0,,,,
TIAUSDT,4h,heikin_ashi_ema,0,0,0,0,,,,
TIAUSDT,4h,obv_slope,0,0,0,0,,,,
TIAUSDT,1d,rsi_50_cross,0,0,0,0,,,,
TIAUSDT,4h,roc_momentum,0,0,0,0,,,,
TIAUSDT,1d,williams_r,0,0,0,0,,,,
TIAUSDT,1d,sma_crossover,0,0,0,0,,,,
TIAUSDT,1d,donchian_breakout,0,0,0,0,,,,
TIAUSDT,1d,super_trend,0,0,0,0,,,,
TIAUSDT,1d,keltner_breakout,0,0,0,0,,,,
TIAUSDT,1d,cci_breakout,0,0,0,0,,,,
TIAUSDT,1d,heikin_ashi_ema,0,0,0,0,,,,
TIAUSDT,1d,roc_momentum,0,0,0,0,,,,
TIAUSDT,1d,obv_slope,0,0,0,0,,,,
UNIUSDT,5m,rsi_50_cross,0,0,0,0,,,,
UNIUSDT,5m,williams_r,0,0,0,0,,,,
UNIUSDT,5m,donchian_breakout,0,0,0,0,,,,
UNIUSDT,5m,sma_crossover,0,0,0,0,,,,
UNIUSDT,5m,super_trend,0,0,0,0,,,,
UNIUSDT,5m,cci_breakout,0,0,0,0,,,,
UNIUSDT,5m,keltner_breakout,0,0,0,0,,,,
UNIUSDT,5m,roc_momentum,0,0,0,0,,,,
UNIUSDT,5m,heikin_ashi_ema,0,0,0,0,,,,
UNIUSDT,15m,rsi_50_cross,0,0,0,0,,,,
UNIUSDT,15m,sma_crossover,0,0,0,0,,,,
UNIUSDT,15m,williams_r,0,0,0,0,,,,
UNIUSDT,5m,obv_slope,0,0,0,0,,,,
UNIUSDT,15m,cci_breakout,0,0,0,0,,,,
UNIUSDT,15m,donchian_breakout,0,0,0,0,,,,
UNIUSDT,15m,super_trend,0,0,0,0,,,,
UNIUSDT,15m,obv_slope,0,0,0,0,,,,
UNIUSDT,15m,keltner_breakout,0,0,0,0,,,,
UNIUSDT,15m,heikin_ashi_ema,0,0,0,0,,,,
UNIUSDT,15m,roc_momentum,0,0,0,0,,,,
UNIUSDT,30m,rsi_50_cross,0,0,0,0,,,,
UNIUSDT,30m,cci_breakout,0,0,0,0,,,,
UNIUSDT,30m,williams_r,0,0,0,0,,,,
UNIUSDT,30m,sma_crossover,0,0,0,0,,,,
UNIUSDT,30m,donchian_breakout,0,0,0,0,,,,
UNIUSDT,30m,super_trend,0,0,0,0,,,,
UNIUSDT,30m,keltner_breakout,0,0,0,0,,,,
UNIUSDT,30m,heikin_ashi_ema,0,0,0,0,,,,
UNIUSDT,30m,obv_slope,0,0,0,0,,,,
UNIUSDT,30m,roc_momentum,0,0,0,0,,,,
UNIUSDT,1h,sma_crossover,0,0,0,0,,,,
UNIUSDT,1h,rsi_50_cross,0,0,0,0,,,,
UNIUSDT,1h,cci_breakout,0,0,0,0,,,,
UNIUSDT,1h,williams_r,0,0,0,0,,,,
UNIUSDT,1h,donchian_breakout,0,0,0,0,,,,
UNIUSDT,1h,super_trend,0,0,0,0,,,,
UNIUSDT,1h,keltner_breakout,0,0,0,0,,,,
UNIUSDT,1h,heikin_ashi_ema,0,0,0,0,,,,
UNIUSDT,1h,obv_slope,0,0,0,0,,,,
UNIUSDT,1h,roc_momentum,0,0,0,0,,,,
UNIUSDT,4h,sma_crossover,0,0,0,0,,,,
UNIUSDT,4h,rsi_50_cross,0,0,0,0,,,,
UNIUSDT,4h,cci_breakout,0,0,0,0,,,,
UNIUSDT,4h,williams_r,0,0,0,0,,,,
UNIUSDT,4h,donchian_breakout,0,0,0,0,,,,
UNIUSDT,4h,super_trend,0,0,0,0,,,,
UNIUSDT,4h,keltner_breakout,0,0,0,0,,,,
UNIUSDT,4h,heikin_ashi_ema,0,0,0,0,,,,
UNIUSDT,1d,rsi_50_cross,0,0,0,0,,,,
UNIUSDT,4h,obv_slope,0,0,0,0,,,,
UNIUSDT,4h,roc_momentum,0,0,0,0,,,,
UNIUSDT,1d,williams_r,0,0,0,0,,,,
UNIUSDT,1d,sma_crossover,0,0,0,0,,,,
UNIUSDT,1d,donchian_breakout,0,0,0,0,,,,
UNIUSDT,1d,super_trend,0,0,0,0,,,,
UNIUSDT,1d,cci_breakout,0,0,0,0,,,,
UNIUSDT,1d,roc_momentum,0,0,0,0,,,,
UNIUSDT,1d,keltner_breakout,0,0,0,0,,,,
UNIUSDT,1d,heikin_ashi_ema,0,0,0,0,,,,
UNIUSDT,1d,obv_slope,0,0,0,0,,,,
VETUSDT,5m,rsi_50_cross,0,0,0,0,,,,
VETUSDT,5m,williams_r,0,0,0,0,,,,
VETUSDT,5m,donchian_breakout,0,0,0,0,,,,
VETUSDT,5m,super_trend,0,0,0,0,,,,
VETUSDT,5m,sma_crossover,0,0,0,0,,,,
VETUSDT,5m,cci_breakout,0,0,0,0,,,,
VETUSDT,5m,roc_momentum,0,0,0,0,,,,
VETUSDT,5m,keltner_breakout,0,0,0,0,,,,
VETUSDT,15m,rsi_50_cross,0,0,0,0,,,,
VETUSDT,15m,sma_crossover,0,0,0,0,,,,
VETUSDT,5m,heikin_ashi_ema,0,0,0,0,,,,
VETUSDT,5m,obv_slope,0,0,0,0,,,,
VETUSDT,15m,williams_r,0,0,0,0,,,,
VETUSDT,15m,donchian_breakout,0,0,0,0,,,,
VETUSDT,15m,cci_breakout,0,0,0,0,,,,
VETUSDT,15m,super_trend,0,0,0,0,,,,
VETUSDT,15m,roc_momentum,0,0,0,0,,,,
VETUSDT,15m,keltner_breakout,0,0,0,0,,,,
VETUSDT,15m,obv_slope,0,0,0,0,,,,
VETUSDT,15m,heikin_ashi_ema,0,0,0,0,,,,
VETUSDT,30m,sma_crossover,0,0,0,0,,,,
VETUSDT,30m,rsi_50_cross,0,0,0,0,,,,
VETUSDT,30m,cci_breakout,0,0,0,0,,,,
VETUSDT,30m,williams_r,0,0,0,0,,,,
VETUSDT,30m,donchian_breakout,0,0,0,0,,,,
VETUSDT,30m,super_trend,0,0,0,0,,,,
VETUSDT,30m,keltner_breakout,0,0,0,0,,,,
VETUSDT,30m,heikin_ashi_ema,0,0,0,0,,,,
VETUSDT,30m,obv_slope,0,0,0,0,,,,
VETUSDT,30m,roc_momentum,0,0,0,0,,,,
VETUSDT,1h,sma_crossover,0,0,0,0,,,,
VETUSDT,1h,rsi_50_cross,0,0,0,0,,,,
VETUSDT,1h,cci_breakout,0,0,0,0,,,,
VETUSDT,1h,williams_r,0,0,0,0,,,,
VETUSDT,1h,donchian_breakout,0,0,0,0,,,,
VETUSDT,1h,super_trend,0,0,0,0,,,,
VETUSDT,1h,keltner_breakout,0,0,0,0,,,,
VETUSDT,1h,heikin_ashi_ema,0,0,0,0,,,,
VETUSDT,1h,obv_slope,0,0,0,0,,,,
VETUSDT,1h,roc_momentum,0,0,0,0,,,,
VETUSDT,4h,sma_crossover,0,0,0,0,,,,
VETUSDT,4h,rsi_50_cross,1,1,0,0,1.37,0.34,30.28,15.0
VETUSDT,4h,cci_breakout,1,1,0,0,1.41,0.28,18.03,11.0
VETUSDT,4h,williams_r,0,0,0,0,,,,
VETUSDT,4h,donchian_breakout,0,0,0,0,,,,
VETUSDT,4h,super_trend,0,0,0,0,,,,
VETUSDT,4h,keltner_breakout,0,0,0,0,,,,
VETUSDT,4h,heikin_ashi_ema,0,0,0,0,,,,
VETUSDT,1d,rsi_50_cross,0,0,0,0,,,,
VETUSDT,4h,roc_momentum,1,1,0,0,1.25,0.34,13.93,9.0
VETUSDT,1d,sma_crossover,0,0,0,0,,,,
VETUSDT,1d,williams_r,0,0,0,0,,,,
VETUSDT,1d,donchian_breakout,0,0,0,0,,,,
VETUSDT,1d,super_trend,0,0,0,0,,,,
VETUSDT,1d,cci_breakout,0,0,0,0,,,,
VETUSDT,4h,obv_slope,1,0,0,1,1.39,,10.82,1.0
VETUSDT,1d,heikin_ashi_ema,0,0,0,0,,,,
VETUSDT,1d,obv_slope,0,0,0,0,,,,
VETUSDT,1d,roc_momentum,0,0,0,0,,,,
VETUSDT,1d,keltner_breakout,0,0,0,0,,,,
WIFUSDT,5m,rsi_50_cross,0,0,0,0,,,,
WIFUSDT,5m,williams_r,0,0,0,0,,,,
WIFUSDT,5m,donchian_breakout,0,0,0,0,,,,
WIFUSDT,5m,sma_crossover,0,0,0,0,,,,
WIFUSDT,5m,super_trend,0,0,0,0,,,,
WIFUSDT,5m,cci_breakout,0,0,0,0,,,,
WIFUSDT,5m,roc_momentum,0,0,0,0,,,,
WIFUSDT,5m,keltner_breakout,0,0,0,0,,,,
WIFUSDT,5m,heikin_ashi_ema,0,0,0,0,,,,
WIFUSDT,15m,rsi_50_cross,0,0,0,0,,,,
WIFUSDT,15m,sma_crossover,0,0,0,0,,,,
WIFUSDT,5m,obv_slope,0,0,0,0,,,,
WIFUSDT,15m,williams_r,0,0,0,0,,,,
WIFUSDT,15m,donchian_breakout,0,0,0,0,,,,
WIFUSDT,15m,cci_breakout,0,0,0,0,,,,
WIFUSDT,15m,super_trend,0,0,0,0,,,,
WIFUSDT,15m,keltner_breakout,0,0,0,0,,,,
WIFUSDT,15m,heikin_ashi_ema,0,0,0,0,,,,
WIFUSDT,15m,roc_momentum,0,0,0,0,,,,
WIFUSDT,15m,obv_slope,0,0,0,0,,,,
WIFUSDT,30m,sma_crossover,0,0,0,0,,,,
WIFUSDT,30m,rsi_50_cross,0,0,0,0,,,,
WIFUSDT,30m,cci_breakout,0,0,0,0,,,,
WIFUSDT,30m,williams_r,0,0,0,0,,,,
WIFUSDT,30m,donchian_breakout,0,0,0,0,,,,
WIFUSDT,30m,super_trend,0,0,0,0,,,,
WIFUSDT,30m,keltner_breakout,0,0,0,0,,,,
WIFUSDT,30m,heikin_ashi_ema,0,0,0,0,,,,
WIFUSDT,30m,obv_slope,0,0,0,0,,,,
WIFUSDT,30m,roc_momentum,0,0,0,0,,,,
WIFUSDT,1h,sma_crossover,1,1,0,0,1.46,0.47,6.85,6.0
WIFUSDT,1h,rsi_50_cross,0,0,0,0,,,,
WIFUSDT,1h,cci_breakout,0,0,0,0,,,,
WIFUSDT,1h,williams_r,0,0,0,0,,,,
WIFUSDT,1h,donchian_breakout,0,0,0,0,,,,
WIFUSDT,1h,super_trend,0,0,0,0,,,,
WIFUSDT,1h,keltner_breakout,0,0,0,0,,,,
WIFUSDT,1h,heikin_ashi_ema,0,0,0,0,,,,
WIFUSDT,1h,obv_slope,0,0,0,0,,,,
WIFUSDT,1h,roc_momentum,0,0,0,0,,,,
WIFUSDT,4h,sma_crossover,0,0,0,0,,,,
WIFUSDT,4h,rsi_50_cross,1,1,0,0,1.24,0.0,53.11,1.0
WIFUSDT,4h,cci_breakout,0,0,0,0,,,,
WIFUSDT,4h,williams_r,0,0,0,0,,,,
WIFUSDT,4h,donchian_breakout,0,0,0,0,,,,
WIFUSDT,4h,super_trend,0,0,0,0,,,,
WIFUSDT,4h,keltner_breakout,0,0,0,0,,,,
WIFUSDT,4h,heikin_ashi_ema,0,0,0,0,,,,
WIFUSDT,4h,obv_slope,0,0,0,0,,,,
WIFUSDT,1d,rsi_50_cross,0,0,0,0,,,,
WIFUSDT,4h,roc_momentum,0,0,0,0,,,,
WIFUSDT,1d,sma_crossover,0,0,0,0,,,,
WIFUSDT,1d,williams_r,0,0,0,0,,,,
WIFUSDT,1d,donchian_breakout,0,0,0,0,,,,
WIFUSDT,1d,super_trend,0,0,0,0,,,,
WIFUSDT,1d,cci_breakout,0,0,0,0,,,,
WIFUSDT,1d,heikin_ashi_ema,0,0,0,0,,,,
WIFUSDT,1d,roc_momentum,0,0,0,0,,,,
WIFUSDT,1d,keltner_breakout,0,0,0,0,,,,
WIFUSDT,1d,obv_slope,0,0,0,0,,,,
WLDUSDT,5m,rsi_50_cross,0,0,0,0,,,,
WLDUSDT,5m,williams_r,0,0,0,0,,,,
WLDUSDT,5m,donchian_breakout,0,0,0,0,,,,
WLDUSDT,5m,sma_crossover,0,0,0,0,,,,
WLDUSDT,5m,super_trend,0,0,0,0,,,,
WLDUSDT,5m,cci_breakout,0,0,0,0,,,,
WLDUSDT,5m,keltner_breakout,0,0,0,0,,,,
WLDUSDT,5m,roc_momentum,0,0,0,0,,,,
WLDUSDT,5m,heikin_ashi_ema,0,0,0,0,,,,
WLDUSDT,15m,sma_crossover,0,0,0,0,,,,
WLDUSDT,15m,rsi_50_cross,0,0,0,0,,,,
WLDUSDT,5m,obv_slope,0,0,0,0,,,,
WLDUSDT,15m,williams_r,0,0,0,0,,,,
WLDUSDT,15m,donchian_breakout,0,0,0,0,,,,
WLDUSDT,15m,super_trend,0,0,0,0,,,,
WLDUSDT,15m,cci_breakout,0,0,0,0,,,,
WLDUSDT,15m,keltner_breakout,0,0,0,0,,,,
WLDUSDT,15m,obv_slope,0,0,0,0,,,,
WLDUSDT,15m,roc_momentum,0,0,0,0,,,,
WLDUSDT,15m,heikin_ashi_ema,0,0,0,0,,,,
WLDUSDT,30m,rsi_50_cross,0,0,0,0,,,,
WLDUSDT,30m,williams_r,0,0,0,0,,,,
WLDUSDT,30m,sma_crossover,1,1,0,0,1.21,0.86,13.5,28.0
WLDUSDT,30m,cci_breakout,0,0,0,0,,,,
WLDUSDT,30m,donchian_breakout,0,0,0,0,,,,
WLDUSDT,30m,super_trend,0,0,0,0,,,,
WLDUSDT,30m,keltner_breakout,0,0,0,0,,,,
WLDUSDT,30m,heikin_ashi_ema,0,0,0,0,,,,
WLDUSDT,30m,obv_slope,0,0,0,0,,,,
WLDUSDT,30m,roc_momentum,0,0,0,0,,,,
WLDUSDT,1h,sma_crossover,2,2,0,0,1.27,0.7,15.125,18.5
WLDUSDT,1h,rsi_50_cross,0,0,0,0,,,,
WLDUSDT,1h,cci_breakout,0,0,0,0,,,,
WLDUSDT,1h,williams_r,0,0,0,0,,,,
WLDUSDT,1h,donchian_breakout,0,0,0,0,,,,
WLDUSDT,1h,super_trend,0,0,0,0,,,,
WLDUSDT,1h,keltner_breakout,1,1,0,0,1.68,0.25,22.59,13.0
WLDUSDT,1h,heikin_ashi_ema,0,0,0,0,,,,
WLDUSDT,1h,obv_slope,0,0,0,0,,,,
WLDUSDT,1h,roc_momentum,0,0,0,0,,,,
WLDUSDT,4h,sma_crossover,0,0,0,0,,,,
WLDUSDT,4h,rsi_50_cross,0,0,0,0,,,,
WLDUSDT,4h,cci_breakout,5,4,1,0,2.304,0.466,27.776,9.0
WLDUSDT,4h,williams_r,0,0,0,0,,,,
WLDUSDT,4h,donchian_breakout,2,2,0,0,1.495,0.615,18.24,11.5
WLDUSDT,4h,super_trend,0,0,0,0,,,,
WLDUSDT,4h,heikin_ashi_ema,0,0,0,0,,,,
WLDUSDT,4h,obv_slope,1,1,0,0,1.54,0.45,22.37,8.0
WLDUSDT,4h,roc_momentum,0,0,0,0,,,,
WLDUSDT,1d,rsi_50_cross,0,0,0,0,,,,
WLDUSDT,4h,keltner_breakout,2,1,0,1,1.89,1.115,18.17,9.5
WLDUSDT,1d,williams_r,0,0,0,0,,,,
WLDUSDT,1d,sma_crossover,0,0,0,0,,,,
WLDUSDT,1d,donchian_breakout,0,0,0,0,,,,
WLDUSDT,1d,super_trend,0,0,0,0,,,,
WLDUSDT,1d,heikin_ashi_ema,0,0,0,0,,,,
WLDUSDT,1d,cci_breakout,0,0,0,0,,,,
WLDUSDT,1d,obv_slope,0,0,0,0,,,,
WLDUSDT,1d,roc_momentum,0,0,0,0,,,,
WLDUSDT,1d,keltner_breakout,0,0,0,0,,,,
XRPUSDT,5m,rsi_50_cross,0,0,0,0,,,,
XRPUSDT,5m,williams_r,0,0,0,0,,,,
XRPUSDT,5m,donchian_breakout,0,0,0,0,,,,
XRPUSDT,5m,super_trend,0,0,0,0,,,,
XRPUSDT,5m,sma_crossover,0,0,0,0,,,,
XRPUSDT,5m,cci_breakout,0,0,0,0,,,,
XRPUSDT,5m,keltner_breakout,0,0,0,0,,,,
XRPUSDT,5m,roc_momentum,0,0,0,0,,,,
XRPUSDT,5m,heikin_ashi_ema,0,0,0,0,,,,
XRPUSDT,15m,rsi_50_cross,0,0,0,0,,,,
XRPUSDT,5m,obv_slope,0,0,0,0,,,,
XRPUSDT,15m,sma_crossover,0,0,0,0,,,,
XRPUSDT,15m,williams_r,0,0,0,0,,,,
XRPUSDT,15m,donchian_breakout,0,0,0,0,,,,
XRPUSDT,15m,cci_breakout,0,0,0,0,,,,
XRPUSDT,15m,super_trend,0,0,0,0,,,,
XRPUSDT,15m,keltner_breakout,0,0,0,0,,,,
XRPUSDT,15m,heikin_ashi_ema,0,0,0,0,,,,
XRPUSDT,15m,roc_momentum,0,0,0,0,,,,
XRPUSDT,15m,obv_slope,0,0,0,0,,,,
XRPUSDT,30m,sma_crossover,0,0,0,0,,,,
XRPUSDT,30m,rsi_50_cross,0,0,0,0,,,,
XRPUSDT,30m,cci_breakout,0,0,0,0,,,,
XRPUSDT,30m,williams_r,0,0,0,0,,,,
XRPUSDT,30m,donchian_breakout,0,0,0,0,,,,
XRPUSDT,30m,super_trend,0,0,0,0,,,,
XRPUSDT,30m,keltner_breakout,0,0,0,0,,,,
XRPUSDT,30m,heikin_ashi_ema,0,0,0,0,,,,
XRPUSDT,30m,obv_slope,0,0,0,0,,,,
XRPUSDT,30m,roc_momentum,0,0,0,0,,,,
XRPUSDT,1h,sma_crossover,0,0,0,0,,,,
XRPUSDT,1h,rsi_50_cross,0,0,0,0,,,,
XRPUSDT,1h,cci_breakout,0,0,0,0,,,,
XRPUSDT,1h,williams_r,0,0,0,0,,,,
XRPUSDT,1h,donchian_breakout,0,0,0,0,,,,
XRPUSDT,1h,super_trend,0,0,0,0,,,,
XRPUSDT,1h,keltner_breakout,0,0,0,0,,,,
XRPUSDT,1h,heikin_ashi_ema,0,0,0,0,,,,
XRPUSDT,1h,obv_slope,0,0,0,0,,,,
XRPUSDT,1h,roc_momentum,0,0,0,0,,,,
XRPUSDT,4h,sma_crossover,0,0,0,0,,,,
XRPUSDT,4h,williams_r,0,0,0,0,,,,
XRPUSDT,4h,donchian_breakout,0,0,0,0,,,,
XRPUSDT,4h,rsi_50_cross,2,1,0,1,1.44,0.68,12.545,5.5
XRPUSDT,4h,cci_breakout,1,0,0,1,1.3,3.35,5.88,10.0
XRPUSDT,4h,super_trend,0,0,0,0,,,,
XRPUSDT,4h,keltner_breakout,1,1,0,0,1.22,0.87,7.62,8.0
XRPUSDT,4h,heikin_ashi_ema,0,0,0,0,,,,
XRPUSDT,4h,obv_slope,0,0,0,0,,,,
XRPUSDT,1d,rsi_50_cross,0,0,0,0,,,,
XRPUSDT,4h,roc_momentum,0,0,0,0,,,,
XRPUSDT,1d,sma_crossover,0,0,0,0,,,,
XRPUSDT,1d,williams_r,0,0,0,0,,,,
XRPUSDT,1d,donchian_breakout,0,0,0,0,,,,
XRPUSDT,1d,super_trend,0,0,0,0,,,,
XRPUSDT,1d,cci_breakout,0,0,0,0,,,,
XRPUSDT,1d,heikin_ashi_ema,0,0,0,0,,,,
XRPUSDT,1d,obv_slope,0,0,0,0,,,,
XRPUSDT,1d,roc_momentum,0,0,0,0,,,,
XRPUSDT,1d,keltner_breakout,0,0,0,0,,,,
XTZUSDT,5m,rsi_50_cross,0,0,0,0,,,,
XTZUSDT,5m,williams_r,0,0,0,0,,,,
XTZUSDT,5m,donchian_breakout,0,0,0,0,,,,
XTZUSDT,5m,sma_crossover,0,0,0,0,,,,
XTZUSDT,5m,super_trend,0,0,0,0,,,,
XTZUSDT,5m,cci_breakout,0,0,0,0,,,,
XTZUSDT,5m,roc_momentum,0,0,0,0,,,,
XTZUSDT,5m,keltner_breakout,0,0,0,0,,,,
XTZUSDT,5m,heikin_ashi_ema,0,0,0,0,,,,
XTZUSDT,15m,rsi_50_cross,0,0,0,0,,,,
XTZUSDT,15m,sma_crossover,0,0,0,0,,,,
XTZUSDT,5m,obv_slope,0,0,0,0,,,,
XTZUSDT,15m,williams_r,0,0,0,0,,,,
XTZUSDT,15m,cci_breakout,0,0,0,0,,,,
XTZUSDT,15m,donchian_breakout,0,0,0,0,,,,
XTZUSDT,15m,super_trend,0,0,0,0,,,,
XTZUSDT,15m,keltner_breakout,0,0,0,0,,,,
XTZUSDT,15m,roc_momentum,0,0,0,0,,,,
XTZUSDT,15m,obv_slope,0,0,0,0,,,,
XTZUSDT,15m,heikin_ashi_ema,0,0,0,0,,,,
XTZUSDT,30m,sma_crossover,1,1,0,0,1.21,0.25,12.93,13.0
XTZUSDT,30m,rsi_50_cross,0,0,0,0,,,,
XTZUSDT,30m,cci_breakout,0,0,0,0,,,,
XTZUSDT,30m,williams_r,0,0,0,0,,,,
XTZUSDT,30m,donchian_breakout,0,0,0,0,,,,
XTZUSDT,30m,super_trend,0,0,0,0,,,,
XTZUSDT,30m,keltner_breakout,0,0,0,0,,,,
XTZUSDT,30m,heikin_ashi_ema,0,0,0,0,,,,
XTZUSDT,30m,obv_slope,0,0,0,0,,,,
XTZUSDT,30m,roc_momentum,0,0,0,0,,,,
XTZUSDT,1h,sma_crossover,0,0,0,0,,,,
XTZUSDT,1h,rsi_50_cross,0,0,0,0,,,,
XTZUSDT,1h,cci_breakout,0,0,0,0,,,,
XTZUSDT,1h,williams_r,0,0,0,0,,,,
XTZUSDT,1h,donchian_breakout,0,0,0,0,,,,
XTZUSDT,1h,super_trend,0,0,0,0,,,,
XTZUSDT,1h,keltner_breakout,0,0,0,0,,,,
XTZUSDT,1h,heikin_ashi_ema,0,0,0,0,,,,
XTZUSDT,1h,obv_slope,0,0,0,0,,,,
XTZUSDT,1h,roc_momentum,0,0,0,0,,,,
XTZUSDT,4h,sma_crossover,1,1,0,0,1.67,0.82,7.64,5.0
XTZUSDT,4h,rsi_50_cross,0,0,0,0,,,,
XTZUSDT,4h,williams_r,0,0,0,0,,,,
XTZUSDT,4h,donchian_breakout,2,2,0,0,1.73,0.645,13.3,11.0
XTZUSDT,4h,super_trend,0,0,0,0,,,,
XTZUSDT,4h,heikin_ashi_ema,0,0,0,0,,,,
XTZUSDT,4h,cci_breakout,4,2,0,2,1.495,1.12,12.175,8.0
XTZUSDT,4h,keltner_breakout,2,1,0,1,1.64,1.365,15.335,10.5
XTZUSDT,4h,roc_momentum,0,0,0,0,,,,
XTZUSDT,1d,rsi_50_cross,0,0,0,0,,,,
XTZUSDT,4h,obv_slope,1,0,0,1,1.22,1.89,13.14,8.0
XTZUSDT,1d,sma_crossover,0,0,0,0,,,,
XTZUSDT,1d,williams_r,0,0,0,0,,,,
XTZUSDT,1d,donchian_breakout,0,0,0,0,,,,
XTZUSDT,1d,super_trend,0,0,0,0,,,,
XTZUSDT,1d,cci_breakout,0,0,0,0,,,,
XTZUSDT,1d,heikin_ashi_ema,0,0,0,0,,,,
XTZUSDT,1d,roc_momentum,0,0,0,0,,,,
XTZUSDT,1d,keltner_breakout,0,0,0,0,,,,
XTZUSDT,1d,obv_slope,0,0,0,0,,,,
